type=SYSCALL msg=audit(1778964422.884:59720): arch=c000003e syscall=257 success=yes exit=3 a0=ffffff9c a1=7fa6e058fbe1 a2=80000 a3=0 items=1 ppid=26440 pid=26441 auid=0 uid=1000 gid=1000 euid=1000 suid=1000 fsuid=1000 egid=1000 sgid=1000 fsgid=1000 tty=(none) ses=1645 comm="bash" exe="/usr/bin/bash" subj=unconfined key="passwd_access"ARCH=x86_64 SYSCALL=openat AUID="root" UID="svc_api" GID="svc_api" EUID="svc_api" SUID="svc_api" FSUID="svc_api" EGID="svc_api" SGID="svc_api" FSGID="svc_api"
type=CWD msg=audit(1778964422.884:59720): cwd="/home/svc_api"
type=PATH msg=audit(1778964422.884:59720): item=0 name="/etc/passwd" inode=134082 dev=08:01 mode=0100644 ouid=0 ogid=0 rdev=00:00 nametype=NORMAL cap_fp=0 cap_fi=0 cap_fe=0 cap_fver=0 cap_frootid=0OUID="root" OGID="root"
type=PROCTITLE msg=audit(1778964422.884:59720): proctitle=2D62617368002D63000A2020202020202020636174202F70726F632F6C6F6164617667203E202F6465762F6E756C6C0A2020202020202020707320617578202D2D6E6F2D68656164657273207C2067726570206E657861636F72702D617069203E202F6465762F6E756C6C20323E2631207C7C20747275650A20202020202020
type=SYSCALL msg=audit(1778964422.892:59721): arch=c000003e syscall=257 success=yes exit=4 a0=ffffff9c a1=7fa52d9fabe1 a2=80000 a3=0 items=1 ppid=26441 pid=26444 auid=0 uid=1000 gid=1000 euid=1000 suid=1000 fsuid=1000 egid=1000 sgid=1000 fsgid=1000 tty=(none) ses=1645 comm="ps" exe="/usr/bin/ps" subj=unconfined key="passwd_access"ARCH=x86_64 SYSCALL=openat AUID="root" UID="svc_api" GID="svc_api" EUID="svc_api" SUID="svc_api" FSUID="svc_api" EGID="svc_api" SGID="svc_api" FSGID="svc_api"
type=CWD msg=audit(1778964422.892:59721): cwd="/home/svc_api"
type=PATH msg=audit(1778964422.892:59721): item=0 name="/etc/passwd" inode=134082 dev=08:01 mode=0100644 ouid=0 ogid=0 rdev=00:00 nametype=NORMAL cap_fp=0 cap_fi=0 cap_fe=0 cap_fver=0 cap_frootid=0OUID="root" OGID="root"
type=PROCTITLE msg=audit(1778964422.892:59721): proctitle=707300617578002D2D6E6F2D68656164657273
type=SYSCALL msg=audit(1778964422.896:59722): arch=c000003e syscall=257 success=yes exit=4 a0=ffffff9c a1=7fa52d9fabe1 a2=80000 a3=0 items=1 ppid=26441 pid=26444 auid=0 uid=1000 gid=1000 euid=1000 suid=1000 fsuid=1000 egid=1000 sgid=1000 fsgid=1000 tty=(none) ses=1645 comm="ps" exe="/usr/bin/ps" subj=unconfined key="passwd_access"ARCH=x86_64 SYSCALL=openat AUID="root" UID="svc_api" GID="svc_api" EUID="svc_api" SUID="svc_api" FSUID="svc_api" EGID="svc_api" SGID="svc_api" FSGID="svc_api"
type=CWD msg=audit(1778964422.896:59722): cwd="/home/svc_api"
type=PATH msg=audit(1778964422.896:59722): item=0 name="/etc/passwd" inode=134082 dev=08:01 mode=0100644 ouid=0 ogid=0 rdev=00:00 nametype=NORMAL cap_fp=0 cap_fi=0 cap_fe=0 cap_fver=0 cap_frootid=0OUID="root" OGID="root"
type=PROCTITLE msg=audit(1778964422.896:59722): proctitle=707300617578002D2D6E6F2D68656164657273
type=SYSCALL msg=audit(1778964422.896:59723): arch=c000003e syscall=257 success=yes exit=4 a0=ffffff9c a1=7fa52d9fabe1 a2=80000 a3=0 items=1 ppid=26441 pid=26444 auid=0 uid=1000 gid=1000 euid=1000 suid=1000 fsuid=1000 egid=1000 sgid=1000 fsgid=1000 tty=(none) ses=1645 comm="ps" exe="/usr/bin/ps" subj=unconfined key="passwd_access"ARCH=x86_64 SYSCALL=openat AUID="root" UID="svc_api" GID="svc_api" EUID="svc_api" SUID="svc_api" FSUID="svc_api" EGID="svc_api" SGID="svc_api" FSGID="svc_api"
type=CWD msg=audit(1778964422.896:59723): cwd="/home/svc_api"
type=PATH msg=audit(1778964422.896:59723): item=0 name="/etc/passwd" inode=134082 dev=08:01 mode=0100644 ouid=0 ogid=0 rdev=00:00 nametype=NORMAL cap_fp=0 cap_fi=0 cap_fe=0 cap_fver=0 cap_frootid=0OUID="root" OGID="root"
type=PROCTITLE msg=audit(1778964422.896:59723): proctitle=707300617578002D2D6E6F2D68656164657273
type=SYSCALL msg=audit(1778964422.896:59724): arch=c000003e syscall=257 success=yes exit=4 a0=ffffff9c a1=7fa52d9fabe1 a2=80000 a3=0 items=1 ppid=26441 pid=26444 auid=0 uid=1000 gid=1000 euid=1000 suid=1000 fsuid=1000 egid=1000 sgid=1000 fsgid=1000 tty=(none) ses=1645 comm="ps" exe="/usr/bin/ps" subj=unconfined key="passwd_access"ARCH=x86_64 SYSCALL=openat AUID="root" UID="svc_api" GID="svc_api" EUID="svc_api" SUID="svc_api" FSUID="svc_api" EGID="svc_api" SGID="svc_api" FSGID="svc_api"
type=CWD msg=audit(1778964422.896:59724): cwd="/home/svc_api"
type=PATH msg=audit(1778964422.896:59724): item=0 name="/etc/passwd" inode=134082 dev=08:01 mode=0100644 ouid=0 ogid=0 rdev=00:00 nametype=NORMAL cap_fp=0 cap_fi=0 cap_fe=0 cap_fver=0 cap_frootid=0OUID="root" OGID="root"
type=PROCTITLE msg=audit(1778964422.896:59724): proctitle=707300617578002D2D6E6F2D68656164657273
type=SYSCALL msg=audit(1778964422.904:59725): arch=c000003e syscall=59 success=yes exit=0 a0=55940592bc70 a1=55940592a190 a2=5594059279b0 a3=a419a1e10eb6a4b7 items=3 ppid=26441 pid=26452 auid=0 uid=1000 gid=1000 euid=0 suid=0 fsuid=0 egid=1000 sgid=1000 fsgid=1000 tty=(none) ses=1645 comm="find" exe="/usr/bin/find" subj=unconfined key="suid_escalation"ARCH=x86_64 SYSCALL=execve AUID="root" UID="svc_api" GID="svc_api" EUID="root" SUID="root" FSUID="root" EGID="svc_api" SGID="svc_api" FSGID="svc_api"
type=EXECVE msg=audit(1778964422.904:59725): argc=8 a0="find" a1="/home/svc_api" a2="-name" a3="*.log" a4="-newer" a5="/etc/hostname" a6="-maxdepth" a7="2"
type=CWD msg=audit(1778964422.904:59725): cwd="/home/svc_api"
type=PATH msg=audit(1778964422.904:59725): item=0 name="/usr/bin/find" inode=1953 dev=08:01 mode=0104755 ouid=0 ogid=0 rdev=00:00 nametype=NORMAL cap_fp=0 cap_fi=0 cap_fe=0 cap_fver=0 cap_frootid=0OUID="root" OGID="root"
type=PATH msg=audit(1778964422.904:59725): item=1 name="/usr/bin/find" inode=1953 dev=08:01 mode=0104755 ouid=0 ogid=0 rdev=00:00 nametype=NORMAL cap_fp=0 cap_fi=0 cap_fe=0 cap_fver=0 cap_frootid=0OUID="root" OGID="root"
type=PATH msg=audit(1778964422.904:59725): item=2 name="/lib64/ld-linux-x86-64.so.2" inode=40 dev=08:01 mode=0100755 ouid=0 ogid=0 rdev=00:00 nametype=NORMAL cap_fp=0 cap_fi=0 cap_fe=0 cap_fver=0 cap_frootid=0OUID="root" OGID="root"
type=PROCTITLE msg=audit(1778964422.904:59725): proctitle=66696E64002F686F6D652F7376635F617069002D6E616D65002A2E6C6F67002D6E65776572002F6574632F686F73746E616D65002D6D617864657074680032
type=SYSCALL msg=audit(1778964422.908:59726): arch=c000003e syscall=257 success=yes exit=6 a0=5 a1=559c7d743640 a2=b0900 a3=0 items=1 ppid=26441 pid=26452 auid=0 uid=1000 gid=1000 euid=0 suid=0 fsuid=0 egid=1000 sgid=1000 fsgid=1000 tty=(none) ses=1645 comm="find" exe="/usr/bin/find" subj=unconfined key="ssh_key_access"ARCH=x86_64 SYSCALL=openat AUID="root" UID="svc_api" GID="svc_api" EUID="root" SUID="root" FSUID="root" EGID="svc_api" SGID="svc_api" FSGID="svc_api"
type=CWD msg=audit(1778964422.908:59726): cwd="/home/svc_api"
type=PATH msg=audit(1778964422.908:59726): item=0 name=".ssh" inode=134022 dev=08:01 mode=040700 ouid=1000 ogid=1000 rdev=00:00 nametype=NORMAL cap_fp=0 cap_fi=0 cap_fe=0 cap_fver=0 cap_frootid=0OUID="svc_api" OGID="svc_api"
type=PROCTITLE msg=audit(1778964422.908:59726): proctitle=66696E64002F686F6D652F7376635F617069002D6E616D65002A2E6C6F67002D6E65776572002F6574632F686F73746E616D65002D6D617864657074680032
type=SYSCALL msg=audit(1778964483.588:59856): arch=c000003e syscall=257 success=yes exit=3 a0=ffffff9c a1=7f2bcf65abe1 a2=80000 a3=0 items=1 ppid=26508 pid=26509 auid=0 uid=1000 gid=1000 euid=1000 suid=1000 fsuid=1000 egid=1000 sgid=1000 fsgid=1000 tty=(none) ses=1648 comm="bash" exe="/usr/bin/bash" subj=unconfined key="passwd_access"ARCH=x86_64 SYSCALL=openat AUID="root" UID="svc_api" GID="svc_api" EUID="svc_api" SUID="svc_api" FSUID="svc_api" EGID="svc_api" SGID="svc_api" FSGID="svc_api"
type=CWD msg=audit(1778964483.588:59856): cwd="/home/svc_api"
type=PATH msg=audit(1778964483.588:59856): item=0 name="/etc/passwd" inode=134082 dev=08:01 mode=0100644 ouid=0 ogid=0 rdev=00:00 nametype=NORMAL cap_fp=0 cap_fi=0 cap_fe=0 cap_fver=0 cap_frootid=0OUID="root" OGID="root"
type=PROCTITLE msg=audit(1778964483.588:59856): proctitle=2D62617368002D63000A2020202020202020636174202F6574632F736861646F7720323E2F6465762F6E756C6C207C2068656164202D33203E202F6465762F6E756C6C207C7C20747275650A20202020202020206C73202D6C61202F726F6F742F2E73736820323E2F6465762F6E756C6C203E202F6465762F6E756C6C207C7C
type=SYSCALL msg=audit(1778964483.592:59857): arch=c000003e syscall=257 success=no exit=-13 a0=ffffff9c a1=7fffd2cf6f1a a2=0 a3=0 items=1 ppid=26509 pid=26511 auid=0 uid=1000 gid=1000 euid=1000 suid=1000 fsuid=1000 egid=1000 sgid=1000 fsgid=1000 tty=(none) ses=1648 comm="cat" exe="/usr/bin/cat" subj=unconfined key="shadow_access"ARCH=x86_64 SYSCALL=openat AUID="root" UID="svc_api" GID="svc_api" EUID="svc_api" SUID="svc_api" FSUID="svc_api" EGID="svc_api" SGID="svc_api" FSGID="svc_api"
type=CWD msg=audit(1778964483.592:59857): cwd="/home/svc_api"
type=PATH msg=audit(1778964483.592:59857): item=0 name="/etc/shadow" inode=134065 dev=08:01 mode=0100640 ouid=0 ogid=42 rdev=00:00 nametype=NORMAL cap_fp=0 cap_fi=0 cap_fe=0 cap_fver=0 cap_frootid=0OUID="root" OGID="shadow"
type=PROCTITLE msg=audit(1778964483.592:59857): proctitle=636174002F6574632F736861646F77
type=SYSCALL msg=audit(1778964483.592:59858): arch=c000003e syscall=59 success=yes exit=0 a0=55f3d8b0e4d0 a1=55f3d8b0d610 a2=55f3d8b0c8c0 a3=0 items=3 ppid=26509 pid=26514 auid=0 uid=1000 gid=1000 euid=0 suid=0 fsuid=0 egid=1000 sgid=1000 fsgid=1000 tty=(none) ses=1648 comm="find" exe="/usr/bin/find" subj=unconfined key="suid_escalation"ARCH=x86_64 SYSCALL=execve AUID="root" UID="svc_api" GID="svc_api" EUID="root" SUID="root" FSUID="root" EGID="svc_api" SGID="svc_api" FSGID="svc_api"
type=EXECVE msg=audit(1778964483.592:59858): argc=4 a0="find" a1="/home" a2="-name" a3="id_rsa"
type=CWD msg=audit(1778964483.592:59858): cwd="/home/svc_api"
type=PATH msg=audit(1778964483.592:59858): item=0 name="/usr/bin/find" inode=1953 dev=08:01 mode=0104755 ouid=0 ogid=0 rdev=00:00 nametype=NORMAL cap_fp=0 cap_fi=0 cap_fe=0 cap_fver=0 cap_frootid=0OUID="root" OGID="root"
type=PATH msg=audit(1778964483.592:59858): item=1 name="/usr/bin/find" inode=1953 dev=08:01 mode=0104755 ouid=0 ogid=0 rdev=00:00 nametype=NORMAL cap_fp=0 cap_fi=0 cap_fe=0 cap_fver=0 cap_frootid=0OUID="root" OGID="root"
type=PATH msg=audit(1778964483.592:59858): item=2 name="/lib64/ld-linux-x86-64.so.2" inode=40 dev=08:01 mode=0100755 ouid=0 ogid=0 rdev=00:00 nametype=NORMAL cap_fp=0 cap_fi=0 cap_fe=0 cap_fver=0 cap_frootid=0OUID="root" OGID="root"
type=PROCTITLE msg=audit(1778964483.592:59858): proctitle=66696E64002F686F6D65002D6E616D650069645F727361
type=SYSCALL msg=audit(1778964483.592:59859): arch=c000003e syscall=257 success=yes exit=6 a0=7 a1=5623f1dc83e0 a2=b0900 a3=0 items=1 ppid=26509 pid=26514 auid=0 uid=1000 gid=1000 euid=0 suid=0 fsuid=0 egid=1000 sgid=1000 fsgid=1000 tty=(none) ses=1648 comm="find" exe="/usr/bin/find" subj=unconfined key="ssh_key_access"ARCH=x86_64 SYSCALL=openat AUID="root" UID="svc_api" GID="svc_api" EUID="root" SUID="root" FSUID="root" EGID="svc_api" SGID="svc_api" FSGID="svc_api"
type=CWD msg=audit(1778964483.592:59859): cwd="/home/svc_api"
type=PATH msg=audit(1778964483.592:59859): item=0 name=".ssh" inode=134022 dev=08:01 mode=040700 ouid=1000 ogid=1000 rdev=00:00 nametype=NORMAL cap_fp=0 cap_fi=0 cap_fe=0 cap_fver=0 cap_frootid=0OUID="svc_api" OGID="svc_api"
type=PROCTITLE msg=audit(1778964483.592:59859): proctitle=66696E64002F686F6D65002D6E616D650069645F727361
type=SYSCALL msg=audit(1778964544.788:60060): arch=c000003e syscall=257 success=yes exit=3 a0=ffffff9c a1=7f097e7babe1 a2=80000 a3=0 items=1 ppid=26599 pid=26600 auid=0 uid=1000 gid=1000 euid=1000 suid=1000 fsuid=1000 egid=1000 sgid=1000 fsgid=1000 tty=(none) ses=1655 comm="bash" exe="/usr/bin/bash" subj=unconfined key="passwd_access"ARCH=x86_64 SYSCALL=openat AUID="root" UID="svc_api" GID="svc_api" EUID="svc_api" SUID="svc_api" FSUID="svc_api" EGID="svc_api" SGID="svc_api" FSGID="svc_api"
type=CWD msg=audit(1778964544.788:60060): cwd="/home/svc_api"
type=PATH msg=audit(1778964544.788:60060): item=0 name="/etc/passwd" inode=134082 dev=08:01 mode=0100644 ouid=0 ogid=0 rdev=00:00 nametype=NORMAL cap_fp=0 cap_fi=0 cap_fe=0 cap_fver=0 cap_frootid=0OUID="root" OGID="root"
type=PROCTITLE msg=audit(1778964544.788:60060): proctitle=2D62617368002D63000A2020202020202020636174202F70726F632F6C6F6164617667203E202F6465762F6E756C6C0A2020202020202020707320617578202D2D6E6F2D68656164657273207C2067726570206E657861636F72702D617069203E202F6465762F6E756C6C20323E2631207C7C20747275650A20202020202020
type=SYSCALL msg=audit(1778964544.796:60061): arch=c000003e syscall=257 success=yes exit=4 a0=ffffff9c a1=7f6cacb9cbe1 a2=80000 a3=0 items=1 ppid=26600 pid=26603 auid=0 uid=1000 gid=1000 euid=1000 suid=1000 fsuid=1000 egid=1000 sgid=1000 fsgid=1000 tty=(none) ses=1655 comm="ps" exe="/usr/bin/ps" subj=unconfined key="passwd_access"ARCH=x86_64 SYSCALL=openat AUID="root" UID="svc_api" GID="svc_api" EUID="svc_api" SUID="svc_api" FSUID="svc_api" EGID="svc_api" SGID="svc_api" FSGID="svc_api"
type=CWD msg=audit(1778964544.796:60061): cwd="/home/svc_api"
type=PATH msg=audit(1778964544.796:60061): item=0 name="/etc/passwd" inode=134082 dev=08:01 mode=0100644 ouid=0 ogid=0 rdev=00:00 nametype=NORMAL cap_fp=0 cap_fi=0 cap_fe=0 cap_fver=0 cap_frootid=0OUID="root" OGID="root"
type=PROCTITLE msg=audit(1778964544.796:60061): proctitle=707300617578002D2D6E6F2D68656164657273
type=SYSCALL msg=audit(1778964544.796:60062): arch=c000003e syscall=257 success=yes exit=4 a0=ffffff9c a1=7f6cacb9cbe1 a2=80000 a3=0 items=1 ppid=26600 pid=26603 auid=0 uid=1000 gid=1000 euid=1000 suid=1000 fsuid=1000 egid=1000 sgid=1000 fsgid=1000 tty=(none) ses=1655 comm="ps" exe="/usr/bin/ps" subj=unconfined key="passwd_access"ARCH=x86_64 SYSCALL=openat AUID="root" UID="svc_api" GID="svc_api" EUID="svc_api" SUID="svc_api" FSUID="svc_api" EGID="svc_api" SGID="svc_api" FSGID="svc_api"
type=CWD msg=audit(1778964544.796:60062): cwd="/home/svc_api"
type=PATH msg=audit(1778964544.796:60062): item=0 name="/etc/passwd" inode=134082 dev=08:01 mode=0100644 ouid=0 ogid=0 rdev=00:00 nametype=NORMAL cap_fp=0 cap_fi=0 cap_fe=0 cap_fver=0 cap_frootid=0OUID="root" OGID="root"
type=PROCTITLE msg=audit(1778964544.796:60062): proctitle=707300617578002D2D6E6F2D68656164657273
type=SYSCALL msg=audit(1778964544.800:60063): arch=c000003e syscall=257 success=yes exit=4 a0=ffffff9c a1=7f6cacb9cbe1 a2=80000 a3=0 items=1 ppid=26600 pid=26603 auid=0 uid=1000 gid=1000 euid=1000 suid=1000 fsuid=1000 egid=1000 sgid=1000 fsgid=1000 tty=(none) ses=1655 comm="ps" exe="/usr/bin/ps" subj=unconfined key="passwd_access"ARCH=x86_64 SYSCALL=openat AUID="root" UID="svc_api" GID="svc_api" EUID="svc_api" SUID="svc_api" FSUID="svc_api" EGID="svc_api" SGID="svc_api" FSGID="svc_api"
type=CWD msg=audit(1778964544.800:60063): cwd="/home/svc_api"
type=PATH msg=audit(1778964544.800:60063): item=0 name="/etc/passwd" inode=134082 dev=08:01 mode=0100644 ouid=0 ogid=0 rdev=00:00 nametype=NORMAL cap_fp=0 cap_fi=0 cap_fe=0 cap_fver=0 cap_frootid=0OUID="root" OGID="root"
type=PROCTITLE msg=audit(1778964544.800:60063): proctitle=707300617578002D2D6E6F2D68656164657273
type=SYSCALL msg=audit(1778964544.800:60064): arch=c000003e syscall=257 success=yes exit=4 a0=ffffff9c a1=7f6cacb9cbe1 a2=80000 a3=0 items=1 ppid=26600 pid=26603 auid=0 uid=1000 gid=1000 euid=1000 suid=1000 fsuid=1000 egid=1000 sgid=1000 fsgid=1000 tty=(none) ses=1655 comm="ps" exe="/usr/bin/ps" subj=unconfined key="passwd_access"ARCH=x86_64 SYSCALL=openat AUID="root" UID="svc_api" GID="svc_api" EUID="svc_api" SUID="svc_api" FSUID="svc_api" EGID="svc_api" SGID="svc_api" FSGID="svc_api"
type=CWD msg=audit(1778964544.800:60064): cwd="/home/svc_api"
type=PATH msg=audit(1778964544.800:60064): item=0 name="/etc/passwd" inode=134082 dev=08:01 mode=0100644 ouid=0 ogid=0 rdev=00:00 nametype=NORMAL cap_fp=0 cap_fi=0 cap_fe=0 cap_fver=0 cap_frootid=0OUID="root" OGID="root"
type=PROCTITLE msg=audit(1778964544.800:60064): proctitle=707300617578002D2D6E6F2D68656164657273
type=SYSCALL msg=audit(1778964544.808:60065): arch=c000003e syscall=59 success=yes exit=0 a0=55912b740c70 a1=55912b73f190 a2=55912b73c9b0 a3=5c7f8557922cf8f9 items=3 ppid=26600 pid=26611 auid=0 uid=1000 gid=1000 euid=0 suid=0 fsuid=0 egid=1000 sgid=1000 fsgid=1000 tty=(none) ses=1655 comm="find" exe="/usr/bin/find" subj=unconfined key="suid_escalation"ARCH=x86_64 SYSCALL=execve AUID="root" UID="svc_api" GID="svc_api" EUID="root" SUID="root" FSUID="root" EGID="svc_api" SGID="svc_api" FSGID="svc_api"
type=EXECVE msg=audit(1778964544.808:60065): argc=8 a0="find" a1="/home/svc_api" a2="-name" a3="*.log" a4="-newer" a5="/etc/hostname" a6="-maxdepth" a7="2"
type=CWD msg=audit(1778964544.808:60065): cwd="/home/svc_api"
type=PATH msg=audit(1778964544.808:60065): item=0 name="/usr/bin/find" inode=1953 dev=08:01 mode=0104755 ouid=0 ogid=0 rdev=00:00 nametype=NORMAL cap_fp=0 cap_fi=0 cap_fe=0 cap_fver=0 cap_frootid=0OUID="root" OGID="root"
type=PATH msg=audit(1778964544.808:60065): item=1 name="/usr/bin/find" inode=1953 dev=08:01 mode=0104755 ouid=0 ogid=0 rdev=00:00 nametype=NORMAL cap_fp=0 cap_fi=0 cap_fe=0 cap_fver=0 cap_frootid=0OUID="root" OGID="root"
type=PATH msg=audit(1778964544.808:60065): item=2 name="/lib64/ld-linux-x86-64.so.2" inode=40 dev=08:01 mode=0100755 ouid=0 ogid=0 rdev=00:00 nametype=NORMAL cap_fp=0 cap_fi=0 cap_fe=0 cap_fver=0 cap_frootid=0OUID="root" OGID="root"
type=PROCTITLE msg=audit(1778964544.808:60065): proctitle=66696E64002F686F6D652F7376635F617069002D6E616D65002A2E6C6F67002D6E65776572002F6574632F686F73746E616D65002D6D617864657074680032
type=SYSCALL msg=audit(1778964544.808:60066): arch=c000003e syscall=257 success=yes exit=6 a0=5 a1=55775ba1d640 a2=b0900 a3=0 items=1 ppid=26600 pid=26611 auid=0 uid=1000 gid=1000 euid=0 suid=0 fsuid=0 egid=1000 sgid=1000 fsgid=1000 tty=(none) ses=1655 comm="find" exe="/usr/bin/find" subj=unconfined key="ssh_key_access"ARCH=x86_64 SYSCALL=openat AUID="root" UID="svc_api" GID="svc_api" EUID="root" SUID="root" FSUID="root" EGID="svc_api" SGID="svc_api" FSGID="svc_api"
type=CWD msg=audit(1778964544.808:60066): cwd="/home/svc_api"
type=PATH msg=audit(1778964544.808:60066): item=0 name=".ssh" inode=134022 dev=08:01 mode=040700 ouid=1000 ogid=1000 rdev=00:00 nametype=NORMAL cap_fp=0 cap_fi=0 cap_fe=0 cap_fver=0 cap_frootid=0OUID="svc_api" OGID="svc_api"
type=PROCTITLE msg=audit(1778964544.808:60066): proctitle=66696E64002F686F6D652F7376635F617069002D6E616D65002A2E6C6F67002D6E65776572002F6574632F686F73746E616D65002D6D617864657074680032
type=SYSCALL msg=audit(1778964605.512:60208): arch=c000003e syscall=257 success=yes exit=3 a0=ffffff9c a1=7f224de84be1 a2=80000 a3=0 items=1 ppid=26669 pid=26670 auid=0 uid=1000 gid=1000 euid=1000 suid=1000 fsuid=1000 egid=1000 sgid=1000 fsgid=1000 tty=(none) ses=1659 comm="bash" exe="/usr/bin/bash" subj=unconfined key="passwd_access"ARCH=x86_64 SYSCALL=openat AUID="root" UID="svc_api" GID="svc_api" EUID="svc_api" SUID="svc_api" FSUID="svc_api" EGID="svc_api" SGID="svc_api" FSGID="svc_api"
type=CWD msg=audit(1778964605.512:60208): cwd="/home/svc_api"
type=PATH msg=audit(1778964605.512:60208): item=0 name="/etc/passwd" inode=134082 dev=08:01 mode=0100644 ouid=0 ogid=0 rdev=00:00 nametype=NORMAL cap_fp=0 cap_fi=0 cap_fe=0 cap_fver=0 cap_frootid=0OUID="root" OGID="root"
type=PROCTITLE msg=audit(1778964605.512:60208): proctitle=2D62617368002D63000A2020202020202020636174202F6574632F736861646F7720323E2F6465762F6E756C6C207C2068656164202D33203E202F6465762F6E756C6C207C7C20747275650A20202020202020206C73202D6C61202F726F6F742F2E73736820323E2F6465762F6E756C6C203E202F6465762F6E756C6C207C7C
type=SYSCALL msg=audit(1778964605.516:60209): arch=c000003e syscall=257 success=no exit=-13 a0=ffffff9c a1=7ffe0f436f1a a2=0 a3=0 items=1 ppid=26670 pid=26672 auid=0 uid=1000 gid=1000 euid=1000 suid=1000 fsuid=1000 egid=1000 sgid=1000 fsgid=1000 tty=(none) ses=1659 comm="cat" exe="/usr/bin/cat" subj=unconfined key="shadow_access"ARCH=x86_64 SYSCALL=openat AUID="root" UID="svc_api" GID="svc_api" EUID="svc_api" SUID="svc_api" FSUID="svc_api" EGID="svc_api" SGID="svc_api" FSGID="svc_api"
type=CWD msg=audit(1778964605.516:60209): cwd="/home/svc_api"
type=PATH msg=audit(1778964605.516:60209): item=0 name="/etc/shadow" inode=134065 dev=08:01 mode=0100640 ouid=0 ogid=42 rdev=00:00 nametype=NORMAL cap_fp=0 cap_fi=0 cap_fe=0 cap_fver=0 cap_frootid=0OUID="root" OGID="shadow"
type=PROCTITLE msg=audit(1778964605.516:60209): proctitle=636174002F6574632F736861646F77
type=SYSCALL msg=audit(1778964605.516:60210): arch=c000003e syscall=59 success=yes exit=0 a0=557d19fe04d0 a1=557d19fdf610 a2=557d19fde8c0 a3=0 items=3 ppid=26670 pid=26675 auid=0 uid=1000 gid=1000 euid=0 suid=0 fsuid=0 egid=1000 sgid=1000 fsgid=1000 tty=(none) ses=1659 comm="find" exe="/usr/bin/find" subj=unconfined key="suid_escalation"ARCH=x86_64 SYSCALL=execve AUID="root" UID="svc_api" GID="svc_api" EUID="root" SUID="root" FSUID="root" EGID="svc_api" SGID="svc_api" FSGID="svc_api"
type=EXECVE msg=audit(1778964605.516:60210): argc=4 a0="find" a1="/home" a2="-name" a3="id_rsa"
type=CWD msg=audit(1778964605.516:60210): cwd="/home/svc_api"
type=PATH msg=audit(1778964605.516:60210): item=0 name="/usr/bin/find" inode=1953 dev=08:01 mode=0104755 ouid=0 ogid=0 rdev=00:00 nametype=NORMAL cap_fp=0 cap_fi=0 cap_fe=0 cap_fver=0 cap_frootid=0OUID="root" OGID="root"
type=PATH msg=audit(1778964605.516:60210): item=1 name="/usr/bin/find" inode=1953 dev=08:01 mode=0104755 ouid=0 ogid=0 rdev=00:00 nametype=NORMAL cap_fp=0 cap_fi=0 cap_fe=0 cap_fver=0 cap_frootid=0OUID="root" OGID="root"
type=PATH msg=audit(1778964605.516:60210): item=2 name="/lib64/ld-linux-x86-64.so.2" inode=40 dev=08:01 mode=0100755 ouid=0 ogid=0 rdev=00:00 nametype=NORMAL cap_fp=0 cap_fi=0 cap_fe=0 cap_fver=0 cap_frootid=0OUID="root" OGID="root"
type=PROCTITLE msg=audit(1778964605.516:60210): proctitle=66696E64002F686F6D65002D6E616D650069645F727361
type=SYSCALL msg=audit(1778964605.516:60211): arch=c000003e syscall=257 success=yes exit=6 a0=7 a1=5618068263e0 a2=b0900 a3=0 items=1 ppid=26670 pid=26675 auid=0 uid=1000 gid=1000 euid=0 suid=0 fsuid=0 egid=1000 sgid=1000 fsgid=1000 tty=(none) ses=1659 comm="find" exe="/usr/bin/find" subj=unconfined key="ssh_key_access"ARCH=x86_64 SYSCALL=openat AUID="root" UID="svc_api" GID="svc_api" EUID="root" SUID="root" FSUID="root" EGID="svc_api" SGID="svc_api" FSGID="svc_api"
type=CWD msg=audit(1778964605.516:60211): cwd="/home/svc_api"
type=PATH msg=audit(1778964605.516:60211): item=0 name=".ssh" inode=134022 dev=08:01 mode=040700 ouid=1000 ogid=1000 rdev=00:00 nametype=NORMAL cap_fp=0 cap_fi=0 cap_fe=0 cap_fver=0 cap_frootid=0OUID="svc_api" OGID="svc_api"
type=PROCTITLE msg=audit(1778964605.516:60211): proctitle=66696E64002F686F6D65002D6E616D650069645F727361
type=SYSCALL msg=audit(1778964666.704:60412): arch=c000003e syscall=257 success=yes exit=3 a0=ffffff9c a1=7f0e10a6dbe1 a2=80000 a3=0 items=1 ppid=26749 pid=26750 auid=0 uid=1000 gid=1000 euid=1000 suid=1000 fsuid=1000 egid=1000 sgid=1000 fsgid=1000 tty=(none) ses=1666 comm="bash" exe="/usr/bin/bash" subj=unconfined key="passwd_access"ARCH=x86_64 SYSCALL=openat AUID="root" UID="svc_api" GID="svc_api" EUID="svc_api" SUID="svc_api" FSUID="svc_api" EGID="svc_api" SGID="svc_api" FSGID="svc_api"
type=CWD msg=audit(1778964666.704:60412): cwd="/home/svc_api"
type=PATH msg=audit(1778964666.704:60412): item=0 name="/etc/passwd" inode=134082 dev=08:01 mode=0100644 ouid=0 ogid=0 rdev=00:00 nametype=NORMAL cap_fp=0 cap_fi=0 cap_fe=0 cap_fver=0 cap_frootid=0OUID="root" OGID="root"
type=PROCTITLE msg=audit(1778964666.704:60412): proctitle=2D62617368002D63000A2020202020202020636174202F70726F632F6C6F6164617667203E202F6465762F6E756C6C0A2020202020202020707320617578202D2D6E6F2D68656164657273207C2067726570206E657861636F72702D617069203E202F6465762F6E756C6C20323E2631207C7C20747275650A20202020202020
type=SYSCALL msg=audit(1778964666.712:60413): arch=c000003e syscall=257 success=yes exit=4 a0=ffffff9c a1=7fe4d3e16be1 a2=80000 a3=0 items=1 ppid=26750 pid=26753 auid=0 uid=1000 gid=1000 euid=1000 suid=1000 fsuid=1000 egid=1000 sgid=1000 fsgid=1000 tty=(none) ses=1666 comm="ps" exe="/usr/bin/ps" subj=unconfined key="passwd_access"ARCH=x86_64 SYSCALL=openat AUID="root" UID="svc_api" GID="svc_api" EUID="svc_api" SUID="svc_api" FSUID="svc_api" EGID="svc_api" SGID="svc_api" FSGID="svc_api"
type=CWD msg=audit(1778964666.712:60413): cwd="/home/svc_api"
type=PATH msg=audit(1778964666.712:60413): item=0 name="/etc/passwd" inode=134082 dev=08:01 mode=0100644 ouid=0 ogid=0 rdev=00:00 nametype=NORMAL cap_fp=0 cap_fi=0 cap_fe=0 cap_fver=0 cap_frootid=0OUID="root" OGID="root"
type=PROCTITLE msg=audit(1778964666.712:60413): proctitle=707300617578002D2D6E6F2D68656164657273
type=SYSCALL msg=audit(1778964666.712:60414): arch=c000003e syscall=257 success=yes exit=4 a0=ffffff9c a1=7fe4d3e16be1 a2=80000 a3=0 items=1 ppid=26750 pid=26753 auid=0 uid=1000 gid=1000 euid=1000 suid=1000 fsuid=1000 egid=1000 sgid=1000 fsgid=1000 tty=(none) ses=1666 comm="ps" exe="/usr/bin/ps" subj=unconfined key="passwd_access"ARCH=x86_64 SYSCALL=openat AUID="root" UID="svc_api" GID="svc_api" EUID="svc_api" SUID="svc_api" FSUID="svc_api" EGID="svc_api" SGID="svc_api" FSGID="svc_api"
type=CWD msg=audit(1778964666.712:60414): cwd="/home/svc_api"
type=PATH msg=audit(1778964666.712:60414): item=0 name="/etc/passwd" inode=134082 dev=08:01 mode=0100644 ouid=0 ogid=0 rdev=00:00 nametype=NORMAL cap_fp=0 cap_fi=0 cap_fe=0 cap_fver=0 cap_frootid=0OUID="root" OGID="root"
type=PROCTITLE msg=audit(1778964666.712:60414): proctitle=707300617578002D2D6E6F2D68656164657273
type=SYSCALL msg=audit(1778964666.712:60415): arch=c000003e syscall=257 success=yes exit=4 a0=ffffff9c a1=7fe4d3e16be1 a2=80000 a3=0 items=1 ppid=26750 pid=26753 auid=0 uid=1000 gid=1000 euid=1000 suid=1000 fsuid=1000 egid=1000 sgid=1000 fsgid=1000 tty=(none) ses=1666 comm="ps" exe="/usr/bin/ps" subj=unconfined key="passwd_access"ARCH=x86_64 SYSCALL=openat AUID="root" UID="svc_api" GID="svc_api" EUID="svc_api" SUID="svc_api" FSUID="svc_api" EGID="svc_api" SGID="svc_api" FSGID="svc_api"
type=CWD msg=audit(1778964666.712:60415): cwd="/home/svc_api"
type=PATH msg=audit(1778964666.712:60415): item=0 name="/etc/passwd" inode=134082 dev=08:01 mode=0100644 ouid=0 ogid=0 rdev=00:00 nametype=NORMAL cap_fp=0 cap_fi=0 cap_fe=0 cap_fver=0 cap_frootid=0OUID="root" OGID="root"
type=PROCTITLE msg=audit(1778964666.712:60415): proctitle=707300617578002D2D6E6F2D68656164657273
type=SYSCALL msg=audit(1778964666.712:60416): arch=c000003e syscall=257 success=yes exit=4 a0=ffffff9c a1=7fe4d3e16be1 a2=80000 a3=0 items=1 ppid=26750 pid=26753 auid=0 uid=1000 gid=1000 euid=1000 suid=1000 fsuid=1000 egid=1000 sgid=1000 fsgid=1000 tty=(none) ses=1666 comm="ps" exe="/usr/bin/ps" subj=unconfined key="passwd_access"ARCH=x86_64 SYSCALL=openat AUID="root" UID="svc_api" GID="svc_api" EUID="svc_api" SUID="svc_api" FSUID="svc_api" EGID="svc_api" SGID="svc_api" FSGID="svc_api"
type=CWD msg=audit(1778964666.712:60416): cwd="/home/svc_api"
type=PATH msg=audit(1778964666.712:60416): item=0 name="/etc/passwd" inode=134082 dev=08:01 mode=0100644 ouid=0 ogid=0 rdev=00:00 nametype=NORMAL cap_fp=0 cap_fi=0 cap_fe=0 cap_fver=0 cap_frootid=0OUID="root" OGID="root"
type=PROCTITLE msg=audit(1778964666.712:60416): proctitle=707300617578002D2D6E6F2D68656164657273
type=SYSCALL msg=audit(1778964666.724:60417): arch=c000003e syscall=59 success=yes exit=0 a0=55a8b4ee6c70 a1=55a8b4ee5190 a2=55a8b4ee29b0 a3=208c8feeb8db9f85 items=3 ppid=26750 pid=26761 auid=0 uid=1000 gid=1000 euid=0 suid=0 fsuid=0 egid=1000 sgid=1000 fsgid=1000 tty=(none) ses=1666 comm="find" exe="/usr/bin/find" subj=unconfined key="suid_escalation"ARCH=x86_64 SYSCALL=execve AUID="root" UID="svc_api" GID="svc_api" EUID="root" SUID="root" FSUID="root" EGID="svc_api" SGID="svc_api" FSGID="svc_api"
type=EXECVE msg=audit(1778964666.724:60417): argc=8 a0="find" a1="/home/svc_api" a2="-name" a3="*.log" a4="-newer" a5="/etc/hostname" a6="-maxdepth" a7="2"
type=CWD msg=audit(1778964666.724:60417): cwd="/home/svc_api"
type=PATH msg=audit(1778964666.724:60417): item=0 name="/usr/bin/find" inode=1953 dev=08:01 mode=0104755 ouid=0 ogid=0 rdev=00:00 nametype=NORMAL cap_fp=0 cap_fi=0 cap_fe=0 cap_fver=0 cap_frootid=0OUID="root" OGID="root"
type=PATH msg=audit(1778964666.724:60417): item=1 name="/usr/bin/find" inode=1953 dev=08:01 mode=0104755 ouid=0 ogid=0 rdev=00:00 nametype=NORMAL cap_fp=0 cap_fi=0 cap_fe=0 cap_fver=0 cap_frootid=0OUID="root" OGID="root"
type=PATH msg=audit(1778964666.724:60417): item=2 name="/lib64/ld-linux-x86-64.so.2" inode=40 dev=08:01 mode=0100755 ouid=0 ogid=0 rdev=00:00 nametype=NORMAL cap_fp=0 cap_fi=0 cap_fe=0 cap_fver=0 cap_frootid=0OUID="root" OGID="root"
type=PROCTITLE msg=audit(1778964666.724:60417): proctitle=66696E64002F686F6D652F7376635F617069002D6E616D65002A2E6C6F67002D6E65776572002F6574632F686F73746E616D65002D6D617864657074680032
type=SYSCALL msg=audit(1778964666.724:60418): arch=c000003e syscall=257 success=yes exit=6 a0=5 a1=556c2db77640 a2=b0900 a3=0 items=1 ppid=26750 pid=26761 auid=0 uid=1000 gid=1000 euid=0 suid=0 fsuid=0 egid=1000 sgid=1000 fsgid=1000 tty=(none) ses=1666 comm="find" exe="/usr/bin/find" subj=unconfined key="ssh_key_access"ARCH=x86_64 SYSCALL=openat AUID="root" UID="svc_api" GID="svc_api" EUID="root" SUID="root" FSUID="root" EGID="svc_api" SGID="svc_api" FSGID="svc_api"
type=CWD msg=audit(1778964666.724:60418): cwd="/home/svc_api"
type=PATH msg=audit(1778964666.724:60418): item=0 name=".ssh" inode=134022 dev=08:01 mode=040700 ouid=1000 ogid=1000 rdev=00:00 nametype=NORMAL cap_fp=0 cap_fi=0 cap_fe=0 cap_fver=0 cap_frootid=0OUID="svc_api" OGID="svc_api"
type=PROCTITLE msg=audit(1778964666.724:60418): proctitle=66696E64002F686F6D652F7376635F617069002D6E616D65002A2E6C6F67002D6E65776572002F6574632F686F73746E616D65002D6D617864657074680032
type=SYSCALL msg=audit(1778964727.420:60546): arch=c000003e syscall=257 success=yes exit=3 a0=ffffff9c a1=7f4595817be1 a2=80000 a3=0 items=1 ppid=26817 pid=26818 auid=0 uid=1000 gid=1000 euid=1000 suid=1000 fsuid=1000 egid=1000 sgid=1000 fsgid=1000 tty=(none) ses=1669 comm="bash" exe="/usr/bin/bash" subj=unconfined key="passwd_access"ARCH=x86_64 SYSCALL=openat AUID="root" UID="svc_api" GID="svc_api" EUID="svc_api" SUID="svc_api" FSUID="svc_api" EGID="svc_api" SGID="svc_api" FSGID="svc_api"
type=CWD msg=audit(1778964727.420:60546): cwd="/home/svc_api"
type=PATH msg=audit(1778964727.420:60546): item=0 name="/etc/passwd" inode=134082 dev=08:01 mode=0100644 ouid=0 ogid=0 rdev=00:00 nametype=NORMAL cap_fp=0 cap_fi=0 cap_fe=0 cap_fver=0 cap_frootid=0OUID="root" OGID="root"
type=PROCTITLE msg=audit(1778964727.420:60546): proctitle=2D62617368002D63000A2020202020202020636174202F6574632F736861646F7720323E2F6465762F6E756C6C207C2068656164202D33203E202F6465762F6E756C6C207C7C20747275650A20202020202020206C73202D6C61202F726F6F742F2E73736820323E2F6465762F6E756C6C203E202F6465762F6E756C6C207C7C
type=SYSCALL msg=audit(1778964727.420:60547): arch=c000003e syscall=257 success=no exit=-13 a0=ffffff9c a1=7ffc9a7bcf1a a2=0 a3=0 items=1 ppid=26818 pid=26820 auid=0 uid=1000 gid=1000 euid=1000 suid=1000 fsuid=1000 egid=1000 sgid=1000 fsgid=1000 tty=(none) ses=1669 comm="cat" exe="/usr/bin/cat" subj=unconfined key="shadow_access"ARCH=x86_64 SYSCALL=openat AUID="root" UID="svc_api" GID="svc_api" EUID="svc_api" SUID="svc_api" FSUID="svc_api" EGID="svc_api" SGID="svc_api" FSGID="svc_api"
type=CWD msg=audit(1778964727.420:60547): cwd="/home/svc_api"
type=PATH msg=audit(1778964727.420:60547): item=0 name="/etc/shadow" inode=134065 dev=08:01 mode=0100640 ouid=0 ogid=42 rdev=00:00 nametype=NORMAL cap_fp=0 cap_fi=0 cap_fe=0 cap_fver=0 cap_frootid=0OUID="root" OGID="shadow"
type=PROCTITLE msg=audit(1778964727.420:60547): proctitle=636174002F6574632F736861646F77
type=SYSCALL msg=audit(1778964727.424:60548): arch=c000003e syscall=59 success=yes exit=0 a0=55ef4ee504d0 a1=55ef4ee4f610 a2=55ef4ee4e8c0 a3=0 items=3 ppid=26818 pid=26823 auid=0 uid=1000 gid=1000 euid=0 suid=0 fsuid=0 egid=1000 sgid=1000 fsgid=1000 tty=(none) ses=1669 comm="find" exe="/usr/bin/find" subj=unconfined key="suid_escalation"ARCH=x86_64 SYSCALL=execve AUID="root" UID="svc_api" GID="svc_api" EUID="root" SUID="root" FSUID="root" EGID="svc_api" SGID="svc_api" FSGID="svc_api"
type=EXECVE msg=audit(1778964727.424:60548): argc=4 a0="find" a1="/home" a2="-name" a3="id_rsa"
type=CWD msg=audit(1778964727.424:60548): cwd="/home/svc_api"
type=PATH msg=audit(1778964727.424:60548): item=0 name="/usr/bin/find" inode=1953 dev=08:01 mode=0104755 ouid=0 ogid=0 rdev=00:00 nametype=NORMAL cap_fp=0 cap_fi=0 cap_fe=0 cap_fver=0 cap_frootid=0OUID="root" OGID="root"
type=PATH msg=audit(1778964727.424:60548): item=1 name="/usr/bin/find" inode=1953 dev=08:01 mode=0104755 ouid=0 ogid=0 rdev=00:00 nametype=NORMAL cap_fp=0 cap_fi=0 cap_fe=0 cap_fver=0 cap_frootid=0OUID="root" OGID="root"
type=PATH msg=audit(1778964727.424:60548): item=2 name="/lib64/ld-linux-x86-64.so.2" inode=40 dev=08:01 mode=0100755 ouid=0 ogid=0 rdev=00:00 nametype=NORMAL cap_fp=0 cap_fi=0 cap_fe=0 cap_fver=0 cap_frootid=0OUID="root" OGID="root"
type=PROCTITLE msg=audit(1778964727.424:60548): proctitle=66696E64002F686F6D65002D6E616D650069645F727361
type=SYSCALL msg=audit(1778964727.424:60549): arch=c000003e syscall=257 success=yes exit=6 a0=7 a1=55aeb14a83e0 a2=b0900 a3=0 items=1 ppid=26818 pid=26823 auid=0 uid=1000 gid=1000 euid=0 suid=0 fsuid=0 egid=1000 sgid=1000 fsgid=1000 tty=(none) ses=1669 comm="find" exe="/usr/bin/find" subj=unconfined key="ssh_key_access"ARCH=x86_64 SYSCALL=openat AUID="root" UID="svc_api" GID="svc_api" EUID="root" SUID="root" FSUID="root" EGID="svc_api" SGID="svc_api" FSGID="svc_api"
type=CWD msg=audit(1778964727.424:60549): cwd="/home/svc_api"
type=PATH msg=audit(1778964727.424:60549): item=0 name=".ssh" inode=134022 dev=08:01 mode=040700 ouid=1000 ogid=1000 rdev=00:00 nametype=NORMAL cap_fp=0 cap_fi=0 cap_fe=0 cap_fver=0 cap_frootid=0OUID="svc_api" OGID="svc_api"
type=PROCTITLE msg=audit(1778964727.424:60549): proctitle=66696E64002F686F6D65002D6E616D650069645F727361
type=SYSCALL msg=audit(1778964788.608:60750): arch=c000003e syscall=257 success=yes exit=3 a0=ffffff9c a1=7f8e6edf1be1 a2=80000 a3=0 items=1 ppid=26898 pid=26899 auid=0 uid=1000 gid=1000 euid=1000 suid=1000 fsuid=1000 egid=1000 sgid=1000 fsgid=1000 tty=(none) ses=1676 comm="bash" exe="/usr/bin/bash" subj=unconfined key="passwd_access"ARCH=x86_64 SYSCALL=openat AUID="root" UID="svc_api" GID="svc_api" EUID="svc_api" SUID="svc_api" FSUID="svc_api" EGID="svc_api" SGID="svc_api" FSGID="svc_api"
type=CWD msg=audit(1778964788.608:60750): cwd="/home/svc_api"
type=PATH msg=audit(1778964788.608:60750): item=0 name="/etc/passwd" inode=134082 dev=08:01 mode=0100644 ouid=0 ogid=0 rdev=00:00 nametype=NORMAL cap_fp=0 cap_fi=0 cap_fe=0 cap_fver=0 cap_frootid=0OUID="root" OGID="root"
type=PROCTITLE msg=audit(1778964788.608:60750): proctitle=2D62617368002D63000A2020202020202020636174202F70726F632F6C6F6164617667203E202F6465762F6E756C6C0A2020202020202020707320617578202D2D6E6F2D68656164657273207C2067726570206E657861636F72702D617069203E202F6465762F6E756C6C20323E2631207C7C20747275650A20202020202020
type=SYSCALL msg=audit(1778964788.616:60751): arch=c000003e syscall=257 success=yes exit=4 a0=ffffff9c a1=7fb7e0bd1be1 a2=80000 a3=0 items=1 ppid=26899 pid=26902 auid=0 uid=1000 gid=1000 euid=1000 suid=1000 fsuid=1000 egid=1000 sgid=1000 fsgid=1000 tty=(none) ses=1676 comm="ps" exe="/usr/bin/ps" subj=unconfined key="passwd_access"ARCH=x86_64 SYSCALL=openat AUID="root" UID="svc_api" GID="svc_api" EUID="svc_api" SUID="svc_api" FSUID="svc_api" EGID="svc_api" SGID="svc_api" FSGID="svc_api"
type=CWD msg=audit(1778964788.616:60751): cwd="/home/svc_api"
type=PATH msg=audit(1778964788.616:60751): item=0 name="/etc/passwd" inode=134082 dev=08:01 mode=0100644 ouid=0 ogid=0 rdev=00:00 nametype=NORMAL cap_fp=0 cap_fi=0 cap_fe=0 cap_fver=0 cap_frootid=0OUID="root" OGID="root"
type=PROCTITLE msg=audit(1778964788.616:60751): proctitle=707300617578002D2D6E6F2D68656164657273
type=SYSCALL msg=audit(1778964788.616:60752): arch=c000003e syscall=257 success=yes exit=4 a0=ffffff9c a1=7fb7e0bd1be1 a2=80000 a3=0 items=1 ppid=26899 pid=26902 auid=0 uid=1000 gid=1000 euid=1000 suid=1000 fsuid=1000 egid=1000 sgid=1000 fsgid=1000 tty=(none) ses=1676 comm="ps" exe="/usr/bin/ps" subj=unconfined key="passwd_access"ARCH=x86_64 SYSCALL=openat AUID="root" UID="svc_api" GID="svc_api" EUID="svc_api" SUID="svc_api" FSUID="svc_api" EGID="svc_api" SGID="svc_api" FSGID="svc_api"
type=CWD msg=audit(1778964788.616:60752): cwd="/home/svc_api"
type=PATH msg=audit(1778964788.616:60752): item=0 name="/etc/passwd" inode=134082 dev=08:01 mode=0100644 ouid=0 ogid=0 rdev=00:00 nametype=NORMAL cap_fp=0 cap_fi=0 cap_fe=0 cap_fver=0 cap_frootid=0OUID="root" OGID="root"
type=PROCTITLE msg=audit(1778964788.616:60752): proctitle=707300617578002D2D6E6F2D68656164657273
type=SYSCALL msg=audit(1778964788.616:60753): arch=c000003e syscall=257 success=yes exit=4 a0=ffffff9c a1=7fb7e0bd1be1 a2=80000 a3=0 items=1 ppid=26899 pid=26902 auid=0 uid=1000 gid=1000 euid=1000 suid=1000 fsuid=1000 egid=1000 sgid=1000 fsgid=1000 tty=(none) ses=1676 comm="ps" exe="/usr/bin/ps" subj=unconfined key="passwd_access"ARCH=x86_64 SYSCALL=openat AUID="root" UID="svc_api" GID="svc_api" EUID="svc_api" SUID="svc_api" FSUID="svc_api" EGID="svc_api" SGID="svc_api" FSGID="svc_api"
type=CWD msg=audit(1778964788.616:60753): cwd="/home/svc_api"
type=PATH msg=audit(1778964788.616:60753): item=0 name="/etc/passwd" inode=134082 dev=08:01 mode=0100644 ouid=0 ogid=0 rdev=00:00 nametype=NORMAL cap_fp=0 cap_fi=0 cap_fe=0 cap_fver=0 cap_frootid=0OUID="root" OGID="root"
type=PROCTITLE msg=audit(1778964788.616:60753): proctitle=707300617578002D2D6E6F2D68656164657273
type=SYSCALL msg=audit(1778964788.620:60754): arch=c000003e syscall=257 success=yes exit=4 a0=ffffff9c a1=7fb7e0bd1be1 a2=80000 a3=0 items=1 ppid=26899 pid=26902 auid=0 uid=1000 gid=1000 euid=1000 suid=1000 fsuid=1000 egid=1000 sgid=1000 fsgid=1000 tty=(none) ses=1676 comm="ps" exe="/usr/bin/ps" subj=unconfined key="passwd_access"ARCH=x86_64 SYSCALL=openat AUID="root" UID="svc_api" GID="svc_api" EUID="svc_api" SUID="svc_api" FSUID="svc_api" EGID="svc_api" SGID="svc_api" FSGID="svc_api"
type=CWD msg=audit(1778964788.620:60754): cwd="/home/svc_api"
type=PATH msg=audit(1778964788.620:60754): item=0 name="/etc/passwd" inode=134082 dev=08:01 mode=0100644 ouid=0 ogid=0 rdev=00:00 nametype=NORMAL cap_fp=0 cap_fi=0 cap_fe=0 cap_fver=0 cap_frootid=0OUID="root" OGID="root"
type=PROCTITLE msg=audit(1778964788.620:60754): proctitle=707300617578002D2D6E6F2D68656164657273
type=SYSCALL msg=audit(1778964788.628:60755): arch=c000003e syscall=59 success=yes exit=0 a0=56022248fc70 a1=56022248e190 a2=56022248b9b0 a3=87e4930b4fbe8f47 items=3 ppid=26899 pid=26910 auid=0 uid=1000 gid=1000 euid=0 suid=0 fsuid=0 egid=1000 sgid=1000 fsgid=1000 tty=(none) ses=1676 comm="find" exe="/usr/bin/find" subj=unconfined key="suid_escalation"ARCH=x86_64 SYSCALL=execve AUID="root" UID="svc_api" GID="svc_api" EUID="root" SUID="root" FSUID="root" EGID="svc_api" SGID="svc_api" FSGID="svc_api"
type=EXECVE msg=audit(1778964788.628:60755): argc=8 a0="find" a1="/home/svc_api" a2="-name" a3="*.log" a4="-newer" a5="/etc/hostname" a6="-maxdepth" a7="2"
type=CWD msg=audit(1778964788.628:60755): cwd="/home/svc_api"
type=PATH msg=audit(1778964788.628:60755): item=0 name="/usr/bin/find" inode=1953 dev=08:01 mode=0104755 ouid=0 ogid=0 rdev=00:00 nametype=NORMAL cap_fp=0 cap_fi=0 cap_fe=0 cap_fver=0 cap_frootid=0OUID="root" OGID="root"
type=PATH msg=audit(1778964788.628:60755): item=1 name="/usr/bin/find" inode=1953 dev=08:01 mode=0104755 ouid=0 ogid=0 rdev=00:00 nametype=NORMAL cap_fp=0 cap_fi=0 cap_fe=0 cap_fver=0 cap_frootid=0OUID="root" OGID="root"
type=PATH msg=audit(1778964788.628:60755): item=2 name="/lib64/ld-linux-x86-64.so.2" inode=40 dev=08:01 mode=0100755 ouid=0 ogid=0 rdev=00:00 nametype=NORMAL cap_fp=0 cap_fi=0 cap_fe=0 cap_fver=0 cap_frootid=0OUID="root" OGID="root"
type=PROCTITLE msg=audit(1778964788.628:60755): proctitle=66696E64002F686F6D652F7376635F617069002D6E616D65002A2E6C6F67002D6E65776572002F6574632F686F73746E616D65002D6D617864657074680032
type=SYSCALL msg=audit(1778964788.628:60756): arch=c000003e syscall=257 success=yes exit=6 a0=5 a1=55e2af479640 a2=b0900 a3=0 items=1 ppid=26899 pid=26910 auid=0 uid=1000 gid=1000 euid=0 suid=0 fsuid=0 egid=1000 sgid=1000 fsgid=1000 tty=(none) ses=1676 comm="find" exe="/usr/bin/find" subj=unconfined key="ssh_key_access"ARCH=x86_64 SYSCALL=openat AUID="root" UID="svc_api" GID="svc_api" EUID="root" SUID="root" FSUID="root" EGID="svc_api" SGID="svc_api" FSGID="svc_api"
type=CWD msg=audit(1778964788.628:60756): cwd="/home/svc_api"
type=PATH msg=audit(1778964788.628:60756): item=0 name=".ssh" inode=134022 dev=08:01 mode=040700 ouid=1000 ogid=1000 rdev=00:00 nametype=NORMAL cap_fp=0 cap_fi=0 cap_fe=0 cap_fver=0 cap_frootid=0OUID="svc_api" OGID="svc_api"
type=PROCTITLE msg=audit(1778964788.628:60756): proctitle=66696E64002F686F6D652F7376635F617069002D6E616D65002A2E6C6F67002D6E65776572002F6574632F686F73746E616D65002D6D617864657074680032
type=SYSCALL msg=audit(1778964849.324:60886): arch=c000003e syscall=257 success=yes exit=3 a0=ffffff9c a1=7fc87a245be1 a2=80000 a3=0 items=1 ppid=26965 pid=26966 auid=0 uid=1000 gid=1000 euid=1000 suid=1000 fsuid=1000 egid=1000 sgid=1000 fsgid=1000 tty=(none) ses=1679 comm="bash" exe="/usr/bin/bash" subj=unconfined key="passwd_access"ARCH=x86_64 SYSCALL=openat AUID="root" UID="svc_api" GID="svc_api" EUID="svc_api" SUID="svc_api" FSUID="svc_api" EGID="svc_api" SGID="svc_api" FSGID="svc_api"
type=CWD msg=audit(1778964849.324:60886): cwd="/home/svc_api"
type=PATH msg=audit(1778964849.324:60886): item=0 name="/etc/passwd" inode=134082 dev=08:01 mode=0100644 ouid=0 ogid=0 rdev=00:00 nametype=NORMAL cap_fp=0 cap_fi=0 cap_fe=0 cap_fver=0 cap_frootid=0OUID="root" OGID="root"
type=PROCTITLE msg=audit(1778964849.324:60886): proctitle=2D62617368002D63000A2020202020202020636174202F6574632F736861646F7720323E2F6465762F6E756C6C207C2068656164202D33203E202F6465762F6E756C6C207C7C20747275650A20202020202020206C73202D6C61202F726F6F742F2E73736820323E2F6465762F6E756C6C203E202F6465762F6E756C6C207C7C
type=SYSCALL msg=audit(1778964849.328:60887): arch=c000003e syscall=257 success=no exit=-13 a0=ffffff9c a1=7ffedea2df1a a2=0 a3=0 items=1 ppid=26966 pid=26968 auid=0 uid=1000 gid=1000 euid=1000 suid=1000 fsuid=1000 egid=1000 sgid=1000 fsgid=1000 tty=(none) ses=1679 comm="cat" exe="/usr/bin/cat" subj=unconfined key="shadow_access"ARCH=x86_64 SYSCALL=openat AUID="root" UID="svc_api" GID="svc_api" EUID="svc_api" SUID="svc_api" FSUID="svc_api" EGID="svc_api" SGID="svc_api" FSGID="svc_api"
type=CWD msg=audit(1778964849.328:60887): cwd="/home/svc_api"
type=PATH msg=audit(1778964849.328:60887): item=0 name="/etc/shadow" inode=134065 dev=08:01 mode=0100640 ouid=0 ogid=42 rdev=00:00 nametype=NORMAL cap_fp=0 cap_fi=0 cap_fe=0 cap_fver=0 cap_frootid=0OUID="root" OGID="shadow"
type=PROCTITLE msg=audit(1778964849.328:60887): proctitle=636174002F6574632F736861646F77
type=SYSCALL msg=audit(1778964849.328:60888): arch=c000003e syscall=59 success=yes exit=0 a0=557c38a614d0 a1=557c38a60610 a2=557c38a5f8c0 a3=0 items=3 ppid=26966 pid=26971 auid=0 uid=1000 gid=1000 euid=0 suid=0 fsuid=0 egid=1000 sgid=1000 fsgid=1000 tty=(none) ses=1679 comm="find" exe="/usr/bin/find" subj=unconfined key="suid_escalation"ARCH=x86_64 SYSCALL=execve AUID="root" UID="svc_api" GID="svc_api" EUID="root" SUID="root" FSUID="root" EGID="svc_api" SGID="svc_api" FSGID="svc_api"
type=EXECVE msg=audit(1778964849.328:60888): argc=4 a0="find" a1="/home" a2="-name" a3="id_rsa"
type=CWD msg=audit(1778964849.328:60888): cwd="/home/svc_api"
type=PATH msg=audit(1778964849.328:60888): item=0 name="/usr/bin/find" inode=1953 dev=08:01 mode=0104755 ouid=0 ogid=0 rdev=00:00 nametype=NORMAL cap_fp=0 cap_fi=0 cap_fe=0 cap_fver=0 cap_frootid=0OUID="root" OGID="root"
type=PATH msg=audit(1778964849.328:60888): item=1 name="/usr/bin/find" inode=1953 dev=08:01 mode=0104755 ouid=0 ogid=0 rdev=00:00 nametype=NORMAL cap_fp=0 cap_fi=0 cap_fe=0 cap_fver=0 cap_frootid=0OUID="root" OGID="root"
type=PATH msg=audit(1778964849.328:60888): item=2 name="/lib64/ld-linux-x86-64.so.2" inode=40 dev=08:01 mode=0100755 ouid=0 ogid=0 rdev=00:00 nametype=NORMAL cap_fp=0 cap_fi=0 cap_fe=0 cap_fver=0 cap_frootid=0OUID="root" OGID="root"
type=PROCTITLE msg=audit(1778964849.328:60888): proctitle=66696E64002F686F6D65002D6E616D650069645F727361
type=SYSCALL msg=audit(1778964849.332:60889): arch=c000003e syscall=257 success=yes exit=6 a0=7 a1=55d038f4b3e0 a2=b0900 a3=0 items=1 ppid=26966 pid=26971 auid=0 uid=1000 gid=1000 euid=0 suid=0 fsuid=0 egid=1000 sgid=1000 fsgid=1000 tty=(none) ses=1679 comm="find" exe="/usr/bin/find" subj=unconfined key="ssh_key_access"ARCH=x86_64 SYSCALL=openat AUID="root" UID="svc_api" GID="svc_api" EUID="root" SUID="root" FSUID="root" EGID="svc_api" SGID="svc_api" FSGID="svc_api"
type=CWD msg=audit(1778964849.332:60889): cwd="/home/svc_api"
type=PATH msg=audit(1778964849.332:60889): item=0 name=".ssh" inode=134022 dev=08:01 mode=040700 ouid=1000 ogid=1000 rdev=00:00 nametype=NORMAL cap_fp=0 cap_fi=0 cap_fe=0 cap_fver=0 cap_frootid=0OUID="svc_api" OGID="svc_api"
type=PROCTITLE msg=audit(1778964849.332:60889): proctitle=66696E64002F686F6D65002D6E616D650069645F727361
type=SYSCALL msg=audit(1778964910.500:61090): arch=c000003e syscall=257 success=yes exit=3 a0=ffffff9c a1=7fb49467bbe1 a2=80000 a3=0 items=1 ppid=27055 pid=27056 auid=0 uid=1000 gid=1000 euid=1000 suid=1000 fsuid=1000 egid=1000 sgid=1000 fsgid=1000 tty=(none) ses=1686 comm="bash" exe="/usr/bin/bash" subj=unconfined key="passwd_access"ARCH=x86_64 SYSCALL=openat AUID="root" UID="svc_api" GID="svc_api" EUID="svc_api" SUID="svc_api" FSUID="svc_api" EGID="svc_api" SGID="svc_api" FSGID="svc_api"
type=CWD msg=audit(1778964910.500:61090): cwd="/home/svc_api"
type=PATH msg=audit(1778964910.500:61090): item=0 name="/etc/passwd" inode=134082 dev=08:01 mode=0100644 ouid=0 ogid=0 rdev=00:00 nametype=NORMAL cap_fp=0 cap_fi=0 cap_fe=0 cap_fver=0 cap_frootid=0OUID="root" OGID="root"
type=PROCTITLE msg=audit(1778964910.500:61090): proctitle=2D62617368002D63000A2020202020202020636174202F70726F632F6C6F6164617667203E202F6465762F6E756C6C0A2020202020202020707320617578202D2D6E6F2D68656164657273207C2067726570206E657861636F72702D617069203E202F6465762F6E756C6C20323E2631207C7C20747275650A20202020202020
type=SYSCALL msg=audit(1778964910.508:61091): arch=c000003e syscall=257 success=yes exit=4 a0=ffffff9c a1=7f55d1d5fbe1 a2=80000 a3=0 items=1 ppid=27056 pid=27059 auid=0 uid=1000 gid=1000 euid=1000 suid=1000 fsuid=1000 egid=1000 sgid=1000 fsgid=1000 tty=(none) ses=1686 comm="ps" exe="/usr/bin/ps" subj=unconfined key="passwd_access"ARCH=x86_64 SYSCALL=openat AUID="root" UID="svc_api" GID="svc_api" EUID="svc_api" SUID="svc_api" FSUID="svc_api" EGID="svc_api" SGID="svc_api" FSGID="svc_api"
type=CWD msg=audit(1778964910.508:61091): cwd="/home/svc_api"
type=PATH msg=audit(1778964910.508:61091): item=0 name="/etc/passwd" inode=134082 dev=08:01 mode=0100644 ouid=0 ogid=0 rdev=00:00 nametype=NORMAL cap_fp=0 cap_fi=0 cap_fe=0 cap_fver=0 cap_frootid=0OUID="root" OGID="root"
type=PROCTITLE msg=audit(1778964910.508:61091): proctitle=707300617578002D2D6E6F2D68656164657273
type=SYSCALL msg=audit(1778964910.512:61092): arch=c000003e syscall=257 success=yes exit=4 a0=ffffff9c a1=7f55d1d5fbe1 a2=80000 a3=0 items=1 ppid=27056 pid=27059 auid=0 uid=1000 gid=1000 euid=1000 suid=1000 fsuid=1000 egid=1000 sgid=1000 fsgid=1000 tty=(none) ses=1686 comm="ps" exe="/usr/bin/ps" subj=unconfined key="passwd_access"ARCH=x86_64 SYSCALL=openat AUID="root" UID="svc_api" GID="svc_api" EUID="svc_api" SUID="svc_api" FSUID="svc_api" EGID="svc_api" SGID="svc_api" FSGID="svc_api"
type=CWD msg=audit(1778964910.512:61092): cwd="/home/svc_api"
type=PATH msg=audit(1778964910.512:61092): item=0 name="/etc/passwd" inode=134082 dev=08:01 mode=0100644 ouid=0 ogid=0 rdev=00:00 nametype=NORMAL cap_fp=0 cap_fi=0 cap_fe=0 cap_fver=0 cap_frootid=0OUID="root" OGID="root"
type=PROCTITLE msg=audit(1778964910.512:61092): proctitle=707300617578002D2D6E6F2D68656164657273
type=SYSCALL msg=audit(1778964910.512:61093): arch=c000003e syscall=257 success=yes exit=4 a0=ffffff9c a1=7f55d1d5fbe1 a2=80000 a3=0 items=1 ppid=27056 pid=27059 auid=0 uid=1000 gid=1000 euid=1000 suid=1000 fsuid=1000 egid=1000 sgid=1000 fsgid=1000 tty=(none) ses=1686 comm="ps" exe="/usr/bin/ps" subj=unconfined key="passwd_access"ARCH=x86_64 SYSCALL=openat AUID="root" UID="svc_api" GID="svc_api" EUID="svc_api" SUID="svc_api" FSUID="svc_api" EGID="svc_api" SGID="svc_api" FSGID="svc_api"
type=CWD msg=audit(1778964910.512:61093): cwd="/home/svc_api"
type=PATH msg=audit(1778964910.512:61093): item=0 name="/etc/passwd" inode=134082 dev=08:01 mode=0100644 ouid=0 ogid=0 rdev=00:00 nametype=NORMAL cap_fp=0 cap_fi=0 cap_fe=0 cap_fver=0 cap_frootid=0OUID="root" OGID="root"
type=PROCTITLE msg=audit(1778964910.512:61093): proctitle=707300617578002D2D6E6F2D68656164657273
type=SYSCALL msg=audit(1778964910.512:61094): arch=c000003e syscall=257 success=yes exit=4 a0=ffffff9c a1=7f55d1d5fbe1 a2=80000 a3=0 items=1 ppid=27056 pid=27059 auid=0 uid=1000 gid=1000 euid=1000 suid=1000 fsuid=1000 egid=1000 sgid=1000 fsgid=1000 tty=(none) ses=1686 comm="ps" exe="/usr/bin/ps" subj=unconfined key="passwd_access"ARCH=x86_64 SYSCALL=openat AUID="root" UID="svc_api" GID="svc_api" EUID="svc_api" SUID="svc_api" FSUID="svc_api" EGID="svc_api" SGID="svc_api" FSGID="svc_api"
type=CWD msg=audit(1778964910.512:61094): cwd="/home/svc_api"
type=PATH msg=audit(1778964910.512:61094): item=0 name="/etc/passwd" inode=134082 dev=08:01 mode=0100644 ouid=0 ogid=0 rdev=00:00 nametype=NORMAL cap_fp=0 cap_fi=0 cap_fe=0 cap_fver=0 cap_frootid=0OUID="root" OGID="root"
type=PROCTITLE msg=audit(1778964910.512:61094): proctitle=707300617578002D2D6E6F2D68656164657273
type=SYSCALL msg=audit(1778964910.520:61095): arch=c000003e syscall=59 success=yes exit=0 a0=55eaa0b79c70 a1=55eaa0b78190 a2=55eaa0b759b0 a3=7dd21a1c3cfd63a6 items=3 ppid=27056 pid=27067 auid=0 uid=1000 gid=1000 euid=0 suid=0 fsuid=0 egid=1000 sgid=1000 fsgid=1000 tty=(none) ses=1686 comm="find" exe="/usr/bin/find" subj=unconfined key="suid_escalation"ARCH=x86_64 SYSCALL=execve AUID="root" UID="svc_api" GID="svc_api" EUID="root" SUID="root" FSUID="root" EGID="svc_api" SGID="svc_api" FSGID="svc_api"
type=EXECVE msg=audit(1778964910.520:61095): argc=8 a0="find" a1="/home/svc_api" a2="-name" a3="*.log" a4="-newer" a5="/etc/hostname" a6="-maxdepth" a7="2"
type=CWD msg=audit(1778964910.520:61095): cwd="/home/svc_api"
type=PATH msg=audit(1778964910.520:61095): item=0 name="/usr/bin/find" inode=1953 dev=08:01 mode=0104755 ouid=0 ogid=0 rdev=00:00 nametype=NORMAL cap_fp=0 cap_fi=0 cap_fe=0 cap_fver=0 cap_frootid=0OUID="root" OGID="root"
type=PATH msg=audit(1778964910.520:61095): item=1 name="/usr/bin/find" inode=1953 dev=08:01 mode=0104755 ouid=0 ogid=0 rdev=00:00 nametype=NORMAL cap_fp=0 cap_fi=0 cap_fe=0 cap_fver=0 cap_frootid=0OUID="root" OGID="root"
type=PATH msg=audit(1778964910.520:61095): item=2 name="/lib64/ld-linux-x86-64.so.2" inode=40 dev=08:01 mode=0100755 ouid=0 ogid=0 rdev=00:00 nametype=NORMAL cap_fp=0 cap_fi=0 cap_fe=0 cap_fver=0 cap_frootid=0OUID="root" OGID="root"
type=PROCTITLE msg=audit(1778964910.520:61095): proctitle=66696E64002F686F6D652F7376635F617069002D6E616D65002A2E6C6F67002D6E65776572002F6574632F686F73746E616D65002D6D617864657074680032
type=SYSCALL msg=audit(1778964910.524:61096): arch=c000003e syscall=257 success=yes exit=6 a0=5 a1=55c011192640 a2=b0900 a3=0 items=1 ppid=27056 pid=27067 auid=0 uid=1000 gid=1000 euid=0 suid=0 fsuid=0 egid=1000 sgid=1000 fsgid=1000 tty=(none) ses=1686 comm="find" exe="/usr/bin/find" subj=unconfined key="ssh_key_access"ARCH=x86_64 SYSCALL=openat AUID="root" UID="svc_api" GID="svc_api" EUID="root" SUID="root" FSUID="root" EGID="svc_api" SGID="svc_api" FSGID="svc_api"
type=CWD msg=audit(1778964910.524:61096): cwd="/home/svc_api"
type=PATH msg=audit(1778964910.524:61096): item=0 name=".ssh" inode=134022 dev=08:01 mode=040700 ouid=1000 ogid=1000 rdev=00:00 nametype=NORMAL cap_fp=0 cap_fi=0 cap_fe=0 cap_fver=0 cap_frootid=0OUID="svc_api" OGID="svc_api"
type=PROCTITLE msg=audit(1778964910.524:61096): proctitle=66696E64002F686F6D652F7376635F617069002D6E616D65002A2E6C6F67002D6E65776572002F6574632F686F73746E616D65002D6D617864657074680032
type=SYSCALL msg=audit(1778964971.204:61226): arch=c000003e syscall=257 success=yes exit=3 a0=ffffff9c a1=7f9417b5bbe1 a2=80000 a3=0 items=1 ppid=27123 pid=27124 auid=0 uid=1000 gid=1000 euid=1000 suid=1000 fsuid=1000 egid=1000 sgid=1000 fsgid=1000 tty=(none) ses=1689 comm="bash" exe="/usr/bin/bash" subj=unconfined key="passwd_access"ARCH=x86_64 SYSCALL=openat AUID="root" UID="svc_api" GID="svc_api" EUID="svc_api" SUID="svc_api" FSUID="svc_api" EGID="svc_api" SGID="svc_api" FSGID="svc_api"
type=CWD msg=audit(1778964971.204:61226): cwd="/home/svc_api"
type=PATH msg=audit(1778964971.204:61226): item=0 name="/etc/passwd" inode=134082 dev=08:01 mode=0100644 ouid=0 ogid=0 rdev=00:00 nametype=NORMAL cap_fp=0 cap_fi=0 cap_fe=0 cap_fver=0 cap_frootid=0OUID="root" OGID="root"
type=PROCTITLE msg=audit(1778964971.204:61226): proctitle=2D62617368002D63000A2020202020202020636174202F6574632F736861646F7720323E2F6465762F6E756C6C207C2068656164202D33203E202F6465762F6E756C6C207C7C20747275650A20202020202020206C73202D6C61202F726F6F742F2E73736820323E2F6465762F6E756C6C203E202F6465762F6E756C6C207C7C
type=SYSCALL msg=audit(1778964971.208:61227): arch=c000003e syscall=257 success=no exit=-13 a0=ffffff9c a1=7ffd4b18ff1a a2=0 a3=0 items=1 ppid=27124 pid=27126 auid=0 uid=1000 gid=1000 euid=1000 suid=1000 fsuid=1000 egid=1000 sgid=1000 fsgid=1000 tty=(none) ses=1689 comm="cat" exe="/usr/bin/cat" subj=unconfined key="shadow_access"ARCH=x86_64 SYSCALL=openat AUID="root" UID="svc_api" GID="svc_api" EUID="svc_api" SUID="svc_api" FSUID="svc_api" EGID="svc_api" SGID="svc_api" FSGID="svc_api"
type=CWD msg=audit(1778964971.208:61227): cwd="/home/svc_api"
type=PATH msg=audit(1778964971.208:61227): item=0 name="/etc/shadow" inode=134065 dev=08:01 mode=0100640 ouid=0 ogid=42 rdev=00:00 nametype=NORMAL cap_fp=0 cap_fi=0 cap_fe=0 cap_fver=0 cap_frootid=0OUID="root" OGID="shadow"
type=PROCTITLE msg=audit(1778964971.208:61227): proctitle=636174002F6574632F736861646F77
type=SYSCALL msg=audit(1778964971.208:61228): arch=c000003e syscall=59 success=yes exit=0 a0=55cea58764d0 a1=55cea5875610 a2=55cea58748c0 a3=0 items=3 ppid=27124 pid=27129 auid=0 uid=1000 gid=1000 euid=0 suid=0 fsuid=0 egid=1000 sgid=1000 fsgid=1000 tty=(none) ses=1689 comm="find" exe="/usr/bin/find" subj=unconfined key="suid_escalation"ARCH=x86_64 SYSCALL=execve AUID="root" UID="svc_api" GID="svc_api" EUID="root" SUID="root" FSUID="root" EGID="svc_api" SGID="svc_api" FSGID="svc_api"
type=EXECVE msg=audit(1778964971.208:61228): argc=4 a0="find" a1="/home" a2="-name" a3="id_rsa"
type=CWD msg=audit(1778964971.208:61228): cwd="/home/svc_api"
type=PATH msg=audit(1778964971.208:61228): item=0 name="/usr/bin/find" inode=1953 dev=08:01 mode=0104755 ouid=0 ogid=0 rdev=00:00 nametype=NORMAL cap_fp=0 cap_fi=0 cap_fe=0 cap_fver=0 cap_frootid=0OUID="root" OGID="root"
type=PATH msg=audit(1778964971.208:61228): item=1 name="/usr/bin/find" inode=1953 dev=08:01 mode=0104755 ouid=0 ogid=0 rdev=00:00 nametype=NORMAL cap_fp=0 cap_fi=0 cap_fe=0 cap_fver=0 cap_frootid=0OUID="root" OGID="root"
type=PATH msg=audit(1778964971.208:61228): item=2 name="/lib64/ld-linux-x86-64.so.2" inode=40 dev=08:01 mode=0100755 ouid=0 ogid=0 rdev=00:00 nametype=NORMAL cap_fp=0 cap_fi=0 cap_fe=0 cap_fver=0 cap_frootid=0OUID="root" OGID="root"
type=PROCTITLE msg=audit(1778964971.208:61228): proctitle=66696E64002F686F6D65002D6E616D650069645F727361
type=SYSCALL msg=audit(1778964971.208:61229): arch=c000003e syscall=257 success=yes exit=6 a0=7 a1=555f0455b3e0 a2=b0900 a3=0 items=1 ppid=27124 pid=27129 auid=0 uid=1000 gid=1000 euid=0 suid=0 fsuid=0 egid=1000 sgid=1000 fsgid=1000 tty=(none) ses=1689 comm="find" exe="/usr/bin/find" subj=unconfined key="ssh_key_access"ARCH=x86_64 SYSCALL=openat AUID="root" UID="svc_api" GID="svc_api" EUID="root" SUID="root" FSUID="root" EGID="svc_api" SGID="svc_api" FSGID="svc_api"
type=CWD msg=audit(1778964971.208:61229): cwd="/home/svc_api"
type=PATH msg=audit(1778964971.208:61229): item=0 name=".ssh" inode=134022 dev=08:01 mode=040700 ouid=1000 ogid=1000 rdev=00:00 nametype=NORMAL cap_fp=0 cap_fi=0 cap_fe=0 cap_fver=0 cap_frootid=0OUID="svc_api" OGID="svc_api"
type=PROCTITLE msg=audit(1778964971.208:61229): proctitle=66696E64002F686F6D65002D6E616D650069645F727361
type=SYSCALL msg=audit(1778965032.412:61428): arch=c000003e syscall=257 success=yes exit=3 a0=ffffff9c a1=7f65b9373be1 a2=80000 a3=0 items=1 ppid=27204 pid=27205 auid=0 uid=1000 gid=1000 euid=1000 suid=1000 fsuid=1000 egid=1000 sgid=1000 fsgid=1000 tty=(none) ses=1696 comm="bash" exe="/usr/bin/bash" subj=unconfined key="passwd_access"ARCH=x86_64 SYSCALL=openat AUID="root" UID="svc_api" GID="svc_api" EUID="svc_api" SUID="svc_api" FSUID="svc_api" EGID="svc_api" SGID="svc_api" FSGID="svc_api"
type=CWD msg=audit(1778965032.412:61428): cwd="/home/svc_api"
type=PATH msg=audit(1778965032.412:61428): item=0 name="/etc/passwd" inode=134082 dev=08:01 mode=0100644 ouid=0 ogid=0 rdev=00:00 nametype=NORMAL cap_fp=0 cap_fi=0 cap_fe=0 cap_fver=0 cap_frootid=0OUID="root" OGID="root"
type=PROCTITLE msg=audit(1778965032.412:61428): proctitle=2D62617368002D63000A2020202020202020636174202F70726F632F6C6F6164617667203E202F6465762F6E756C6C0A2020202020202020707320617578202D2D6E6F2D68656164657273207C2067726570206E657861636F72702D617069203E202F6465762F6E756C6C20323E2631207C7C20747275650A20202020202020
type=SYSCALL msg=audit(1778965032.420:61429): arch=c000003e syscall=257 success=yes exit=4 a0=ffffff9c a1=7fc09d026be1 a2=80000 a3=0 items=1 ppid=27205 pid=27208 auid=0 uid=1000 gid=1000 euid=1000 suid=1000 fsuid=1000 egid=1000 sgid=1000 fsgid=1000 tty=(none) ses=1696 comm="ps" exe="/usr/bin/ps" subj=unconfined key="passwd_access"ARCH=x86_64 SYSCALL=openat AUID="root" UID="svc_api" GID="svc_api" EUID="svc_api" SUID="svc_api" FSUID="svc_api" EGID="svc_api" SGID="svc_api" FSGID="svc_api"
type=CWD msg=audit(1778965032.420:61429): cwd="/home/svc_api"
type=PATH msg=audit(1778965032.420:61429): item=0 name="/etc/passwd" inode=134082 dev=08:01 mode=0100644 ouid=0 ogid=0 rdev=00:00 nametype=NORMAL cap_fp=0 cap_fi=0 cap_fe=0 cap_fver=0 cap_frootid=0OUID="root" OGID="root"
type=PROCTITLE msg=audit(1778965032.420:61429): proctitle=707300617578002D2D6E6F2D68656164657273
type=SYSCALL msg=audit(1778965032.420:61430): arch=c000003e syscall=257 success=yes exit=4 a0=ffffff9c a1=7fc09d026be1 a2=80000 a3=0 items=1 ppid=27205 pid=27208 auid=0 uid=1000 gid=1000 euid=1000 suid=1000 fsuid=1000 egid=1000 sgid=1000 fsgid=1000 tty=(none) ses=1696 comm="ps" exe="/usr/bin/ps" subj=unconfined key="passwd_access"ARCH=x86_64 SYSCALL=openat AUID="root" UID="svc_api" GID="svc_api" EUID="svc_api" SUID="svc_api" FSUID="svc_api" EGID="svc_api" SGID="svc_api" FSGID="svc_api"
type=CWD msg=audit(1778965032.420:61430): cwd="/home/svc_api"
type=PATH msg=audit(1778965032.420:61430): item=0 name="/etc/passwd" inode=134082 dev=08:01 mode=0100644 ouid=0 ogid=0 rdev=00:00 nametype=NORMAL cap_fp=0 cap_fi=0 cap_fe=0 cap_fver=0 cap_frootid=0OUID="root" OGID="root"
type=PROCTITLE msg=audit(1778965032.420:61430): proctitle=707300617578002D2D6E6F2D68656164657273
type=SYSCALL msg=audit(1778965032.420:61431): arch=c000003e syscall=257 success=yes exit=4 a0=ffffff9c a1=7fc09d026be1 a2=80000 a3=0 items=1 ppid=27205 pid=27208 auid=0 uid=1000 gid=1000 euid=1000 suid=1000 fsuid=1000 egid=1000 sgid=1000 fsgid=1000 tty=(none) ses=1696 comm="ps" exe="/usr/bin/ps" subj=unconfined key="passwd_access"ARCH=x86_64 SYSCALL=openat AUID="root" UID="svc_api" GID="svc_api" EUID="svc_api" SUID="svc_api" FSUID="svc_api" EGID="svc_api" SGID="svc_api" FSGID="svc_api"
type=CWD msg=audit(1778965032.420:61431): cwd="/home/svc_api"
type=PATH msg=audit(1778965032.420:61431): item=0 name="/etc/passwd" inode=134082 dev=08:01 mode=0100644 ouid=0 ogid=0 rdev=00:00 nametype=NORMAL cap_fp=0 cap_fi=0 cap_fe=0 cap_fver=0 cap_frootid=0OUID="root" OGID="root"
type=PROCTITLE msg=audit(1778965032.420:61431): proctitle=707300617578002D2D6E6F2D68656164657273
type=SYSCALL msg=audit(1778965032.424:61432): arch=c000003e syscall=257 success=yes exit=4 a0=ffffff9c a1=7fc09d026be1 a2=80000 a3=0 items=1 ppid=27205 pid=27208 auid=0 uid=1000 gid=1000 euid=1000 suid=1000 fsuid=1000 egid=1000 sgid=1000 fsgid=1000 tty=(none) ses=1696 comm="ps" exe="/usr/bin/ps" subj=unconfined key="passwd_access"ARCH=x86_64 SYSCALL=openat AUID="root" UID="svc_api" GID="svc_api" EUID="svc_api" SUID="svc_api" FSUID="svc_api" EGID="svc_api" SGID="svc_api" FSGID="svc_api"
type=CWD msg=audit(1778965032.424:61432): cwd="/home/svc_api"
type=PATH msg=audit(1778965032.424:61432): item=0 name="/etc/passwd" inode=134082 dev=08:01 mode=0100644 ouid=0 ogid=0 rdev=00:00 nametype=NORMAL cap_fp=0 cap_fi=0 cap_fe=0 cap_fver=0 cap_frootid=0OUID="root" OGID="root"
type=PROCTITLE msg=audit(1778965032.424:61432): proctitle=707300617578002D2D6E6F2D68656164657273
type=SYSCALL msg=audit(1778965032.432:61433): arch=c000003e syscall=59 success=yes exit=0 a0=5650c1b6ac70 a1=5650c1b69190 a2=5650c1b669b0 a3=855a3a3b7f851a4c items=3 ppid=27205 pid=27216 auid=0 uid=1000 gid=1000 euid=0 suid=0 fsuid=0 egid=1000 sgid=1000 fsgid=1000 tty=(none) ses=1696 comm="find" exe="/usr/bin/find" subj=unconfined key="suid_escalation"ARCH=x86_64 SYSCALL=execve AUID="root" UID="svc_api" GID="svc_api" EUID="root" SUID="root" FSUID="root" EGID="svc_api" SGID="svc_api" FSGID="svc_api"
type=EXECVE msg=audit(1778965032.432:61433): argc=8 a0="find" a1="/home/svc_api" a2="-name" a3="*.log" a4="-newer" a5="/etc/hostname" a6="-maxdepth" a7="2"
type=CWD msg=audit(1778965032.432:61433): cwd="/home/svc_api"
type=PATH msg=audit(1778965032.432:61433): item=0 name="/usr/bin/find" inode=1953 dev=08:01 mode=0104755 ouid=0 ogid=0 rdev=00:00 nametype=NORMAL cap_fp=0 cap_fi=0 cap_fe=0 cap_fver=0 cap_frootid=0OUID="root" OGID="root"
type=PATH msg=audit(1778965032.432:61433): item=1 name="/usr/bin/find" inode=1953 dev=08:01 mode=0104755 ouid=0 ogid=0 rdev=00:00 nametype=NORMAL cap_fp=0 cap_fi=0 cap_fe=0 cap_fver=0 cap_frootid=0OUID="root" OGID="root"
type=PATH msg=audit(1778965032.432:61433): item=2 name="/lib64/ld-linux-x86-64.so.2" inode=40 dev=08:01 mode=0100755 ouid=0 ogid=0 rdev=00:00 nametype=NORMAL cap_fp=0 cap_fi=0 cap_fe=0 cap_fver=0 cap_frootid=0OUID="root" OGID="root"
type=PROCTITLE msg=audit(1778965032.432:61433): proctitle=66696E64002F686F6D652F7376635F617069002D6E616D65002A2E6C6F67002D6E65776572002F6574632F686F73746E616D65002D6D617864657074680032
type=SYSCALL msg=audit(1778965032.432:61434): arch=c000003e syscall=257 success=yes exit=6 a0=5 a1=55b850a89640 a2=b0900 a3=0 items=1 ppid=27205 pid=27216 auid=0 uid=1000 gid=1000 euid=0 suid=0 fsuid=0 egid=1000 sgid=1000 fsgid=1000 tty=(none) ses=1696 comm="find" exe="/usr/bin/find" subj=unconfined key="ssh_key_access"ARCH=x86_64 SYSCALL=openat AUID="root" UID="svc_api" GID="svc_api" EUID="root" SUID="root" FSUID="root" EGID="svc_api" SGID="svc_api" FSGID="svc_api"
type=CWD msg=audit(1778965032.432:61434): cwd="/home/svc_api"
type=PATH msg=audit(1778965032.432:61434): item=0 name=".ssh" inode=134022 dev=08:01 mode=040700 ouid=1000 ogid=1000 rdev=00:00 nametype=NORMAL cap_fp=0 cap_fi=0 cap_fe=0 cap_fver=0 cap_frootid=0OUID="svc_api" OGID="svc_api"
type=PROCTITLE msg=audit(1778965032.432:61434): proctitle=66696E64002F686F6D652F7376635F617069002D6E616D65002A2E6C6F67002D6E65776572002F6574632F686F73746E616D65002D6D617864657074680032
type=SYSCALL msg=audit(1778965093.112:61564): arch=c000003e syscall=257 success=yes exit=3 a0=ffffff9c a1=7f2ef974bbe1 a2=80000 a3=0 items=1 ppid=27272 pid=27273 auid=0 uid=1000 gid=1000 euid=1000 suid=1000 fsuid=1000 egid=1000 sgid=1000 fsgid=1000 tty=(none) ses=1699 comm="bash" exe="/usr/bin/bash" subj=unconfined key="passwd_access"ARCH=x86_64 SYSCALL=openat AUID="root" UID="svc_api" GID="svc_api" EUID="svc_api" SUID="svc_api" FSUID="svc_api" EGID="svc_api" SGID="svc_api" FSGID="svc_api"
type=CWD msg=audit(1778965093.112:61564): cwd="/home/svc_api"
type=PATH msg=audit(1778965093.112:61564): item=0 name="/etc/passwd" inode=134082 dev=08:01 mode=0100644 ouid=0 ogid=0 rdev=00:00 nametype=NORMAL cap_fp=0 cap_fi=0 cap_fe=0 cap_fver=0 cap_frootid=0OUID="root" OGID="root"
type=PROCTITLE msg=audit(1778965093.112:61564): proctitle=2D62617368002D63000A2020202020202020636174202F6574632F736861646F7720323E2F6465762F6E756C6C207C2068656164202D33203E202F6465762F6E756C6C207C7C20747275650A20202020202020206C73202D6C61202F726F6F742F2E73736820323E2F6465762F6E756C6C203E202F6465762F6E756C6C207C7C
type=SYSCALL msg=audit(1778965093.116:61565): arch=c000003e syscall=257 success=no exit=-13 a0=ffffff9c a1=7ffea062bf1a a2=0 a3=0 items=1 ppid=27273 pid=27275 auid=0 uid=1000 gid=1000 euid=1000 suid=1000 fsuid=1000 egid=1000 sgid=1000 fsgid=1000 tty=(none) ses=1699 comm="cat" exe="/usr/bin/cat" subj=unconfined key="shadow_access"ARCH=x86_64 SYSCALL=openat AUID="root" UID="svc_api" GID="svc_api" EUID="svc_api" SUID="svc_api" FSUID="svc_api" EGID="svc_api" SGID="svc_api" FSGID="svc_api"
type=CWD msg=audit(1778965093.116:61565): cwd="/home/svc_api"
type=PATH msg=audit(1778965093.116:61565): item=0 name="/etc/shadow" inode=134065 dev=08:01 mode=0100640 ouid=0 ogid=42 rdev=00:00 nametype=NORMAL cap_fp=0 cap_fi=0 cap_fe=0 cap_fver=0 cap_frootid=0OUID="root" OGID="shadow"
type=PROCTITLE msg=audit(1778965093.116:61565): proctitle=636174002F6574632F736861646F77
type=SYSCALL msg=audit(1778965093.116:61566): arch=c000003e syscall=59 success=yes exit=0 a0=5587a41014d0 a1=5587a4100610 a2=5587a40ff8c0 a3=0 items=3 ppid=27273 pid=27278 auid=0 uid=1000 gid=1000 euid=0 suid=0 fsuid=0 egid=1000 sgid=1000 fsgid=1000 tty=(none) ses=1699 comm="find" exe="/usr/bin/find" subj=unconfined key="suid_escalation"ARCH=x86_64 SYSCALL=execve AUID="root" UID="svc_api" GID="svc_api" EUID="root" SUID="root" FSUID="root" EGID="svc_api" SGID="svc_api" FSGID="svc_api"
type=EXECVE msg=audit(1778965093.116:61566): argc=4 a0="find" a1="/home" a2="-name" a3="id_rsa"
type=CWD msg=audit(1778965093.116:61566): cwd="/home/svc_api"
type=PATH msg=audit(1778965093.116:61566): item=0 name="/usr/bin/find" inode=1953 dev=08:01 mode=0104755 ouid=0 ogid=0 rdev=00:00 nametype=NORMAL cap_fp=0 cap_fi=0 cap_fe=0 cap_fver=0 cap_frootid=0OUID="root" OGID="root"
type=PATH msg=audit(1778965093.116:61566): item=1 name="/usr/bin/find" inode=1953 dev=08:01 mode=0104755 ouid=0 ogid=0 rdev=00:00 nametype=NORMAL cap_fp=0 cap_fi=0 cap_fe=0 cap_fver=0 cap_frootid=0OUID="root" OGID="root"
type=PATH msg=audit(1778965093.116:61566): item=2 name="/lib64/ld-linux-x86-64.so.2" inode=40 dev=08:01 mode=0100755 ouid=0 ogid=0 rdev=00:00 nametype=NORMAL cap_fp=0 cap_fi=0 cap_fe=0 cap_fver=0 cap_frootid=0OUID="root" OGID="root"
type=PROCTITLE msg=audit(1778965093.116:61566): proctitle=66696E64002F686F6D65002D6E616D650069645F727361
type=SYSCALL msg=audit(1778965093.120:61567): arch=c000003e syscall=257 success=yes exit=6 a0=7 a1=55ed4a02b3e0 a2=b0900 a3=0 items=1 ppid=27273 pid=27278 auid=0 uid=1000 gid=1000 euid=0 suid=0 fsuid=0 egid=1000 sgid=1000 fsgid=1000 tty=(none) ses=1699 comm="find" exe="/usr/bin/find" subj=unconfined key="ssh_key_access"ARCH=x86_64 SYSCALL=openat AUID="root" UID="svc_api" GID="svc_api" EUID="root" SUID="root" FSUID="root" EGID="svc_api" SGID="svc_api" FSGID="svc_api"
type=CWD msg=audit(1778965093.120:61567): cwd="/home/svc_api"
type=PATH msg=audit(1778965093.120:61567): item=0 name=".ssh" inode=134022 dev=08:01 mode=040700 ouid=1000 ogid=1000 rdev=00:00 nametype=NORMAL cap_fp=0 cap_fi=0 cap_fe=0 cap_fver=0 cap_frootid=0OUID="svc_api" OGID="svc_api"
type=PROCTITLE msg=audit(1778965093.120:61567): proctitle=66696E64002F686F6D65002D6E616D650069645F727361
type=SYSCALL msg=audit(1778965154.344:61767): arch=c000003e syscall=257 success=yes exit=3 a0=ffffff9c a1=7fcd7f8d2be1 a2=80000 a3=0 items=1 ppid=27354 pid=27355 auid=0 uid=1000 gid=1000 euid=1000 suid=1000 fsuid=1000 egid=1000 sgid=1000 fsgid=1000 tty=(none) ses=1706 comm="bash" exe="/usr/bin/bash" subj=unconfined key="passwd_access"ARCH=x86_64 SYSCALL=openat AUID="root" UID="svc_api" GID="svc_api" EUID="svc_api" SUID="svc_api" FSUID="svc_api" EGID="svc_api" SGID="svc_api" FSGID="svc_api"
type=CWD msg=audit(1778965154.344:61767): cwd="/home/svc_api"
type=PATH msg=audit(1778965154.344:61767): item=0 name="/etc/passwd" inode=134082 dev=08:01 mode=0100644 ouid=0 ogid=0 rdev=00:00 nametype=NORMAL cap_fp=0 cap_fi=0 cap_fe=0 cap_fver=0 cap_frootid=0OUID="root" OGID="root"
type=PROCTITLE msg=audit(1778965154.344:61767): proctitle=2D62617368002D63000A2020202020202020636174202F70726F632F6C6F6164617667203E202F6465762F6E756C6C0A2020202020202020707320617578202D2D6E6F2D68656164657273207C2067726570206E657861636F72702D617069203E202F6465762F6E756C6C20323E2631207C7C20747275650A20202020202020
type=SYSCALL msg=audit(1778965154.352:61768): arch=c000003e syscall=257 success=yes exit=4 a0=ffffff9c a1=7f904912dbe1 a2=80000 a3=0 items=1 ppid=27355 pid=27358 auid=0 uid=1000 gid=1000 euid=1000 suid=1000 fsuid=1000 egid=1000 sgid=1000 fsgid=1000 tty=(none) ses=1706 comm="ps" exe="/usr/bin/ps" subj=unconfined key="passwd_access"ARCH=x86_64 SYSCALL=openat AUID="root" UID="svc_api" GID="svc_api" EUID="svc_api" SUID="svc_api" FSUID="svc_api" EGID="svc_api" SGID="svc_api" FSGID="svc_api"
type=CWD msg=audit(1778965154.352:61768): cwd="/home/svc_api"
type=PATH msg=audit(1778965154.352:61768): item=0 name="/etc/passwd" inode=134082 dev=08:01 mode=0100644 ouid=0 ogid=0 rdev=00:00 nametype=NORMAL cap_fp=0 cap_fi=0 cap_fe=0 cap_fver=0 cap_frootid=0OUID="root" OGID="root"
type=PROCTITLE msg=audit(1778965154.352:61768): proctitle=707300617578002D2D6E6F2D68656164657273
type=SYSCALL msg=audit(1778965154.352:61769): arch=c000003e syscall=257 success=yes exit=4 a0=ffffff9c a1=7f904912dbe1 a2=80000 a3=0 items=1 ppid=27355 pid=27358 auid=0 uid=1000 gid=1000 euid=1000 suid=1000 fsuid=1000 egid=1000 sgid=1000 fsgid=1000 tty=(none) ses=1706 comm="ps" exe="/usr/bin/ps" subj=unconfined key="passwd_access"ARCH=x86_64 SYSCALL=openat AUID="root" UID="svc_api" GID="svc_api" EUID="svc_api" SUID="svc_api" FSUID="svc_api" EGID="svc_api" SGID="svc_api" FSGID="svc_api"
type=CWD msg=audit(1778965154.352:61769): cwd="/home/svc_api"
type=PATH msg=audit(1778965154.352:61769): item=0 name="/etc/passwd" inode=134082 dev=08:01 mode=0100644 ouid=0 ogid=0 rdev=00:00 nametype=NORMAL cap_fp=0 cap_fi=0 cap_fe=0 cap_fver=0 cap_frootid=0OUID="root" OGID="root"
type=PROCTITLE msg=audit(1778965154.352:61769): proctitle=707300617578002D2D6E6F2D68656164657273
type=SYSCALL msg=audit(1778965154.356:61770): arch=c000003e syscall=257 success=yes exit=4 a0=ffffff9c a1=7f904912dbe1 a2=80000 a3=0 items=1 ppid=27355 pid=27358 auid=0 uid=1000 gid=1000 euid=1000 suid=1000 fsuid=1000 egid=1000 sgid=1000 fsgid=1000 tty=(none) ses=1706 comm="ps" exe="/usr/bin/ps" subj=unconfined key="passwd_access"ARCH=x86_64 SYSCALL=openat AUID="root" UID="svc_api" GID="svc_api" EUID="svc_api" SUID="svc_api" FSUID="svc_api" EGID="svc_api" SGID="svc_api" FSGID="svc_api"
type=CWD msg=audit(1778965154.356:61770): cwd="/home/svc_api"
type=PATH msg=audit(1778965154.356:61770): item=0 name="/etc/passwd" inode=134082 dev=08:01 mode=0100644 ouid=0 ogid=0 rdev=00:00 nametype=NORMAL cap_fp=0 cap_fi=0 cap_fe=0 cap_fver=0 cap_frootid=0OUID="root" OGID="root"
type=PROCTITLE msg=audit(1778965154.356:61770): proctitle=707300617578002D2D6E6F2D68656164657273
type=SYSCALL msg=audit(1778965154.356:61771): arch=c000003e syscall=257 success=yes exit=4 a0=ffffff9c a1=7f904912dbe1 a2=80000 a3=0 items=1 ppid=27355 pid=27358 auid=0 uid=1000 gid=1000 euid=1000 suid=1000 fsuid=1000 egid=1000 sgid=1000 fsgid=1000 tty=(none) ses=1706 comm="ps" exe="/usr/bin/ps" subj=unconfined key="passwd_access"ARCH=x86_64 SYSCALL=openat AUID="root" UID="svc_api" GID="svc_api" EUID="svc_api" SUID="svc_api" FSUID="svc_api" EGID="svc_api" SGID="svc_api" FSGID="svc_api"
type=CWD msg=audit(1778965154.356:61771): cwd="/home/svc_api"
type=PATH msg=audit(1778965154.356:61771): item=0 name="/etc/passwd" inode=134082 dev=08:01 mode=0100644 ouid=0 ogid=0 rdev=00:00 nametype=NORMAL cap_fp=0 cap_fi=0 cap_fe=0 cap_fver=0 cap_frootid=0OUID="root" OGID="root"
type=PROCTITLE msg=audit(1778965154.356:61771): proctitle=707300617578002D2D6E6F2D68656164657273
type=SYSCALL msg=audit(1778965154.368:61772): arch=c000003e syscall=59 success=yes exit=0 a0=55dee3070c70 a1=55dee306f190 a2=55dee306c9b0 a3=7ea30dc8de9ce895 items=3 ppid=27355 pid=27366 auid=0 uid=1000 gid=1000 euid=0 suid=0 fsuid=0 egid=1000 sgid=1000 fsgid=1000 tty=(none) ses=1706 comm="find" exe="/usr/bin/find" subj=unconfined key="suid_escalation"ARCH=x86_64 SYSCALL=execve AUID="root" UID="svc_api" GID="svc_api" EUID="root" SUID="root" FSUID="root" EGID="svc_api" SGID="svc_api" FSGID="svc_api"
type=EXECVE msg=audit(1778965154.368:61772): argc=8 a0="find" a1="/home/svc_api" a2="-name" a3="*.log" a4="-newer" a5="/etc/hostname" a6="-maxdepth" a7="2"
type=CWD msg=audit(1778965154.368:61772): cwd="/home/svc_api"
type=PATH msg=audit(1778965154.368:61772): item=0 name="/usr/bin/find" inode=1953 dev=08:01 mode=0104755 ouid=0 ogid=0 rdev=00:00 nametype=NORMAL cap_fp=0 cap_fi=0 cap_fe=0 cap_fver=0 cap_frootid=0OUID="root" OGID="root"
type=PATH msg=audit(1778965154.368:61772): item=1 name="/usr/bin/find" inode=1953 dev=08:01 mode=0104755 ouid=0 ogid=0 rdev=00:00 nametype=NORMAL cap_fp=0 cap_fi=0 cap_fe=0 cap_fver=0 cap_frootid=0OUID="root" OGID="root"
type=PATH msg=audit(1778965154.368:61772): item=2 name="/lib64/ld-linux-x86-64.so.2" inode=40 dev=08:01 mode=0100755 ouid=0 ogid=0 rdev=00:00 nametype=NORMAL cap_fp=0 cap_fi=0 cap_fe=0 cap_fver=0 cap_frootid=0OUID="root" OGID="root"
type=PROCTITLE msg=audit(1778965154.368:61772): proctitle=66696E64002F686F6D652F7376635F617069002D6E616D65002A2E6C6F67002D6E65776572002F6574632F686F73746E616D65002D6D617864657074680032
type=SYSCALL msg=audit(1778965154.368:61773): arch=c000003e syscall=257 success=yes exit=6 a0=5 a1=55ff4513b640 a2=b0900 a3=0 items=1 ppid=27355 pid=27366 auid=0 uid=1000 gid=1000 euid=0 suid=0 fsuid=0 egid=1000 sgid=1000 fsgid=1000 tty=(none) ses=1706 comm="find" exe="/usr/bin/find" subj=unconfined key="ssh_key_access"ARCH=x86_64 SYSCALL=openat AUID="root" UID="svc_api" GID="svc_api" EUID="root" SUID="root" FSUID="root" EGID="svc_api" SGID="svc_api" FSGID="svc_api"
type=CWD msg=audit(1778965154.368:61773): cwd="/home/svc_api"
type=PATH msg=audit(1778965154.368:61773): item=0 name=".ssh" inode=134022 dev=08:01 mode=040700 ouid=1000 ogid=1000 rdev=00:00 nametype=NORMAL cap_fp=0 cap_fi=0 cap_fe=0 cap_fver=0 cap_frootid=0OUID="svc_api" OGID="svc_api"
type=PROCTITLE msg=audit(1778965154.368:61773): proctitle=66696E64002F686F6D652F7376635F617069002D6E616D65002A2E6C6F67002D6E65776572002F6574632F686F73746E616D65002D6D617864657074680032
type=SYSCALL msg=audit(1778965215.076:61913): arch=c000003e syscall=257 success=yes exit=3 a0=ffffff9c a1=7f5342f26be1 a2=80000 a3=0 items=1 ppid=27424 pid=27425 auid=0 uid=1000 gid=1000 euid=1000 suid=1000 fsuid=1000 egid=1000 sgid=1000 fsgid=1000 tty=(none) ses=1710 comm="bash" exe="/usr/bin/bash" subj=unconfined key="passwd_access"ARCH=x86_64 SYSCALL=openat AUID="root" UID="svc_api" GID="svc_api" EUID="svc_api" SUID="svc_api" FSUID="svc_api" EGID="svc_api" SGID="svc_api" FSGID="svc_api"
type=CWD msg=audit(1778965215.076:61913): cwd="/home/svc_api"
type=PATH msg=audit(1778965215.076:61913): item=0 name="/etc/passwd" inode=134082 dev=08:01 mode=0100644 ouid=0 ogid=0 rdev=00:00 nametype=NORMAL cap_fp=0 cap_fi=0 cap_fe=0 cap_fver=0 cap_frootid=0OUID="root" OGID="root"
type=PROCTITLE msg=audit(1778965215.076:61913): proctitle=2D62617368002D63000A2020202020202020636174202F6574632F736861646F7720323E2F6465762F6E756C6C207C2068656164202D33203E202F6465762F6E756C6C207C7C20747275650A20202020202020206C73202D6C61202F726F6F742F2E73736820323E2F6465762F6E756C6C203E202F6465762F6E756C6C207C7C
type=SYSCALL msg=audit(1778965215.080:61914): arch=c000003e syscall=257 success=no exit=-13 a0=ffffff9c a1=7fff32a68f1a a2=0 a3=0 items=1 ppid=27425 pid=27427 auid=0 uid=1000 gid=1000 euid=1000 suid=1000 fsuid=1000 egid=1000 sgid=1000 fsgid=1000 tty=(none) ses=1710 comm="cat" exe="/usr/bin/cat" subj=unconfined key="shadow_access"ARCH=x86_64 SYSCALL=openat AUID="root" UID="svc_api" GID="svc_api" EUID="svc_api" SUID="svc_api" FSUID="svc_api" EGID="svc_api" SGID="svc_api" FSGID="svc_api"
type=CWD msg=audit(1778965215.080:61914): cwd="/home/svc_api"
type=PATH msg=audit(1778965215.080:61914): item=0 name="/etc/shadow" inode=134065 dev=08:01 mode=0100640 ouid=0 ogid=42 rdev=00:00 nametype=NORMAL cap_fp=0 cap_fi=0 cap_fe=0 cap_fver=0 cap_frootid=0OUID="root" OGID="shadow"
type=PROCTITLE msg=audit(1778965215.080:61914): proctitle=636174002F6574632F736861646F77
type=SYSCALL msg=audit(1778965215.080:61915): arch=c000003e syscall=59 success=yes exit=0 a0=558ae742f4d0 a1=558ae742e610 a2=558ae742d8c0 a3=0 items=3 ppid=27425 pid=27430 auid=0 uid=1000 gid=1000 euid=0 suid=0 fsuid=0 egid=1000 sgid=1000 fsgid=1000 tty=(none) ses=1710 comm="find" exe="/usr/bin/find" subj=unconfined key="suid_escalation"ARCH=x86_64 SYSCALL=execve AUID="root" UID="svc_api" GID="svc_api" EUID="root" SUID="root" FSUID="root" EGID="svc_api" SGID="svc_api" FSGID="svc_api"
type=EXECVE msg=audit(1778965215.080:61915): argc=4 a0="find" a1="/home" a2="-name" a3="id_rsa"
type=CWD msg=audit(1778965215.080:61915): cwd="/home/svc_api"
type=PATH msg=audit(1778965215.080:61915): item=0 name="/usr/bin/find" inode=1953 dev=08:01 mode=0104755 ouid=0 ogid=0 rdev=00:00 nametype=NORMAL cap_fp=0 cap_fi=0 cap_fe=0 cap_fver=0 cap_frootid=0OUID="root" OGID="root"
type=PATH msg=audit(1778965215.080:61915): item=1 name="/usr/bin/find" inode=1953 dev=08:01 mode=0104755 ouid=0 ogid=0 rdev=00:00 nametype=NORMAL cap_fp=0 cap_fi=0 cap_fe=0 cap_fver=0 cap_frootid=0OUID="root" OGID="root"
type=PATH msg=audit(1778965215.080:61915): item=2 name="/lib64/ld-linux-x86-64.so.2" inode=40 dev=08:01 mode=0100755 ouid=0 ogid=0 rdev=00:00 nametype=NORMAL cap_fp=0 cap_fi=0 cap_fe=0 cap_fver=0 cap_frootid=0OUID="root" OGID="root"
type=PROCTITLE msg=audit(1778965215.080:61915): proctitle=66696E64002F686F6D65002D6E616D650069645F727361
type=SYSCALL msg=audit(1778965215.084:61916): arch=c000003e syscall=257 success=yes exit=6 a0=7 a1=55870195f3e0 a2=b0900 a3=0 items=1 ppid=27425 pid=27430 auid=0 uid=1000 gid=1000 euid=0 suid=0 fsuid=0 egid=1000 sgid=1000 fsgid=1000 tty=(none) ses=1710 comm="find" exe="/usr/bin/find" subj=unconfined key="ssh_key_access"ARCH=x86_64 SYSCALL=openat AUID="root" UID="svc_api" GID="svc_api" EUID="root" SUID="root" FSUID="root" EGID="svc_api" SGID="svc_api" FSGID="svc_api"
type=CWD msg=audit(1778965215.084:61916): cwd="/home/svc_api"
type=PATH msg=audit(1778965215.084:61916): item=0 name=".ssh" inode=134022 dev=08:01 mode=040700 ouid=1000 ogid=1000 rdev=00:00 nametype=NORMAL cap_fp=0 cap_fi=0 cap_fe=0 cap_fver=0 cap_frootid=0OUID="svc_api" OGID="svc_api"
type=PROCTITLE msg=audit(1778965215.084:61916): proctitle=66696E64002F686F6D65002D6E616D650069645F727361
type=SYSCALL msg=audit(1778965276.260:62117): arch=c000003e syscall=257 success=yes exit=3 a0=ffffff9c a1=7f419b56bbe1 a2=80000 a3=0 items=1 ppid=27515 pid=27516 auid=0 uid=1000 gid=1000 euid=1000 suid=1000 fsuid=1000 egid=1000 sgid=1000 fsgid=1000 tty=(none) ses=1717 comm="bash" exe="/usr/bin/bash" subj=unconfined key="passwd_access"ARCH=x86_64 SYSCALL=openat AUID="root" UID="svc_api" GID="svc_api" EUID="svc_api" SUID="svc_api" FSUID="svc_api" EGID="svc_api" SGID="svc_api" FSGID="svc_api"
type=CWD msg=audit(1778965276.260:62117): cwd="/home/svc_api"
type=PATH msg=audit(1778965276.260:62117): item=0 name="/etc/passwd" inode=134082 dev=08:01 mode=0100644 ouid=0 ogid=0 rdev=00:00 nametype=NORMAL cap_fp=0 cap_fi=0 cap_fe=0 cap_fver=0 cap_frootid=0OUID="root" OGID="root"
type=PROCTITLE msg=audit(1778965276.260:62117): proctitle=2D62617368002D63000A2020202020202020636174202F70726F632F6C6F6164617667203E202F6465762F6E756C6C0A2020202020202020707320617578202D2D6E6F2D68656164657273207C2067726570206E657861636F72702D617069203E202F6465762F6E756C6C20323E2631207C7C20747275650A20202020202020
type=SYSCALL msg=audit(1778965276.268:62118): arch=c000003e syscall=257 success=yes exit=4 a0=ffffff9c a1=7f36d09a6be1 a2=80000 a3=0 items=1 ppid=27516 pid=27519 auid=0 uid=1000 gid=1000 euid=1000 suid=1000 fsuid=1000 egid=1000 sgid=1000 fsgid=1000 tty=(none) ses=1717 comm="ps" exe="/usr/bin/ps" subj=unconfined key="passwd_access"ARCH=x86_64 SYSCALL=openat AUID="root" UID="svc_api" GID="svc_api" EUID="svc_api" SUID="svc_api" FSUID="svc_api" EGID="svc_api" SGID="svc_api" FSGID="svc_api"
type=CWD msg=audit(1778965276.268:62118): cwd="/home/svc_api"
type=PATH msg=audit(1778965276.268:62118): item=0 name="/etc/passwd" inode=134082 dev=08:01 mode=0100644 ouid=0 ogid=0 rdev=00:00 nametype=NORMAL cap_fp=0 cap_fi=0 cap_fe=0 cap_fver=0 cap_frootid=0OUID="root" OGID="root"
type=PROCTITLE msg=audit(1778965276.268:62118): proctitle=707300617578002D2D6E6F2D68656164657273
type=SYSCALL msg=audit(1778965276.272:62119): arch=c000003e syscall=257 success=yes exit=4 a0=ffffff9c a1=7f36d09a6be1 a2=80000 a3=0 items=1 ppid=27516 pid=27519 auid=0 uid=1000 gid=1000 euid=1000 suid=1000 fsuid=1000 egid=1000 sgid=1000 fsgid=1000 tty=(none) ses=1717 comm="ps" exe="/usr/bin/ps" subj=unconfined key="passwd_access"ARCH=x86_64 SYSCALL=openat AUID="root" UID="svc_api" GID="svc_api" EUID="svc_api" SUID="svc_api" FSUID="svc_api" EGID="svc_api" SGID="svc_api" FSGID="svc_api"
type=CWD msg=audit(1778965276.272:62119): cwd="/home/svc_api"
type=PATH msg=audit(1778965276.272:62119): item=0 name="/etc/passwd" inode=134082 dev=08:01 mode=0100644 ouid=0 ogid=0 rdev=00:00 nametype=NORMAL cap_fp=0 cap_fi=0 cap_fe=0 cap_fver=0 cap_frootid=0OUID="root" OGID="root"
type=PROCTITLE msg=audit(1778965276.272:62119): proctitle=707300617578002D2D6E6F2D68656164657273
type=SYSCALL msg=audit(1778965276.272:62120): arch=c000003e syscall=257 success=yes exit=4 a0=ffffff9c a1=7f36d09a6be1 a2=80000 a3=0 items=1 ppid=27516 pid=27519 auid=0 uid=1000 gid=1000 euid=1000 suid=1000 fsuid=1000 egid=1000 sgid=1000 fsgid=1000 tty=(none) ses=1717 comm="ps" exe="/usr/bin/ps" subj=unconfined key="passwd_access"ARCH=x86_64 SYSCALL=openat AUID="root" UID="svc_api" GID="svc_api" EUID="svc_api" SUID="svc_api" FSUID="svc_api" EGID="svc_api" SGID="svc_api" FSGID="svc_api"
type=CWD msg=audit(1778965276.272:62120): cwd="/home/svc_api"
type=PATH msg=audit(1778965276.272:62120): item=0 name="/etc/passwd" inode=134082 dev=08:01 mode=0100644 ouid=0 ogid=0 rdev=00:00 nametype=NORMAL cap_fp=0 cap_fi=0 cap_fe=0 cap_fver=0 cap_frootid=0OUID="root" OGID="root"
type=PROCTITLE msg=audit(1778965276.272:62120): proctitle=707300617578002D2D6E6F2D68656164657273
type=SYSCALL msg=audit(1778965276.272:62121): arch=c000003e syscall=257 success=yes exit=4 a0=ffffff9c a1=7f36d09a6be1 a2=80000 a3=0 items=1 ppid=27516 pid=27519 auid=0 uid=1000 gid=1000 euid=1000 suid=1000 fsuid=1000 egid=1000 sgid=1000 fsgid=1000 tty=(none) ses=1717 comm="ps" exe="/usr/bin/ps" subj=unconfined key="passwd_access"ARCH=x86_64 SYSCALL=openat AUID="root" UID="svc_api" GID="svc_api" EUID="svc_api" SUID="svc_api" FSUID="svc_api" EGID="svc_api" SGID="svc_api" FSGID="svc_api"
type=CWD msg=audit(1778965276.272:62121): cwd="/home/svc_api"
type=PATH msg=audit(1778965276.272:62121): item=0 name="/etc/passwd" inode=134082 dev=08:01 mode=0100644 ouid=0 ogid=0 rdev=00:00 nametype=NORMAL cap_fp=0 cap_fi=0 cap_fe=0 cap_fver=0 cap_frootid=0OUID="root" OGID="root"
type=PROCTITLE msg=audit(1778965276.272:62121): proctitle=707300617578002D2D6E6F2D68656164657273
type=SYSCALL msg=audit(1778965276.284:62122): arch=c000003e syscall=59 success=yes exit=0 a0=55c9fb410c70 a1=55c9fb40f190 a2=55c9fb40c9b0 a3=b3cb5dbff8d9c4ab items=3 ppid=27516 pid=27527 auid=0 uid=1000 gid=1000 euid=0 suid=0 fsuid=0 egid=1000 sgid=1000 fsgid=1000 tty=(none) ses=1717 comm="find" exe="/usr/bin/find" subj=unconfined key="suid_escalation"ARCH=x86_64 SYSCALL=execve AUID="root" UID="svc_api" GID="svc_api" EUID="root" SUID="root" FSUID="root" EGID="svc_api" SGID="svc_api" FSGID="svc_api"
type=EXECVE msg=audit(1778965276.284:62122): argc=8 a0="find" a1="/home/svc_api" a2="-name" a3="*.log" a4="-newer" a5="/etc/hostname" a6="-maxdepth" a7="2"
type=CWD msg=audit(1778965276.284:62122): cwd="/home/svc_api"
type=PATH msg=audit(1778965276.284:62122): item=0 name="/usr/bin/find" inode=1953 dev=08:01 mode=0104755 ouid=0 ogid=0 rdev=00:00 nametype=NORMAL cap_fp=0 cap_fi=0 cap_fe=0 cap_fver=0 cap_frootid=0OUID="root" OGID="root"
type=PATH msg=audit(1778965276.284:62122): item=1 name="/usr/bin/find" inode=1953 dev=08:01 mode=0104755 ouid=0 ogid=0 rdev=00:00 nametype=NORMAL cap_fp=0 cap_fi=0 cap_fe=0 cap_fver=0 cap_frootid=0OUID="root" OGID="root"
type=PATH msg=audit(1778965276.284:62122): item=2 name="/lib64/ld-linux-x86-64.so.2" inode=40 dev=08:01 mode=0100755 ouid=0 ogid=0 rdev=00:00 nametype=NORMAL cap_fp=0 cap_fi=0 cap_fe=0 cap_fver=0 cap_frootid=0OUID="root" OGID="root"
type=PROCTITLE msg=audit(1778965276.284:62122): proctitle=66696E64002F686F6D652F7376635F617069002D6E616D65002A2E6C6F67002D6E65776572002F6574632F686F73746E616D65002D6D617864657074680032
type=SYSCALL msg=audit(1778965276.284:62123): arch=c000003e syscall=257 success=yes exit=6 a0=5 a1=5571f193b640 a2=b0900 a3=0 items=1 ppid=27516 pid=27527 auid=0 uid=1000 gid=1000 euid=0 suid=0 fsuid=0 egid=1000 sgid=1000 fsgid=1000 tty=(none) ses=1717 comm="find" exe="/usr/bin/find" subj=unconfined key="ssh_key_access"ARCH=x86_64 SYSCALL=openat AUID="root" UID="svc_api" GID="svc_api" EUID="root" SUID="root" FSUID="root" EGID="svc_api" SGID="svc_api" FSGID="svc_api"
type=CWD msg=audit(1778965276.284:62123): cwd="/home/svc_api"
type=PATH msg=audit(1778965276.284:62123): item=0 name=".ssh" inode=134022 dev=08:01 mode=040700 ouid=1000 ogid=1000 rdev=00:00 nametype=NORMAL cap_fp=0 cap_fi=0 cap_fe=0 cap_fver=0 cap_frootid=0OUID="svc_api" OGID="svc_api"
type=PROCTITLE msg=audit(1778965276.284:62123): proctitle=66696E64002F686F6D652F7376635F617069002D6E616D65002A2E6C6F67002D6E65776572002F6574632F686F73746E616D65002D6D617864657074680032
type=SYSCALL msg=audit(1778965336.980:62253): arch=c000003e syscall=257 success=yes exit=3 a0=ffffff9c a1=7f6639a85be1 a2=80000 a3=0 items=1 ppid=27582 pid=27583 auid=0 uid=1000 gid=1000 euid=1000 suid=1000 fsuid=1000 egid=1000 sgid=1000 fsgid=1000 tty=(none) ses=1720 comm="bash" exe="/usr/bin/bash" subj=unconfined key="passwd_access"ARCH=x86_64 SYSCALL=openat AUID="root" UID="svc_api" GID="svc_api" EUID="svc_api" SUID="svc_api" FSUID="svc_api" EGID="svc_api" SGID="svc_api" FSGID="svc_api"
type=CWD msg=audit(1778965336.980:62253): cwd="/home/svc_api"
type=PATH msg=audit(1778965336.980:62253): item=0 name="/etc/passwd" inode=134082 dev=08:01 mode=0100644 ouid=0 ogid=0 rdev=00:00 nametype=NORMAL cap_fp=0 cap_fi=0 cap_fe=0 cap_fver=0 cap_frootid=0OUID="root" OGID="root"
type=PROCTITLE msg=audit(1778965336.980:62253): proctitle=2D62617368002D63000A2020202020202020636174202F6574632F736861646F7720323E2F6465762F6E756C6C207C2068656164202D33203E202F6465762F6E756C6C207C7C20747275650A20202020202020206C73202D6C61202F726F6F742F2E73736820323E2F6465762F6E756C6C203E202F6465762F6E756C6C207C7C
type=SYSCALL msg=audit(1778965336.984:62254): arch=c000003e syscall=257 success=no exit=-13 a0=ffffff9c a1=7ffe96cb7f1a a2=0 a3=0 items=1 ppid=27583 pid=27585 auid=0 uid=1000 gid=1000 euid=1000 suid=1000 fsuid=1000 egid=1000 sgid=1000 fsgid=1000 tty=(none) ses=1720 comm="cat" exe="/usr/bin/cat" subj=unconfined key="shadow_access"ARCH=x86_64 SYSCALL=openat AUID="root" UID="svc_api" GID="svc_api" EUID="svc_api" SUID="svc_api" FSUID="svc_api" EGID="svc_api" SGID="svc_api" FSGID="svc_api"
type=CWD msg=audit(1778965336.984:62254): cwd="/home/svc_api"
type=PATH msg=audit(1778965336.984:62254): item=0 name="/etc/shadow" inode=134065 dev=08:01 mode=0100640 ouid=0 ogid=42 rdev=00:00 nametype=NORMAL cap_fp=0 cap_fi=0 cap_fe=0 cap_fver=0 cap_frootid=0OUID="root" OGID="shadow"
type=PROCTITLE msg=audit(1778965336.984:62254): proctitle=636174002F6574632F736861646F77
type=SYSCALL msg=audit(1778965336.984:62255): arch=c000003e syscall=59 success=yes exit=0 a0=561e3ce0b4d0 a1=561e3ce0a610 a2=561e3ce098c0 a3=0 items=3 ppid=27583 pid=27588 auid=0 uid=1000 gid=1000 euid=0 suid=0 fsuid=0 egid=1000 sgid=1000 fsgid=1000 tty=(none) ses=1720 comm="find" exe="/usr/bin/find" subj=unconfined key="suid_escalation"ARCH=x86_64 SYSCALL=execve AUID="root" UID="svc_api" GID="svc_api" EUID="root" SUID="root" FSUID="root" EGID="svc_api" SGID="svc_api" FSGID="svc_api"
type=EXECVE msg=audit(1778965336.984:62255): argc=4 a0="find" a1="/home" a2="-name" a3="id_rsa"
type=CWD msg=audit(1778965336.984:62255): cwd="/home/svc_api"
type=PATH msg=audit(1778965336.984:62255): item=0 name="/usr/bin/find" inode=1953 dev=08:01 mode=0104755 ouid=0 ogid=0 rdev=00:00 nametype=NORMAL cap_fp=0 cap_fi=0 cap_fe=0 cap_fver=0 cap_frootid=0OUID="root" OGID="root"
type=PATH msg=audit(1778965336.984:62255): item=1 name="/usr/bin/find" inode=1953 dev=08:01 mode=0104755 ouid=0 ogid=0 rdev=00:00 nametype=NORMAL cap_fp=0 cap_fi=0 cap_fe=0 cap_fver=0 cap_frootid=0OUID="root" OGID="root"
type=PATH msg=audit(1778965336.984:62255): item=2 name="/lib64/ld-linux-x86-64.so.2" inode=40 dev=08:01 mode=0100755 ouid=0 ogid=0 rdev=00:00 nametype=NORMAL cap_fp=0 cap_fi=0 cap_fe=0 cap_fver=0 cap_frootid=0OUID="root" OGID="root"
type=PROCTITLE msg=audit(1778965336.984:62255): proctitle=66696E64002F686F6D65002D6E616D650069645F727361
type=SYSCALL msg=audit(1778965336.988:62256): arch=c000003e syscall=257 success=yes exit=6 a0=7 a1=55930ff853e0 a2=b0900 a3=0 items=1 ppid=27583 pid=27588 auid=0 uid=1000 gid=1000 euid=0 suid=0 fsuid=0 egid=1000 sgid=1000 fsgid=1000 tty=(none) ses=1720 comm="find" exe="/usr/bin/find" subj=unconfined key="ssh_key_access"ARCH=x86_64 SYSCALL=openat AUID="root" UID="svc_api" GID="svc_api" EUID="root" SUID="root" FSUID="root" EGID="svc_api" SGID="svc_api" FSGID="svc_api"
type=CWD msg=audit(1778965336.988:62256): cwd="/home/svc_api"
type=PATH msg=audit(1778965336.988:62256): item=0 name=".ssh" inode=134022 dev=08:01 mode=040700 ouid=1000 ogid=1000 rdev=00:00 nametype=NORMAL cap_fp=0 cap_fi=0 cap_fe=0 cap_fver=0 cap_frootid=0OUID="svc_api" OGID="svc_api"
type=PROCTITLE msg=audit(1778965336.988:62256): proctitle=66696E64002F686F6D65002D6E616D650069645F727361
type=SYSCALL msg=audit(1778965398.160:62453): arch=c000003e syscall=257 success=yes exit=3 a0=ffffff9c a1=7fa5ab00ebe1 a2=80000 a3=0 items=1 ppid=27664 pid=27665 auid=0 uid=1000 gid=1000 euid=1000 suid=1000 fsuid=1000 egid=1000 sgid=1000 fsgid=1000 tty=(none) ses=1727 comm="bash" exe="/usr/bin/bash" subj=unconfined key="passwd_access"ARCH=x86_64 SYSCALL=openat AUID="root" UID="svc_api" GID="svc_api" EUID="svc_api" SUID="svc_api" FSUID="svc_api" EGID="svc_api" SGID="svc_api" FSGID="svc_api"
type=CWD msg=audit(1778965398.160:62453): cwd="/home/svc_api"
type=PATH msg=audit(1778965398.160:62453): item=0 name="/etc/passwd" inode=134082 dev=08:01 mode=0100644 ouid=0 ogid=0 rdev=00:00 nametype=NORMAL cap_fp=0 cap_fi=0 cap_fe=0 cap_fver=0 cap_frootid=0OUID="root" OGID="root"
type=PROCTITLE msg=audit(1778965398.160:62453): proctitle=2D62617368002D63000A2020202020202020636174202F70726F632F6C6F6164617667203E202F6465762F6E756C6C0A2020202020202020707320617578202D2D6E6F2D68656164657273207C2067726570206E657861636F72702D617069203E202F6465762F6E756C6C20323E2631207C7C20747275650A20202020202020
type=SYSCALL msg=audit(1778965398.168:62454): arch=c000003e syscall=257 success=yes exit=4 a0=ffffff9c a1=7f03ba914be1 a2=80000 a3=0 items=1 ppid=27665 pid=27668 auid=0 uid=1000 gid=1000 euid=1000 suid=1000 fsuid=1000 egid=1000 sgid=1000 fsgid=1000 tty=(none) ses=1727 comm="ps" exe="/usr/bin/ps" subj=unconfined key="passwd_access"ARCH=x86_64 SYSCALL=openat AUID="root" UID="svc_api" GID="svc_api" EUID="svc_api" SUID="svc_api" FSUID="svc_api" EGID="svc_api" SGID="svc_api" FSGID="svc_api"
type=CWD msg=audit(1778965398.168:62454): cwd="/home/svc_api"
type=PATH msg=audit(1778965398.168:62454): item=0 name="/etc/passwd" inode=134082 dev=08:01 mode=0100644 ouid=0 ogid=0 rdev=00:00 nametype=NORMAL cap_fp=0 cap_fi=0 cap_fe=0 cap_fver=0 cap_frootid=0OUID="root" OGID="root"
type=PROCTITLE msg=audit(1778965398.168:62454): proctitle=707300617578002D2D6E6F2D68656164657273
type=SYSCALL msg=audit(1778965398.172:62455): arch=c000003e syscall=257 success=yes exit=4 a0=ffffff9c a1=7f03ba914be1 a2=80000 a3=0 items=1 ppid=27665 pid=27668 auid=0 uid=1000 gid=1000 euid=1000 suid=1000 fsuid=1000 egid=1000 sgid=1000 fsgid=1000 tty=(none) ses=1727 comm="ps" exe="/usr/bin/ps" subj=unconfined key="passwd_access"ARCH=x86_64 SYSCALL=openat AUID="root" UID="svc_api" GID="svc_api" EUID="svc_api" SUID="svc_api" FSUID="svc_api" EGID="svc_api" SGID="svc_api" FSGID="svc_api"
type=CWD msg=audit(1778965398.172:62455): cwd="/home/svc_api"
type=PATH msg=audit(1778965398.172:62455): item=0 name="/etc/passwd" inode=134082 dev=08:01 mode=0100644 ouid=0 ogid=0 rdev=00:00 nametype=NORMAL cap_fp=0 cap_fi=0 cap_fe=0 cap_fver=0 cap_frootid=0OUID="root" OGID="root"
type=PROCTITLE msg=audit(1778965398.172:62455): proctitle=707300617578002D2D6E6F2D68656164657273
type=SYSCALL msg=audit(1778965398.172:62456): arch=c000003e syscall=257 success=yes exit=4 a0=ffffff9c a1=7f03ba914be1 a2=80000 a3=0 items=1 ppid=27665 pid=27668 auid=0 uid=1000 gid=1000 euid=1000 suid=1000 fsuid=1000 egid=1000 sgid=1000 fsgid=1000 tty=(none) ses=1727 comm="ps" exe="/usr/bin/ps" subj=unconfined key="passwd_access"ARCH=x86_64 SYSCALL=openat AUID="root" UID="svc_api" GID="svc_api" EUID="svc_api" SUID="svc_api" FSUID="svc_api" EGID="svc_api" SGID="svc_api" FSGID="svc_api"
type=CWD msg=audit(1778965398.172:62456): cwd="/home/svc_api"
type=PATH msg=audit(1778965398.172:62456): item=0 name="/etc/passwd" inode=134082 dev=08:01 mode=0100644 ouid=0 ogid=0 rdev=00:00 nametype=NORMAL cap_fp=0 cap_fi=0 cap_fe=0 cap_fver=0 cap_frootid=0OUID="root" OGID="root"
type=PROCTITLE msg=audit(1778965398.172:62456): proctitle=707300617578002D2D6E6F2D68656164657273
type=SYSCALL msg=audit(1778965398.172:62457): arch=c000003e syscall=257 success=yes exit=4 a0=ffffff9c a1=7f03ba914be1 a2=80000 a3=0 items=1 ppid=27665 pid=27668 auid=0 uid=1000 gid=1000 euid=1000 suid=1000 fsuid=1000 egid=1000 sgid=1000 fsgid=1000 tty=(none) ses=1727 comm="ps" exe="/usr/bin/ps" subj=unconfined key="passwd_access"ARCH=x86_64 SYSCALL=openat AUID="root" UID="svc_api" GID="svc_api" EUID="svc_api" SUID="svc_api" FSUID="svc_api" EGID="svc_api" SGID="svc_api" FSGID="svc_api"
type=CWD msg=audit(1778965398.172:62457): cwd="/home/svc_api"
type=PATH msg=audit(1778965398.172:62457): item=0 name="/etc/passwd" inode=134082 dev=08:01 mode=0100644 ouid=0 ogid=0 rdev=00:00 nametype=NORMAL cap_fp=0 cap_fi=0 cap_fe=0 cap_fver=0 cap_frootid=0OUID="root" OGID="root"
type=PROCTITLE msg=audit(1778965398.172:62457): proctitle=707300617578002D2D6E6F2D68656164657273
type=SYSCALL msg=audit(1778965398.184:62458): arch=c000003e syscall=59 success=yes exit=0 a0=5569d7512c70 a1=5569d7511190 a2=5569d750e9b0 a3=65648377762d2824 items=3 ppid=27665 pid=27676 auid=0 uid=1000 gid=1000 euid=0 suid=0 fsuid=0 egid=1000 sgid=1000 fsgid=1000 tty=(none) ses=1727 comm="find" exe="/usr/bin/find" subj=unconfined key="suid_escalation"ARCH=x86_64 SYSCALL=execve AUID="root" UID="svc_api" GID="svc_api" EUID="root" SUID="root" FSUID="root" EGID="svc_api" SGID="svc_api" FSGID="svc_api"
type=EXECVE msg=audit(1778965398.184:62458): argc=8 a0="find" a1="/home/svc_api" a2="-name" a3="*.log" a4="-newer" a5="/etc/hostname" a6="-maxdepth" a7="2"
type=CWD msg=audit(1778965398.184:62458): cwd="/home/svc_api"
type=PATH msg=audit(1778965398.184:62458): item=0 name="/usr/bin/find" inode=1953 dev=08:01 mode=0104755 ouid=0 ogid=0 rdev=00:00 nametype=NORMAL cap_fp=0 cap_fi=0 cap_fe=0 cap_fver=0 cap_frootid=0OUID="root" OGID="root"
type=PATH msg=audit(1778965398.184:62458): item=1 name="/usr/bin/find" inode=1953 dev=08:01 mode=0104755 ouid=0 ogid=0 rdev=00:00 nametype=NORMAL cap_fp=0 cap_fi=0 cap_fe=0 cap_fver=0 cap_frootid=0OUID="root" OGID="root"
type=PATH msg=audit(1778965398.184:62458): item=2 name="/lib64/ld-linux-x86-64.so.2" inode=40 dev=08:01 mode=0100755 ouid=0 ogid=0 rdev=00:00 nametype=NORMAL cap_fp=0 cap_fi=0 cap_fe=0 cap_fver=0 cap_frootid=0OUID="root" OGID="root"
type=PROCTITLE msg=audit(1778965398.184:62458): proctitle=66696E64002F686F6D652F7376635F617069002D6E616D65002A2E6C6F67002D6E65776572002F6574632F686F73746E616D65002D6D617864657074680032
type=SYSCALL msg=audit(1778965398.188:62459): arch=c000003e syscall=257 success=yes exit=6 a0=5 a1=5643f6325640 a2=b0900 a3=0 items=1 ppid=27665 pid=27676 auid=0 uid=1000 gid=1000 euid=0 suid=0 fsuid=0 egid=1000 sgid=1000 fsgid=1000 tty=(none) ses=1727 comm="find" exe="/usr/bin/find" subj=unconfined key="ssh_key_access"ARCH=x86_64 SYSCALL=openat AUID="root" UID="svc_api" GID="svc_api" EUID="root" SUID="root" FSUID="root" EGID="svc_api" SGID="svc_api" FSGID="svc_api"
type=CWD msg=audit(1778965398.188:62459): cwd="/home/svc_api"
type=PATH msg=audit(1778965398.188:62459): item=0 name=".ssh" inode=134022 dev=08:01 mode=040700 ouid=1000 ogid=1000 rdev=00:00 nametype=NORMAL cap_fp=0 cap_fi=0 cap_fe=0 cap_fver=0 cap_frootid=0OUID="svc_api" OGID="svc_api"
type=PROCTITLE msg=audit(1778965398.188:62459): proctitle=66696E64002F686F6D652F7376635F617069002D6E616D65002A2E6C6F67002D6E65776572002F6574632F686F73746E616D65002D6D617864657074680032
type=SYSCALL msg=audit(1778965458.880:62587): arch=c000003e syscall=257 success=yes exit=3 a0=ffffff9c a1=7fb71a95dbe1 a2=80000 a3=0 items=1 ppid=27732 pid=27733 auid=0 uid=1000 gid=1000 euid=1000 suid=1000 fsuid=1000 egid=1000 sgid=1000 fsgid=1000 tty=(none) ses=1730 comm="bash" exe="/usr/bin/bash" subj=unconfined key="passwd_access"ARCH=x86_64 SYSCALL=openat AUID="root" UID="svc_api" GID="svc_api" EUID="svc_api" SUID="svc_api" FSUID="svc_api" EGID="svc_api" SGID="svc_api" FSGID="svc_api"
type=CWD msg=audit(1778965458.880:62587): cwd="/home/svc_api"
type=PATH msg=audit(1778965458.880:62587): item=0 name="/etc/passwd" inode=134082 dev=08:01 mode=0100644 ouid=0 ogid=0 rdev=00:00 nametype=NORMAL cap_fp=0 cap_fi=0 cap_fe=0 cap_fver=0 cap_frootid=0OUID="root" OGID="root"
type=PROCTITLE msg=audit(1778965458.880:62587): proctitle=2D62617368002D63000A2020202020202020636174202F6574632F736861646F7720323E2F6465762F6E756C6C207C2068656164202D33203E202F6465762F6E756C6C207C7C20747275650A20202020202020206C73202D6C61202F726F6F742F2E73736820323E2F6465762F6E756C6C203E202F6465762F6E756C6C207C7C
type=SYSCALL msg=audit(1778965458.884:62588): arch=c000003e syscall=257 success=no exit=-13 a0=ffffff9c a1=7ffe02681f1a a2=0 a3=0 items=1 ppid=27733 pid=27735 auid=0 uid=1000 gid=1000 euid=1000 suid=1000 fsuid=1000 egid=1000 sgid=1000 fsgid=1000 tty=(none) ses=1730 comm="cat" exe="/usr/bin/cat" subj=unconfined key="shadow_access"ARCH=x86_64 SYSCALL=openat AUID="root" UID="svc_api" GID="svc_api" EUID="svc_api" SUID="svc_api" FSUID="svc_api" EGID="svc_api" SGID="svc_api" FSGID="svc_api"
type=CWD msg=audit(1778965458.884:62588): cwd="/home/svc_api"
type=PATH msg=audit(1778965458.884:62588): item=0 name="/etc/shadow" inode=134065 dev=08:01 mode=0100640 ouid=0 ogid=42 rdev=00:00 nametype=NORMAL cap_fp=0 cap_fi=0 cap_fe=0 cap_fver=0 cap_frootid=0OUID="root" OGID="shadow"
type=PROCTITLE msg=audit(1778965458.884:62588): proctitle=636174002F6574632F736861646F77
type=SYSCALL msg=audit(1778965458.884:62589): arch=c000003e syscall=59 success=yes exit=0 a0=55678ac804d0 a1=55678ac7f610 a2=55678ac7e8c0 a3=0 items=3 ppid=27733 pid=27738 auid=0 uid=1000 gid=1000 euid=0 suid=0 fsuid=0 egid=1000 sgid=1000 fsgid=1000 tty=(none) ses=1730 comm="find" exe="/usr/bin/find" subj=unconfined key="suid_escalation"ARCH=x86_64 SYSCALL=execve AUID="root" UID="svc_api" GID="svc_api" EUID="root" SUID="root" FSUID="root" EGID="svc_api" SGID="svc_api" FSGID="svc_api"
type=EXECVE msg=audit(1778965458.884:62589): argc=4 a0="find" a1="/home" a2="-name" a3="id_rsa"
type=CWD msg=audit(1778965458.884:62589): cwd="/home/svc_api"
type=PATH msg=audit(1778965458.884:62589): item=0 name="/usr/bin/find" inode=1953 dev=08:01 mode=0104755 ouid=0 ogid=0 rdev=00:00 nametype=NORMAL cap_fp=0 cap_fi=0 cap_fe=0 cap_fver=0 cap_frootid=0OUID="root" OGID="root"
type=PATH msg=audit(1778965458.884:62589): item=1 name="/usr/bin/find" inode=1953 dev=08:01 mode=0104755 ouid=0 ogid=0 rdev=00:00 nametype=NORMAL cap_fp=0 cap_fi=0 cap_fe=0 cap_fver=0 cap_frootid=0OUID="root" OGID="root"
type=PATH msg=audit(1778965458.884:62589): item=2 name="/lib64/ld-linux-x86-64.so.2" inode=40 dev=08:01 mode=0100755 ouid=0 ogid=0 rdev=00:00 nametype=NORMAL cap_fp=0 cap_fi=0 cap_fe=0 cap_fver=0 cap_frootid=0OUID="root" OGID="root"
type=PROCTITLE msg=audit(1778965458.884:62589): proctitle=66696E64002F686F6D65002D6E616D650069645F727361
type=SYSCALL msg=audit(1778965458.884:62590): arch=c000003e syscall=257 success=yes exit=6 a0=7 a1=562627b6e3e0 a2=b0900 a3=0 items=1 ppid=27733 pid=27738 auid=0 uid=1000 gid=1000 euid=0 suid=0 fsuid=0 egid=1000 sgid=1000 fsgid=1000 tty=(none) ses=1730 comm="find" exe="/usr/bin/find" subj=unconfined key="ssh_key_access"ARCH=x86_64 SYSCALL=openat AUID="root" UID="svc_api" GID="svc_api" EUID="root" SUID="root" FSUID="root" EGID="svc_api" SGID="svc_api" FSGID="svc_api"
type=CWD msg=audit(1778965458.884:62590): cwd="/home/svc_api"
type=PATH msg=audit(1778965458.884:62590): item=0 name=".ssh" inode=134022 dev=08:01 mode=040700 ouid=1000 ogid=1000 rdev=00:00 nametype=NORMAL cap_fp=0 cap_fi=0 cap_fe=0 cap_fver=0 cap_frootid=0OUID="svc_api" OGID="svc_api"
type=PROCTITLE msg=audit(1778965458.884:62590): proctitle=66696E64002F686F6D65002D6E616D650069645F727361
type=SYSCALL msg=audit(1778965520.072:62791): arch=c000003e syscall=257 success=yes exit=3 a0=ffffff9c a1=7f0503922be1 a2=80000 a3=0 items=1 ppid=27812 pid=27813 auid=0 uid=1000 gid=1000 euid=1000 suid=1000 fsuid=1000 egid=1000 sgid=1000 fsgid=1000 tty=(none) ses=1737 comm="bash" exe="/usr/bin/bash" subj=unconfined key="passwd_access"ARCH=x86_64 SYSCALL=openat AUID="root" UID="svc_api" GID="svc_api" EUID="svc_api" SUID="svc_api" FSUID="svc_api" EGID="svc_api" SGID="svc_api" FSGID="svc_api"
type=CWD msg=audit(1778965520.072:62791): cwd="/home/svc_api"
type=PATH msg=audit(1778965520.072:62791): item=0 name="/etc/passwd" inode=134082 dev=08:01 mode=0100644 ouid=0 ogid=0 rdev=00:00 nametype=NORMAL cap_fp=0 cap_fi=0 cap_fe=0 cap_fver=0 cap_frootid=0OUID="root" OGID="root"
type=PROCTITLE msg=audit(1778965520.072:62791): proctitle=2D62617368002D63000A2020202020202020636174202F70726F632F6C6F6164617667203E202F6465762F6E756C6C0A2020202020202020707320617578202D2D6E6F2D68656164657273207C2067726570206E657861636F72702D617069203E202F6465762F6E756C6C20323E2631207C7C20747275650A20202020202020
type=SYSCALL msg=audit(1778965520.080:62792): arch=c000003e syscall=257 success=yes exit=4 a0=ffffff9c a1=7f99e6f15be1 a2=80000 a3=0 items=1 ppid=27813 pid=27816 auid=0 uid=1000 gid=1000 euid=1000 suid=1000 fsuid=1000 egid=1000 sgid=1000 fsgid=1000 tty=(none) ses=1737 comm="ps" exe="/usr/bin/ps" subj=unconfined key="passwd_access"ARCH=x86_64 SYSCALL=openat AUID="root" UID="svc_api" GID="svc_api" EUID="svc_api" SUID="svc_api" FSUID="svc_api" EGID="svc_api" SGID="svc_api" FSGID="svc_api"
type=CWD msg=audit(1778965520.080:62792): cwd="/home/svc_api"
type=PATH msg=audit(1778965520.080:62792): item=0 name="/etc/passwd" inode=134082 dev=08:01 mode=0100644 ouid=0 ogid=0 rdev=00:00 nametype=NORMAL cap_fp=0 cap_fi=0 cap_fe=0 cap_fver=0 cap_frootid=0OUID="root" OGID="root"
type=PROCTITLE msg=audit(1778965520.080:62792): proctitle=707300617578002D2D6E6F2D68656164657273
type=SYSCALL msg=audit(1778965520.080:62793): arch=c000003e syscall=257 success=yes exit=4 a0=ffffff9c a1=7f99e6f15be1 a2=80000 a3=0 items=1 ppid=27813 pid=27816 auid=0 uid=1000 gid=1000 euid=1000 suid=1000 fsuid=1000 egid=1000 sgid=1000 fsgid=1000 tty=(none) ses=1737 comm="ps" exe="/usr/bin/ps" subj=unconfined key="passwd_access"ARCH=x86_64 SYSCALL=openat AUID="root" UID="svc_api" GID="svc_api" EUID="svc_api" SUID="svc_api" FSUID="svc_api" EGID="svc_api" SGID="svc_api" FSGID="svc_api"
type=CWD msg=audit(1778965520.080:62793): cwd="/home/svc_api"
type=PATH msg=audit(1778965520.080:62793): item=0 name="/etc/passwd" inode=134082 dev=08:01 mode=0100644 ouid=0 ogid=0 rdev=00:00 nametype=NORMAL cap_fp=0 cap_fi=0 cap_fe=0 cap_fver=0 cap_frootid=0OUID="root" OGID="root"
type=PROCTITLE msg=audit(1778965520.080:62793): proctitle=707300617578002D2D6E6F2D68656164657273
type=SYSCALL msg=audit(1778965520.080:62794): arch=c000003e syscall=257 success=yes exit=4 a0=ffffff9c a1=7f99e6f15be1 a2=80000 a3=0 items=1 ppid=27813 pid=27816 auid=0 uid=1000 gid=1000 euid=1000 suid=1000 fsuid=1000 egid=1000 sgid=1000 fsgid=1000 tty=(none) ses=1737 comm="ps" exe="/usr/bin/ps" subj=unconfined key="passwd_access"ARCH=x86_64 SYSCALL=openat AUID="root" UID="svc_api" GID="svc_api" EUID="svc_api" SUID="svc_api" FSUID="svc_api" EGID="svc_api" SGID="svc_api" FSGID="svc_api"
type=CWD msg=audit(1778965520.080:62794): cwd="/home/svc_api"
type=PATH msg=audit(1778965520.080:62794): item=0 name="/etc/passwd" inode=134082 dev=08:01 mode=0100644 ouid=0 ogid=0 rdev=00:00 nametype=NORMAL cap_fp=0 cap_fi=0 cap_fe=0 cap_fver=0 cap_frootid=0OUID="root" OGID="root"
type=PROCTITLE msg=audit(1778965520.080:62794): proctitle=707300617578002D2D6E6F2D68656164657273
type=SYSCALL msg=audit(1778965520.084:62795): arch=c000003e syscall=257 success=yes exit=4 a0=ffffff9c a1=7f99e6f15be1 a2=80000 a3=0 items=1 ppid=27813 pid=27816 auid=0 uid=1000 gid=1000 euid=1000 suid=1000 fsuid=1000 egid=1000 sgid=1000 fsgid=1000 tty=(none) ses=1737 comm="ps" exe="/usr/bin/ps" subj=unconfined key="passwd_access"ARCH=x86_64 SYSCALL=openat AUID="root" UID="svc_api" GID="svc_api" EUID="svc_api" SUID="svc_api" FSUID="svc_api" EGID="svc_api" SGID="svc_api" FSGID="svc_api"
type=CWD msg=audit(1778965520.084:62795): cwd="/home/svc_api"
type=PATH msg=audit(1778965520.084:62795): item=0 name="/etc/passwd" inode=134082 dev=08:01 mode=0100644 ouid=0 ogid=0 rdev=00:00 nametype=NORMAL cap_fp=0 cap_fi=0 cap_fe=0 cap_fver=0 cap_frootid=0OUID="root" OGID="root"
type=PROCTITLE msg=audit(1778965520.084:62795): proctitle=707300617578002D2D6E6F2D68656164657273
type=SYSCALL msg=audit(1778965520.092:62796): arch=c000003e syscall=59 success=yes exit=0 a0=559dd3e50c70 a1=559dd3e4f190 a2=559dd3e4c9b0 a3=ec5b57858a5a005f items=3 ppid=27813 pid=27824 auid=0 uid=1000 gid=1000 euid=0 suid=0 fsuid=0 egid=1000 sgid=1000 fsgid=1000 tty=(none) ses=1737 comm="find" exe="/usr/bin/find" subj=unconfined key="suid_escalation"ARCH=x86_64 SYSCALL=execve AUID="root" UID="svc_api" GID="svc_api" EUID="root" SUID="root" FSUID="root" EGID="svc_api" SGID="svc_api" FSGID="svc_api"
type=EXECVE msg=audit(1778965520.092:62796): argc=8 a0="find" a1="/home/svc_api" a2="-name" a3="*.log" a4="-newer" a5="/etc/hostname" a6="-maxdepth" a7="2"
type=CWD msg=audit(1778965520.092:62796): cwd="/home/svc_api"
type=PATH msg=audit(1778965520.092:62796): item=0 name="/usr/bin/find" inode=1953 dev=08:01 mode=0104755 ouid=0 ogid=0 rdev=00:00 nametype=NORMAL cap_fp=0 cap_fi=0 cap_fe=0 cap_fver=0 cap_frootid=0OUID="root" OGID="root"
type=PATH msg=audit(1778965520.092:62796): item=1 name="/usr/bin/find" inode=1953 dev=08:01 mode=0104755 ouid=0 ogid=0 rdev=00:00 nametype=NORMAL cap_fp=0 cap_fi=0 cap_fe=0 cap_fver=0 cap_frootid=0OUID="root" OGID="root"
type=PATH msg=audit(1778965520.092:62796): item=2 name="/lib64/ld-linux-x86-64.so.2" inode=40 dev=08:01 mode=0100755 ouid=0 ogid=0 rdev=00:00 nametype=NORMAL cap_fp=0 cap_fi=0 cap_fe=0 cap_fver=0 cap_frootid=0OUID="root" OGID="root"
type=PROCTITLE msg=audit(1778965520.092:62796): proctitle=66696E64002F686F6D652F7376635F617069002D6E616D65002A2E6C6F67002D6E65776572002F6574632F686F73746E616D65002D6D617864657074680032
type=SYSCALL msg=audit(1778965520.092:62797): arch=c000003e syscall=257 success=yes exit=6 a0=5 a1=55ff3dd44640 a2=b0900 a3=0 items=1 ppid=27813 pid=27824 auid=0 uid=1000 gid=1000 euid=0 suid=0 fsuid=0 egid=1000 sgid=1000 fsgid=1000 tty=(none) ses=1737 comm="find" exe="/usr/bin/find" subj=unconfined key="ssh_key_access"ARCH=x86_64 SYSCALL=openat AUID="root" UID="svc_api" GID="svc_api" EUID="root" SUID="root" FSUID="root" EGID="svc_api" SGID="svc_api" FSGID="svc_api"
type=CWD msg=audit(1778965520.092:62797): cwd="/home/svc_api"
type=PATH msg=audit(1778965520.092:62797): item=0 name=".ssh" inode=134022 dev=08:01 mode=040700 ouid=1000 ogid=1000 rdev=00:00 nametype=NORMAL cap_fp=0 cap_fi=0 cap_fe=0 cap_fver=0 cap_frootid=0OUID="svc_api" OGID="svc_api"
type=PROCTITLE msg=audit(1778965520.092:62797): proctitle=66696E64002F686F6D652F7376635F617069002D6E616D65002A2E6C6F67002D6E65776572002F6574632F686F73746E616D65002D6D617864657074680032
type=SYSCALL msg=audit(1778965580.788:62927): arch=c000003e syscall=257 success=yes exit=3 a0=ffffff9c a1=7f2214241be1 a2=80000 a3=0 items=1 ppid=27879 pid=27880 auid=0 uid=1000 gid=1000 euid=1000 suid=1000 fsuid=1000 egid=1000 sgid=1000 fsgid=1000 tty=(none) ses=1740 comm="bash" exe="/usr/bin/bash" subj=unconfined key="passwd_access"ARCH=x86_64 SYSCALL=openat AUID="root" UID="svc_api" GID="svc_api" EUID="svc_api" SUID="svc_api" FSUID="svc_api" EGID="svc_api" SGID="svc_api" FSGID="svc_api"
type=CWD msg=audit(1778965580.788:62927): cwd="/home/svc_api"
type=PATH msg=audit(1778965580.788:62927): item=0 name="/etc/passwd" inode=134082 dev=08:01 mode=0100644 ouid=0 ogid=0 rdev=00:00 nametype=NORMAL cap_fp=0 cap_fi=0 cap_fe=0 cap_fver=0 cap_frootid=0OUID="root" OGID="root"
type=PROCTITLE msg=audit(1778965580.788:62927): proctitle=2D62617368002D63000A2020202020202020636174202F6574632F736861646F7720323E2F6465762F6E756C6C207C2068656164202D33203E202F6465762F6E756C6C207C7C20747275650A20202020202020206C73202D6C61202F726F6F742F2E73736820323E2F6465762F6E756C6C203E202F6465762F6E756C6C207C7C
type=SYSCALL msg=audit(1778965580.788:62928): arch=c000003e syscall=257 success=no exit=-13 a0=ffffff9c a1=7ffe881c4f1a a2=0 a3=0 items=1 ppid=27880 pid=27882 auid=0 uid=1000 gid=1000 euid=1000 suid=1000 fsuid=1000 egid=1000 sgid=1000 fsgid=1000 tty=(none) ses=1740 comm="cat" exe="/usr/bin/cat" subj=unconfined key="shadow_access"ARCH=x86_64 SYSCALL=openat AUID="root" UID="svc_api" GID="svc_api" EUID="svc_api" SUID="svc_api" FSUID="svc_api" EGID="svc_api" SGID="svc_api" FSGID="svc_api"
type=CWD msg=audit(1778965580.788:62928): cwd="/home/svc_api"
type=PATH msg=audit(1778965580.788:62928): item=0 name="/etc/shadow" inode=134065 dev=08:01 mode=0100640 ouid=0 ogid=42 rdev=00:00 nametype=NORMAL cap_fp=0 cap_fi=0 cap_fe=0 cap_fver=0 cap_frootid=0OUID="root" OGID="shadow"
type=PROCTITLE msg=audit(1778965580.788:62928): proctitle=636174002F6574632F736861646F77
type=SYSCALL msg=audit(1778965580.788:62929): arch=c000003e syscall=59 success=yes exit=0 a0=559c3e4524d0 a1=559c3e451610 a2=559c3e4508c0 a3=0 items=3 ppid=27880 pid=27885 auid=0 uid=1000 gid=1000 euid=0 suid=0 fsuid=0 egid=1000 sgid=1000 fsgid=1000 tty=(none) ses=1740 comm="find" exe="/usr/bin/find" subj=unconfined key="suid_escalation"ARCH=x86_64 SYSCALL=execve AUID="root" UID="svc_api" GID="svc_api" EUID="root" SUID="root" FSUID="root" EGID="svc_api" SGID="svc_api" FSGID="svc_api"
type=EXECVE msg=audit(1778965580.788:62929): argc=4 a0="find" a1="/home" a2="-name" a3="id_rsa"
type=CWD msg=audit(1778965580.788:62929): cwd="/home/svc_api"
type=PATH msg=audit(1778965580.788:62929): item=0 name="/usr/bin/find" inode=1953 dev=08:01 mode=0104755 ouid=0 ogid=0 rdev=00:00 nametype=NORMAL cap_fp=0 cap_fi=0 cap_fe=0 cap_fver=0 cap_frootid=0OUID="root" OGID="root"
type=PATH msg=audit(1778965580.788:62929): item=1 name="/usr/bin/find" inode=1953 dev=08:01 mode=0104755 ouid=0 ogid=0 rdev=00:00 nametype=NORMAL cap_fp=0 cap_fi=0 cap_fe=0 cap_fver=0 cap_frootid=0OUID="root" OGID="root"
type=PATH msg=audit(1778965580.788:62929): item=2 name="/lib64/ld-linux-x86-64.so.2" inode=40 dev=08:01 mode=0100755 ouid=0 ogid=0 rdev=00:00 nametype=NORMAL cap_fp=0 cap_fi=0 cap_fe=0 cap_fver=0 cap_frootid=0OUID="root" OGID="root"
type=PROCTITLE msg=audit(1778965580.788:62929): proctitle=66696E64002F686F6D65002D6E616D650069645F727361
type=SYSCALL msg=audit(1778965580.792:62930): arch=c000003e syscall=257 success=yes exit=6 a0=7 a1=560a28edb3e0 a2=b0900 a3=0 items=1 ppid=27880 pid=27885 auid=0 uid=1000 gid=1000 euid=0 suid=0 fsuid=0 egid=1000 sgid=1000 fsgid=1000 tty=(none) ses=1740 comm="find" exe="/usr/bin/find" subj=unconfined key="ssh_key_access"ARCH=x86_64 SYSCALL=openat AUID="root" UID="svc_api" GID="svc_api" EUID="root" SUID="root" FSUID="root" EGID="svc_api" SGID="svc_api" FSGID="svc_api"
type=CWD msg=audit(1778965580.792:62930): cwd="/home/svc_api"
type=PATH msg=audit(1778965580.792:62930): item=0 name=".ssh" inode=134022 dev=08:01 mode=040700 ouid=1000 ogid=1000 rdev=00:00 nametype=NORMAL cap_fp=0 cap_fi=0 cap_fe=0 cap_fver=0 cap_frootid=0OUID="svc_api" OGID="svc_api"
type=PROCTITLE msg=audit(1778965580.792:62930): proctitle=66696E64002F686F6D65002D6E616D650069645F727361
type=SYSCALL msg=audit(1778965641.960:63131): arch=c000003e syscall=257 success=yes exit=3 a0=ffffff9c a1=7f3e8e6f5be1 a2=80000 a3=0 items=1 ppid=27970 pid=27971 auid=0 uid=1000 gid=1000 euid=1000 suid=1000 fsuid=1000 egid=1000 sgid=1000 fsgid=1000 tty=(none) ses=1747 comm="bash" exe="/usr/bin/bash" subj=unconfined key="passwd_access"ARCH=x86_64 SYSCALL=openat AUID="root" UID="svc_api" GID="svc_api" EUID="svc_api" SUID="svc_api" FSUID="svc_api" EGID="svc_api" SGID="svc_api" FSGID="svc_api"
type=CWD msg=audit(1778965641.960:63131): cwd="/home/svc_api"
type=PATH msg=audit(1778965641.960:63131): item=0 name="/etc/passwd" inode=134082 dev=08:01 mode=0100644 ouid=0 ogid=0 rdev=00:00 nametype=NORMAL cap_fp=0 cap_fi=0 cap_fe=0 cap_fver=0 cap_frootid=0OUID="root" OGID="root"
type=PROCTITLE msg=audit(1778965641.960:63131): proctitle=2D62617368002D63000A2020202020202020636174202F70726F632F6C6F6164617667203E202F6465762F6E756C6C0A2020202020202020707320617578202D2D6E6F2D68656164657273207C2067726570206E657861636F72702D617069203E202F6465762F6E756C6C20323E2631207C7C20747275650A20202020202020
type=SYSCALL msg=audit(1778965641.968:63132): arch=c000003e syscall=257 success=yes exit=4 a0=ffffff9c a1=7f425195cbe1 a2=80000 a3=0 items=1 ppid=27971 pid=27974 auid=0 uid=1000 gid=1000 euid=1000 suid=1000 fsuid=1000 egid=1000 sgid=1000 fsgid=1000 tty=(none) ses=1747 comm="ps" exe="/usr/bin/ps" subj=unconfined key="passwd_access"ARCH=x86_64 SYSCALL=openat AUID="root" UID="svc_api" GID="svc_api" EUID="svc_api" SUID="svc_api" FSUID="svc_api" EGID="svc_api" SGID="svc_api" FSGID="svc_api"
type=CWD msg=audit(1778965641.968:63132): cwd="/home/svc_api"
type=PATH msg=audit(1778965641.968:63132): item=0 name="/etc/passwd" inode=134082 dev=08:01 mode=0100644 ouid=0 ogid=0 rdev=00:00 nametype=NORMAL cap_fp=0 cap_fi=0 cap_fe=0 cap_fver=0 cap_frootid=0OUID="root" OGID="root"
type=PROCTITLE msg=audit(1778965641.968:63132): proctitle=707300617578002D2D6E6F2D68656164657273
type=SYSCALL msg=audit(1778965641.972:63133): arch=c000003e syscall=257 success=yes exit=4 a0=ffffff9c a1=7f425195cbe1 a2=80000 a3=0 items=1 ppid=27971 pid=27974 auid=0 uid=1000 gid=1000 euid=1000 suid=1000 fsuid=1000 egid=1000 sgid=1000 fsgid=1000 tty=(none) ses=1747 comm="ps" exe="/usr/bin/ps" subj=unconfined key="passwd_access"ARCH=x86_64 SYSCALL=openat AUID="root" UID="svc_api" GID="svc_api" EUID="svc_api" SUID="svc_api" FSUID="svc_api" EGID="svc_api" SGID="svc_api" FSGID="svc_api"
type=CWD msg=audit(1778965641.972:63133): cwd="/home/svc_api"
type=PATH msg=audit(1778965641.972:63133): item=0 name="/etc/passwd" inode=134082 dev=08:01 mode=0100644 ouid=0 ogid=0 rdev=00:00 nametype=NORMAL cap_fp=0 cap_fi=0 cap_fe=0 cap_fver=0 cap_frootid=0OUID="root" OGID="root"
type=PROCTITLE msg=audit(1778965641.972:63133): proctitle=707300617578002D2D6E6F2D68656164657273
type=SYSCALL msg=audit(1778965641.972:63134): arch=c000003e syscall=257 success=yes exit=4 a0=ffffff9c a1=7f425195cbe1 a2=80000 a3=0 items=1 ppid=27971 pid=27974 auid=0 uid=1000 gid=1000 euid=1000 suid=1000 fsuid=1000 egid=1000 sgid=1000 fsgid=1000 tty=(none) ses=1747 comm="ps" exe="/usr/bin/ps" subj=unconfined key="passwd_access"ARCH=x86_64 SYSCALL=openat AUID="root" UID="svc_api" GID="svc_api" EUID="svc_api" SUID="svc_api" FSUID="svc_api" EGID="svc_api" SGID="svc_api" FSGID="svc_api"
type=CWD msg=audit(1778965641.972:63134): cwd="/home/svc_api"
type=PATH msg=audit(1778965641.972:63134): item=0 name="/etc/passwd" inode=134082 dev=08:01 mode=0100644 ouid=0 ogid=0 rdev=00:00 nametype=NORMAL cap_fp=0 cap_fi=0 cap_fe=0 cap_fver=0 cap_frootid=0OUID="root" OGID="root"
type=PROCTITLE msg=audit(1778965641.972:63134): proctitle=707300617578002D2D6E6F2D68656164657273
type=SYSCALL msg=audit(1778965641.972:63135): arch=c000003e syscall=257 success=yes exit=4 a0=ffffff9c a1=7f425195cbe1 a2=80000 a3=0 items=1 ppid=27971 pid=27974 auid=0 uid=1000 gid=1000 euid=1000 suid=1000 fsuid=1000 egid=1000 sgid=1000 fsgid=1000 tty=(none) ses=1747 comm="ps" exe="/usr/bin/ps" subj=unconfined key="passwd_access"ARCH=x86_64 SYSCALL=openat AUID="root" UID="svc_api" GID="svc_api" EUID="svc_api" SUID="svc_api" FSUID="svc_api" EGID="svc_api" SGID="svc_api" FSGID="svc_api"
type=CWD msg=audit(1778965641.972:63135): cwd="/home/svc_api"
type=PATH msg=audit(1778965641.972:63135): item=0 name="/etc/passwd" inode=134082 dev=08:01 mode=0100644 ouid=0 ogid=0 rdev=00:00 nametype=NORMAL cap_fp=0 cap_fi=0 cap_fe=0 cap_fver=0 cap_frootid=0OUID="root" OGID="root"
type=PROCTITLE msg=audit(1778965641.972:63135): proctitle=707300617578002D2D6E6F2D68656164657273
type=SYSCALL msg=audit(1778965641.984:63136): arch=c000003e syscall=59 success=yes exit=0 a0=56276a265c70 a1=56276a264190 a2=56276a2619b0 a3=9b00724a04cd271c items=3 ppid=27971 pid=27982 auid=0 uid=1000 gid=1000 euid=0 suid=0 fsuid=0 egid=1000 sgid=1000 fsgid=1000 tty=(none) ses=1747 comm="find" exe="/usr/bin/find" subj=unconfined key="suid_escalation"ARCH=x86_64 SYSCALL=execve AUID="root" UID="svc_api" GID="svc_api" EUID="root" SUID="root" FSUID="root" EGID="svc_api" SGID="svc_api" FSGID="svc_api"
type=EXECVE msg=audit(1778965641.984:63136): argc=8 a0="find" a1="/home/svc_api" a2="-name" a3="*.log" a4="-newer" a5="/etc/hostname" a6="-maxdepth" a7="2"
type=CWD msg=audit(1778965641.984:63136): cwd="/home/svc_api"
type=PATH msg=audit(1778965641.984:63136): item=0 name="/usr/bin/find" inode=1953 dev=08:01 mode=0104755 ouid=0 ogid=0 rdev=00:00 nametype=NORMAL cap_fp=0 cap_fi=0 cap_fe=0 cap_fver=0 cap_frootid=0OUID="root" OGID="root"
type=PATH msg=audit(1778965641.984:63136): item=1 name="/usr/bin/find" inode=1953 dev=08:01 mode=0104755 ouid=0 ogid=0 rdev=00:00 nametype=NORMAL cap_fp=0 cap_fi=0 cap_fe=0 cap_fver=0 cap_frootid=0OUID="root" OGID="root"
type=PATH msg=audit(1778965641.984:63136): item=2 name="/lib64/ld-linux-x86-64.so.2" inode=40 dev=08:01 mode=0100755 ouid=0 ogid=0 rdev=00:00 nametype=NORMAL cap_fp=0 cap_fi=0 cap_fe=0 cap_fver=0 cap_frootid=0OUID="root" OGID="root"
type=PROCTITLE msg=audit(1778965641.984:63136): proctitle=66696E64002F686F6D652F7376635F617069002D6E616D65002A2E6C6F67002D6E65776572002F6574632F686F73746E616D65002D6D617864657074680032
type=SYSCALL msg=audit(1778965641.984:63137): arch=c000003e syscall=257 success=yes exit=6 a0=5 a1=557cfec74640 a2=b0900 a3=0 items=1 ppid=27971 pid=27982 auid=0 uid=1000 gid=1000 euid=0 suid=0 fsuid=0 egid=1000 sgid=1000 fsgid=1000 tty=(none) ses=1747 comm="find" exe="/usr/bin/find" subj=unconfined key="ssh_key_access"ARCH=x86_64 SYSCALL=openat AUID="root" UID="svc_api" GID="svc_api" EUID="root" SUID="root" FSUID="root" EGID="svc_api" SGID="svc_api" FSGID="svc_api"
type=CWD msg=audit(1778965641.984:63137): cwd="/home/svc_api"
type=PATH msg=audit(1778965641.984:63137): item=0 name=".ssh" inode=134022 dev=08:01 mode=040700 ouid=1000 ogid=1000 rdev=00:00 nametype=NORMAL cap_fp=0 cap_fi=0 cap_fe=0 cap_fver=0 cap_frootid=0OUID="svc_api" OGID="svc_api"
type=PROCTITLE msg=audit(1778965641.984:63137): proctitle=66696E64002F686F6D652F7376635F617069002D6E616D65002A2E6C6F67002D6E65776572002F6574632F686F73746E616D65002D6D617864657074680032
type=SYSCALL msg=audit(1778965702.672:63267): arch=c000003e syscall=257 success=yes exit=3 a0=ffffff9c a1=7f6dcf198be1 a2=80000 a3=0 items=1 ppid=28038 pid=28039 auid=0 uid=1000 gid=1000 euid=1000 suid=1000 fsuid=1000 egid=1000 sgid=1000 fsgid=1000 tty=(none) ses=1750 comm="bash" exe="/usr/bin/bash" subj=unconfined key="passwd_access"ARCH=x86_64 SYSCALL=openat AUID="root" UID="svc_api" GID="svc_api" EUID="svc_api" SUID="svc_api" FSUID="svc_api" EGID="svc_api" SGID="svc_api" FSGID="svc_api"
type=CWD msg=audit(1778965702.672:63267): cwd="/home/svc_api"
type=PATH msg=audit(1778965702.672:63267): item=0 name="/etc/passwd" inode=134082 dev=08:01 mode=0100644 ouid=0 ogid=0 rdev=00:00 nametype=NORMAL cap_fp=0 cap_fi=0 cap_fe=0 cap_fver=0 cap_frootid=0OUID="root" OGID="root"
type=PROCTITLE msg=audit(1778965702.672:63267): proctitle=2D62617368002D63000A2020202020202020636174202F6574632F736861646F7720323E2F6465762F6E756C6C207C2068656164202D33203E202F6465762F6E756C6C207C7C20747275650A20202020202020206C73202D6C61202F726F6F742F2E73736820323E2F6465762F6E756C6C203E202F6465762F6E756C6C207C7C
type=SYSCALL msg=audit(1778965702.676:63268): arch=c000003e syscall=257 success=no exit=-13 a0=ffffff9c a1=7fff08a8df1a a2=0 a3=0 items=1 ppid=28039 pid=28041 auid=0 uid=1000 gid=1000 euid=1000 suid=1000 fsuid=1000 egid=1000 sgid=1000 fsgid=1000 tty=(none) ses=1750 comm="cat" exe="/usr/bin/cat" subj=unconfined key="shadow_access"ARCH=x86_64 SYSCALL=openat AUID="root" UID="svc_api" GID="svc_api" EUID="svc_api" SUID="svc_api" FSUID="svc_api" EGID="svc_api" SGID="svc_api" FSGID="svc_api"
type=CWD msg=audit(1778965702.676:63268): cwd="/home/svc_api"
type=PATH msg=audit(1778965702.676:63268): item=0 name="/etc/shadow" inode=134065 dev=08:01 mode=0100640 ouid=0 ogid=42 rdev=00:00 nametype=NORMAL cap_fp=0 cap_fi=0 cap_fe=0 cap_fver=0 cap_frootid=0OUID="root" OGID="shadow"
type=PROCTITLE msg=audit(1778965702.676:63268): proctitle=636174002F6574632F736861646F77
type=SYSCALL msg=audit(1778965702.676:63269): arch=c000003e syscall=59 success=yes exit=0 a0=556ef4ed44d0 a1=556ef4ed3610 a2=556ef4ed28c0 a3=0 items=3 ppid=28039 pid=28044 auid=0 uid=1000 gid=1000 euid=0 suid=0 fsuid=0 egid=1000 sgid=1000 fsgid=1000 tty=(none) ses=1750 comm="find" exe="/usr/bin/find" subj=unconfined key="suid_escalation"ARCH=x86_64 SYSCALL=execve AUID="root" UID="svc_api" GID="svc_api" EUID="root" SUID="root" FSUID="root" EGID="svc_api" SGID="svc_api" FSGID="svc_api"
type=EXECVE msg=audit(1778965702.676:63269): argc=4 a0="find" a1="/home" a2="-name" a3="id_rsa"
type=CWD msg=audit(1778965702.676:63269): cwd="/home/svc_api"
type=PATH msg=audit(1778965702.676:63269): item=0 name="/usr/bin/find" inode=1953 dev=08:01 mode=0104755 ouid=0 ogid=0 rdev=00:00 nametype=NORMAL cap_fp=0 cap_fi=0 cap_fe=0 cap_fver=0 cap_frootid=0OUID="root" OGID="root"
type=PATH msg=audit(1778965702.676:63269): item=1 name="/usr/bin/find" inode=1953 dev=08:01 mode=0104755 ouid=0 ogid=0 rdev=00:00 nametype=NORMAL cap_fp=0 cap_fi=0 cap_fe=0 cap_fver=0 cap_frootid=0OUID="root" OGID="root"
type=PATH msg=audit(1778965702.676:63269): item=2 name="/lib64/ld-linux-x86-64.so.2" inode=40 dev=08:01 mode=0100755 ouid=0 ogid=0 rdev=00:00 nametype=NORMAL cap_fp=0 cap_fi=0 cap_fe=0 cap_fver=0 cap_frootid=0OUID="root" OGID="root"
type=PROCTITLE msg=audit(1778965702.676:63269): proctitle=66696E64002F686F6D65002D6E616D650069645F727361
type=SYSCALL msg=audit(1778965702.676:63270): arch=c000003e syscall=257 success=yes exit=6 a0=7 a1=562ecea4c3e0 a2=b0900 a3=0 items=1 ppid=28039 pid=28044 auid=0 uid=1000 gid=1000 euid=0 suid=0 fsuid=0 egid=1000 sgid=1000 fsgid=1000 tty=(none) ses=1750 comm="find" exe="/usr/bin/find" subj=unconfined key="ssh_key_access"ARCH=x86_64 SYSCALL=openat AUID="root" UID="svc_api" GID="svc_api" EUID="root" SUID="root" FSUID="root" EGID="svc_api" SGID="svc_api" FSGID="svc_api"
type=CWD msg=audit(1778965702.676:63270): cwd="/home/svc_api"
type=PATH msg=audit(1778965702.676:63270): item=0 name=".ssh" inode=134022 dev=08:01 mode=040700 ouid=1000 ogid=1000 rdev=00:00 nametype=NORMAL cap_fp=0 cap_fi=0 cap_fe=0 cap_fver=0 cap_frootid=0OUID="svc_api" OGID="svc_api"
type=PROCTITLE msg=audit(1778965702.676:63270): proctitle=66696E64002F686F6D65002D6E616D650069645F727361
type=SYSCALL msg=audit(1778965763.848:63471): arch=c000003e syscall=257 success=yes exit=3 a0=ffffff9c a1=7f0eeab90be1 a2=80000 a3=0 items=1 ppid=28119 pid=28120 auid=0 uid=1000 gid=1000 euid=1000 suid=1000 fsuid=1000 egid=1000 sgid=1000 fsgid=1000 tty=(none) ses=1757 comm="bash" exe="/usr/bin/bash" subj=unconfined key="passwd_access"ARCH=x86_64 SYSCALL=openat AUID="root" UID="svc_api" GID="svc_api" EUID="svc_api" SUID="svc_api" FSUID="svc_api" EGID="svc_api" SGID="svc_api" FSGID="svc_api"
type=CWD msg=audit(1778965763.848:63471): cwd="/home/svc_api"
type=PATH msg=audit(1778965763.848:63471): item=0 name="/etc/passwd" inode=134082 dev=08:01 mode=0100644 ouid=0 ogid=0 rdev=00:00 nametype=NORMAL cap_fp=0 cap_fi=0 cap_fe=0 cap_fver=0 cap_frootid=0OUID="root" OGID="root"
type=PROCTITLE msg=audit(1778965763.848:63471): proctitle=2D62617368002D63000A2020202020202020636174202F70726F632F6C6F6164617667203E202F6465762F6E756C6C0A2020202020202020707320617578202D2D6E6F2D68656164657273207C2067726570206E657861636F72702D617069203E202F6465762F6E756C6C20323E2631207C7C20747275650A20202020202020
type=SYSCALL msg=audit(1778965763.856:63472): arch=c000003e syscall=257 success=yes exit=4 a0=ffffff9c a1=7fba5e401be1 a2=80000 a3=0 items=1 ppid=28120 pid=28123 auid=0 uid=1000 gid=1000 euid=1000 suid=1000 fsuid=1000 egid=1000 sgid=1000 fsgid=1000 tty=(none) ses=1757 comm="ps" exe="/usr/bin/ps" subj=unconfined key="passwd_access"ARCH=x86_64 SYSCALL=openat AUID="root" UID="svc_api" GID="svc_api" EUID="svc_api" SUID="svc_api" FSUID="svc_api" EGID="svc_api" SGID="svc_api" FSGID="svc_api"
type=CWD msg=audit(1778965763.856:63472): cwd="/home/svc_api"
type=PATH msg=audit(1778965763.856:63472): item=0 name="/etc/passwd" inode=134082 dev=08:01 mode=0100644 ouid=0 ogid=0 rdev=00:00 nametype=NORMAL cap_fp=0 cap_fi=0 cap_fe=0 cap_fver=0 cap_frootid=0OUID="root" OGID="root"
type=PROCTITLE msg=audit(1778965763.856:63472): proctitle=707300617578002D2D6E6F2D68656164657273
type=SYSCALL msg=audit(1778965763.856:63473): arch=c000003e syscall=257 success=yes exit=4 a0=ffffff9c a1=7fba5e401be1 a2=80000 a3=0 items=1 ppid=28120 pid=28123 auid=0 uid=1000 gid=1000 euid=1000 suid=1000 fsuid=1000 egid=1000 sgid=1000 fsgid=1000 tty=(none) ses=1757 comm="ps" exe="/usr/bin/ps" subj=unconfined key="passwd_access"ARCH=x86_64 SYSCALL=openat AUID="root" UID="svc_api" GID="svc_api" EUID="svc_api" SUID="svc_api" FSUID="svc_api" EGID="svc_api" SGID="svc_api" FSGID="svc_api"
type=CWD msg=audit(1778965763.856:63473): cwd="/home/svc_api"
type=PATH msg=audit(1778965763.856:63473): item=0 name="/etc/passwd" inode=134082 dev=08:01 mode=0100644 ouid=0 ogid=0 rdev=00:00 nametype=NORMAL cap_fp=0 cap_fi=0 cap_fe=0 cap_fver=0 cap_frootid=0OUID="root" OGID="root"
type=PROCTITLE msg=audit(1778965763.856:63473): proctitle=707300617578002D2D6E6F2D68656164657273
type=SYSCALL msg=audit(1778965763.856:63474): arch=c000003e syscall=257 success=yes exit=4 a0=ffffff9c a1=7fba5e401be1 a2=80000 a3=0 items=1 ppid=28120 pid=28123 auid=0 uid=1000 gid=1000 euid=1000 suid=1000 fsuid=1000 egid=1000 sgid=1000 fsgid=1000 tty=(none) ses=1757 comm="ps" exe="/usr/bin/ps" subj=unconfined key="passwd_access"ARCH=x86_64 SYSCALL=openat AUID="root" UID="svc_api" GID="svc_api" EUID="svc_api" SUID="svc_api" FSUID="svc_api" EGID="svc_api" SGID="svc_api" FSGID="svc_api"
type=CWD msg=audit(1778965763.856:63474): cwd="/home/svc_api"
type=PATH msg=audit(1778965763.856:63474): item=0 name="/etc/passwd" inode=134082 dev=08:01 mode=0100644 ouid=0 ogid=0 rdev=00:00 nametype=NORMAL cap_fp=0 cap_fi=0 cap_fe=0 cap_fver=0 cap_frootid=0OUID="root" OGID="root"
type=PROCTITLE msg=audit(1778965763.856:63474): proctitle=707300617578002D2D6E6F2D68656164657273
type=SYSCALL msg=audit(1778965763.860:63475): arch=c000003e syscall=257 success=yes exit=4 a0=ffffff9c a1=7fba5e401be1 a2=80000 a3=0 items=1 ppid=28120 pid=28123 auid=0 uid=1000 gid=1000 euid=1000 suid=1000 fsuid=1000 egid=1000 sgid=1000 fsgid=1000 tty=(none) ses=1757 comm="ps" exe="/usr/bin/ps" subj=unconfined key="passwd_access"ARCH=x86_64 SYSCALL=openat AUID="root" UID="svc_api" GID="svc_api" EUID="svc_api" SUID="svc_api" FSUID="svc_api" EGID="svc_api" SGID="svc_api" FSGID="svc_api"
type=CWD msg=audit(1778965763.860:63475): cwd="/home/svc_api"
type=PATH msg=audit(1778965763.860:63475): item=0 name="/etc/passwd" inode=134082 dev=08:01 mode=0100644 ouid=0 ogid=0 rdev=00:00 nametype=NORMAL cap_fp=0 cap_fi=0 cap_fe=0 cap_fver=0 cap_frootid=0OUID="root" OGID="root"
type=PROCTITLE msg=audit(1778965763.860:63475): proctitle=707300617578002D2D6E6F2D68656164657273
type=SYSCALL msg=audit(1778965763.868:63476): arch=c000003e syscall=59 success=yes exit=0 a0=55e4b1e90c70 a1=55e4b1e8f190 a2=55e4b1e8c9b0 a3=9852a43027db034 items=3 ppid=28120 pid=28131 auid=0 uid=1000 gid=1000 euid=0 suid=0 fsuid=0 egid=1000 sgid=1000 fsgid=1000 tty=(none) ses=1757 comm="find" exe="/usr/bin/find" subj=unconfined key="suid_escalation"ARCH=x86_64 SYSCALL=execve AUID="root" UID="svc_api" GID="svc_api" EUID="root" SUID="root" FSUID="root" EGID="svc_api" SGID="svc_api" FSGID="svc_api"
type=EXECVE msg=audit(1778965763.868:63476): argc=8 a0="find" a1="/home/svc_api" a2="-name" a3="*.log" a4="-newer" a5="/etc/hostname" a6="-maxdepth" a7="2"
type=CWD msg=audit(1778965763.868:63476): cwd="/home/svc_api"
type=PATH msg=audit(1778965763.868:63476): item=0 name="/usr/bin/find" inode=1953 dev=08:01 mode=0104755 ouid=0 ogid=0 rdev=00:00 nametype=NORMAL cap_fp=0 cap_fi=0 cap_fe=0 cap_fver=0 cap_frootid=0OUID="root" OGID="root"
type=PATH msg=audit(1778965763.868:63476): item=1 name="/usr/bin/find" inode=1953 dev=08:01 mode=0104755 ouid=0 ogid=0 rdev=00:00 nametype=NORMAL cap_fp=0 cap_fi=0 cap_fe=0 cap_fver=0 cap_frootid=0OUID="root" OGID="root"
type=PATH msg=audit(1778965763.868:63476): item=2 name="/lib64/ld-linux-x86-64.so.2" inode=40 dev=08:01 mode=0100755 ouid=0 ogid=0 rdev=00:00 nametype=NORMAL cap_fp=0 cap_fi=0 cap_fe=0 cap_fver=0 cap_frootid=0OUID="root" OGID="root"
type=PROCTITLE msg=audit(1778965763.868:63476): proctitle=66696E64002F686F6D652F7376635F617069002D6E616D65002A2E6C6F67002D6E65776572002F6574632F686F73746E616D65002D6D617864657074680032
type=SYSCALL msg=audit(1778965763.868:63477): arch=c000003e syscall=257 success=yes exit=6 a0=5 a1=5575e0016640 a2=b0900 a3=0 items=1 ppid=28120 pid=28131 auid=0 uid=1000 gid=1000 euid=0 suid=0 fsuid=0 egid=1000 sgid=1000 fsgid=1000 tty=(none) ses=1757 comm="find" exe="/usr/bin/find" subj=unconfined key="ssh_key_access"ARCH=x86_64 SYSCALL=openat AUID="root" UID="svc_api" GID="svc_api" EUID="root" SUID="root" FSUID="root" EGID="svc_api" SGID="svc_api" FSGID="svc_api"
type=CWD msg=audit(1778965763.868:63477): cwd="/home/svc_api"
type=PATH msg=audit(1778965763.868:63477): item=0 name=".ssh" inode=134022 dev=08:01 mode=040700 ouid=1000 ogid=1000 rdev=00:00 nametype=NORMAL cap_fp=0 cap_fi=0 cap_fe=0 cap_fver=0 cap_frootid=0OUID="svc_api" OGID="svc_api"
type=PROCTITLE msg=audit(1778965763.868:63477): proctitle=66696E64002F686F6D652F7376635F617069002D6E616D65002A2E6C6F67002D6E65776572002F6574632F686F73746E616D65002D6D617864657074680032
type=SYSCALL msg=audit(1778965824.576:63615): arch=c000003e syscall=257 success=yes exit=3 a0=ffffff9c a1=7f59a5c1bbe1 a2=80000 a3=0 items=1 ppid=28190 pid=28191 auid=0 uid=1000 gid=1000 euid=1000 suid=1000 fsuid=1000 egid=1000 sgid=1000 fsgid=1000 tty=(none) ses=1761 comm="bash" exe="/usr/bin/bash" subj=unconfined key="passwd_access"ARCH=x86_64 SYSCALL=openat AUID="root" UID="svc_api" GID="svc_api" EUID="svc_api" SUID="svc_api" FSUID="svc_api" EGID="svc_api" SGID="svc_api" FSGID="svc_api"
type=CWD msg=audit(1778965824.576:63615): cwd="/home/svc_api"
type=PATH msg=audit(1778965824.576:63615): item=0 name="/etc/passwd" inode=134082 dev=08:01 mode=0100644 ouid=0 ogid=0 rdev=00:00 nametype=NORMAL cap_fp=0 cap_fi=0 cap_fe=0 cap_fver=0 cap_frootid=0OUID="root" OGID="root"
type=PROCTITLE msg=audit(1778965824.576:63615): proctitle=2D62617368002D63000A2020202020202020636174202F6574632F736861646F7720323E2F6465762F6E756C6C207C2068656164202D33203E202F6465762F6E756C6C207C7C20747275650A20202020202020206C73202D6C61202F726F6F742F2E73736820323E2F6465762F6E756C6C203E202F6465762F6E756C6C207C7C
type=SYSCALL msg=audit(1778965824.576:63616): arch=c000003e syscall=257 success=no exit=-13 a0=ffffff9c a1=7ffde53cef1a a2=0 a3=0 items=1 ppid=28191 pid=28193 auid=0 uid=1000 gid=1000 euid=1000 suid=1000 fsuid=1000 egid=1000 sgid=1000 fsgid=1000 tty=(none) ses=1761 comm="cat" exe="/usr/bin/cat" subj=unconfined key="shadow_access"ARCH=x86_64 SYSCALL=openat AUID="root" UID="svc_api" GID="svc_api" EUID="svc_api" SUID="svc_api" FSUID="svc_api" EGID="svc_api" SGID="svc_api" FSGID="svc_api"
type=CWD msg=audit(1778965824.576:63616): cwd="/home/svc_api"
type=PATH msg=audit(1778965824.576:63616): item=0 name="/etc/shadow" inode=134065 dev=08:01 mode=0100640 ouid=0 ogid=42 rdev=00:00 nametype=NORMAL cap_fp=0 cap_fi=0 cap_fe=0 cap_fver=0 cap_frootid=0OUID="root" OGID="shadow"
type=PROCTITLE msg=audit(1778965824.576:63616): proctitle=636174002F6574632F736861646F77
type=SYSCALL msg=audit(1778965824.580:63617): arch=c000003e syscall=59 success=yes exit=0 a0=559b343274d0 a1=559b34326610 a2=559b343258c0 a3=0 items=3 ppid=28191 pid=28196 auid=0 uid=1000 gid=1000 euid=0 suid=0 fsuid=0 egid=1000 sgid=1000 fsgid=1000 tty=(none) ses=1761 comm="find" exe="/usr/bin/find" subj=unconfined key="suid_escalation"ARCH=x86_64 SYSCALL=execve AUID="root" UID="svc_api" GID="svc_api" EUID="root" SUID="root" FSUID="root" EGID="svc_api" SGID="svc_api" FSGID="svc_api"
type=EXECVE msg=audit(1778965824.580:63617): argc=4 a0="find" a1="/home" a2="-name" a3="id_rsa"
type=CWD msg=audit(1778965824.580:63617): cwd="/home/svc_api"
type=PATH msg=audit(1778965824.580:63617): item=0 name="/usr/bin/find" inode=1953 dev=08:01 mode=0104755 ouid=0 ogid=0 rdev=00:00 nametype=NORMAL cap_fp=0 cap_fi=0 cap_fe=0 cap_fver=0 cap_frootid=0OUID="root" OGID="root"
type=PATH msg=audit(1778965824.580:63617): item=1 name="/usr/bin/find" inode=1953 dev=08:01 mode=0104755 ouid=0 ogid=0 rdev=00:00 nametype=NORMAL cap_fp=0 cap_fi=0 cap_fe=0 cap_fver=0 cap_frootid=0OUID="root" OGID="root"
type=PATH msg=audit(1778965824.580:63617): item=2 name="/lib64/ld-linux-x86-64.so.2" inode=40 dev=08:01 mode=0100755 ouid=0 ogid=0 rdev=00:00 nametype=NORMAL cap_fp=0 cap_fi=0 cap_fe=0 cap_fver=0 cap_frootid=0OUID="root" OGID="root"
type=PROCTITLE msg=audit(1778965824.580:63617): proctitle=66696E64002F686F6D65002D6E616D650069645F727361
type=SYSCALL msg=audit(1778965824.580:63618): arch=c000003e syscall=257 success=yes exit=6 a0=7 a1=56184b50f3e0 a2=b0900 a3=0 items=1 ppid=28191 pid=28196 auid=0 uid=1000 gid=1000 euid=0 suid=0 fsuid=0 egid=1000 sgid=1000 fsgid=1000 tty=(none) ses=1761 comm="find" exe="/usr/bin/find" subj=unconfined key="ssh_key_access"ARCH=x86_64 SYSCALL=openat AUID="root" UID="svc_api" GID="svc_api" EUID="root" SUID="root" FSUID="root" EGID="svc_api" SGID="svc_api" FSGID="svc_api"
type=CWD msg=audit(1778965824.580:63618): cwd="/home/svc_api"
type=PATH msg=audit(1778965824.580:63618): item=0 name=".ssh" inode=134022 dev=08:01 mode=040700 ouid=1000 ogid=1000 rdev=00:00 nametype=NORMAL cap_fp=0 cap_fi=0 cap_fe=0 cap_fver=0 cap_frootid=0OUID="svc_api" OGID="svc_api"
type=PROCTITLE msg=audit(1778965824.580:63618): proctitle=66696E64002F686F6D65002D6E616D650069645F727361
type=SYSCALL msg=audit(1778965885.756:63817): arch=c000003e syscall=257 success=yes exit=3 a0=ffffff9c a1=7f5d4e5a0be1 a2=80000 a3=0 items=1 ppid=28270 pid=28271 auid=0 uid=1000 gid=1000 euid=1000 suid=1000 fsuid=1000 egid=1000 sgid=1000 fsgid=1000 tty=(none) ses=1768 comm="bash" exe="/usr/bin/bash" subj=unconfined key="passwd_access"ARCH=x86_64 SYSCALL=openat AUID="root" UID="svc_api" GID="svc_api" EUID="svc_api" SUID="svc_api" FSUID="svc_api" EGID="svc_api" SGID="svc_api" FSGID="svc_api"
type=CWD msg=audit(1778965885.756:63817): cwd="/home/svc_api"
type=PATH msg=audit(1778965885.756:63817): item=0 name="/etc/passwd" inode=134082 dev=08:01 mode=0100644 ouid=0 ogid=0 rdev=00:00 nametype=NORMAL cap_fp=0 cap_fi=0 cap_fe=0 cap_fver=0 cap_frootid=0OUID="root" OGID="root"
type=PROCTITLE msg=audit(1778965885.756:63817): proctitle=2D62617368002D63000A2020202020202020636174202F70726F632F6C6F6164617667203E202F6465762F6E756C6C0A2020202020202020707320617578202D2D6E6F2D68656164657273207C2067726570206E657861636F72702D617069203E202F6465762F6E756C6C20323E2631207C7C20747275650A20202020202020
type=SYSCALL msg=audit(1778965885.764:63818): arch=c000003e syscall=257 success=yes exit=4 a0=ffffff9c a1=7f8a6fa6abe1 a2=80000 a3=0 items=1 ppid=28271 pid=28274 auid=0 uid=1000 gid=1000 euid=1000 suid=1000 fsuid=1000 egid=1000 sgid=1000 fsgid=1000 tty=(none) ses=1768 comm="ps" exe="/usr/bin/ps" subj=unconfined key="passwd_access"ARCH=x86_64 SYSCALL=openat AUID="root" UID="svc_api" GID="svc_api" EUID="svc_api" SUID="svc_api" FSUID="svc_api" EGID="svc_api" SGID="svc_api" FSGID="svc_api"
type=CWD msg=audit(1778965885.764:63818): cwd="/home/svc_api"
type=PATH msg=audit(1778965885.764:63818): item=0 name="/etc/passwd" inode=134082 dev=08:01 mode=0100644 ouid=0 ogid=0 rdev=00:00 nametype=NORMAL cap_fp=0 cap_fi=0 cap_fe=0 cap_fver=0 cap_frootid=0OUID="root" OGID="root"
type=PROCTITLE msg=audit(1778965885.764:63818): proctitle=707300617578002D2D6E6F2D68656164657273
type=SYSCALL msg=audit(1778965885.764:63819): arch=c000003e syscall=257 success=yes exit=4 a0=ffffff9c a1=7f8a6fa6abe1 a2=80000 a3=0 items=1 ppid=28271 pid=28274 auid=0 uid=1000 gid=1000 euid=1000 suid=1000 fsuid=1000 egid=1000 sgid=1000 fsgid=1000 tty=(none) ses=1768 comm="ps" exe="/usr/bin/ps" subj=unconfined key="passwd_access"ARCH=x86_64 SYSCALL=openat AUID="root" UID="svc_api" GID="svc_api" EUID="svc_api" SUID="svc_api" FSUID="svc_api" EGID="svc_api" SGID="svc_api" FSGID="svc_api"
type=CWD msg=audit(1778965885.764:63819): cwd="/home/svc_api"
type=PATH msg=audit(1778965885.764:63819): item=0 name="/etc/passwd" inode=134082 dev=08:01 mode=0100644 ouid=0 ogid=0 rdev=00:00 nametype=NORMAL cap_fp=0 cap_fi=0 cap_fe=0 cap_fver=0 cap_frootid=0OUID="root" OGID="root"
type=PROCTITLE msg=audit(1778965885.764:63819): proctitle=707300617578002D2D6E6F2D68656164657273
type=SYSCALL msg=audit(1778965885.768:63820): arch=c000003e syscall=257 success=yes exit=4 a0=ffffff9c a1=7f8a6fa6abe1 a2=80000 a3=0 items=1 ppid=28271 pid=28274 auid=0 uid=1000 gid=1000 euid=1000 suid=1000 fsuid=1000 egid=1000 sgid=1000 fsgid=1000 tty=(none) ses=1768 comm="ps" exe="/usr/bin/ps" subj=unconfined key="passwd_access"ARCH=x86_64 SYSCALL=openat AUID="root" UID="svc_api" GID="svc_api" EUID="svc_api" SUID="svc_api" FSUID="svc_api" EGID="svc_api" SGID="svc_api" FSGID="svc_api"
type=CWD msg=audit(1778965885.768:63820): cwd="/home/svc_api"
type=PATH msg=audit(1778965885.768:63820): item=0 name="/etc/passwd" inode=134082 dev=08:01 mode=0100644 ouid=0 ogid=0 rdev=00:00 nametype=NORMAL cap_fp=0 cap_fi=0 cap_fe=0 cap_fver=0 cap_frootid=0OUID="root" OGID="root"
type=PROCTITLE msg=audit(1778965885.768:63820): proctitle=707300617578002D2D6E6F2D68656164657273
type=SYSCALL msg=audit(1778965885.768:63821): arch=c000003e syscall=257 success=yes exit=4 a0=ffffff9c a1=7f8a6fa6abe1 a2=80000 a3=0 items=1 ppid=28271 pid=28274 auid=0 uid=1000 gid=1000 euid=1000 suid=1000 fsuid=1000 egid=1000 sgid=1000 fsgid=1000 tty=(none) ses=1768 comm="ps" exe="/usr/bin/ps" subj=unconfined key="passwd_access"ARCH=x86_64 SYSCALL=openat AUID="root" UID="svc_api" GID="svc_api" EUID="svc_api" SUID="svc_api" FSUID="svc_api" EGID="svc_api" SGID="svc_api" FSGID="svc_api"
type=CWD msg=audit(1778965885.768:63821): cwd="/home/svc_api"
type=PATH msg=audit(1778965885.768:63821): item=0 name="/etc/passwd" inode=134082 dev=08:01 mode=0100644 ouid=0 ogid=0 rdev=00:00 nametype=NORMAL cap_fp=0 cap_fi=0 cap_fe=0 cap_fver=0 cap_frootid=0OUID="root" OGID="root"
type=PROCTITLE msg=audit(1778965885.768:63821): proctitle=707300617578002D2D6E6F2D68656164657273
type=SYSCALL msg=audit(1778965885.776:63822): arch=c000003e syscall=59 success=yes exit=0 a0=5616f6effc70 a1=5616f6efe190 a2=5616f6efb9b0 a3=e1363ad6c479b47 items=3 ppid=28271 pid=28282 auid=0 uid=1000 gid=1000 euid=0 suid=0 fsuid=0 egid=1000 sgid=1000 fsgid=1000 tty=(none) ses=1768 comm="find" exe="/usr/bin/find" subj=unconfined key="suid_escalation"ARCH=x86_64 SYSCALL=execve AUID="root" UID="svc_api" GID="svc_api" EUID="root" SUID="root" FSUID="root" EGID="svc_api" SGID="svc_api" FSGID="svc_api"
type=EXECVE msg=audit(1778965885.776:63822): argc=8 a0="find" a1="/home/svc_api" a2="-name" a3="*.log" a4="-newer" a5="/etc/hostname" a6="-maxdepth" a7="2"
type=CWD msg=audit(1778965885.776:63822): cwd="/home/svc_api"
type=PATH msg=audit(1778965885.776:63822): item=0 name="/usr/bin/find" inode=1953 dev=08:01 mode=0104755 ouid=0 ogid=0 rdev=00:00 nametype=NORMAL cap_fp=0 cap_fi=0 cap_fe=0 cap_fver=0 cap_frootid=0OUID="root" OGID="root"
type=PATH msg=audit(1778965885.776:63822): item=1 name="/usr/bin/find" inode=1953 dev=08:01 mode=0104755 ouid=0 ogid=0 rdev=00:00 nametype=NORMAL cap_fp=0 cap_fi=0 cap_fe=0 cap_fver=0 cap_frootid=0OUID="root" OGID="root"
type=PATH msg=audit(1778965885.776:63822): item=2 name="/lib64/ld-linux-x86-64.so.2" inode=40 dev=08:01 mode=0100755 ouid=0 ogid=0 rdev=00:00 nametype=NORMAL cap_fp=0 cap_fi=0 cap_fe=0 cap_fver=0 cap_frootid=0OUID="root" OGID="root"
type=PROCTITLE msg=audit(1778965885.776:63822): proctitle=66696E64002F686F6D652F7376635F617069002D6E616D65002A2E6C6F67002D6E65776572002F6574632F686F73746E616D65002D6D617864657074680032
type=SYSCALL msg=audit(1778965885.780:63823): arch=c000003e syscall=257 success=yes exit=6 a0=5 a1=55a9180e0640 a2=b0900 a3=0 items=1 ppid=28271 pid=28282 auid=0 uid=1000 gid=1000 euid=0 suid=0 fsuid=0 egid=1000 sgid=1000 fsgid=1000 tty=(none) ses=1768 comm="find" exe="/usr/bin/find" subj=unconfined key="ssh_key_access"ARCH=x86_64 SYSCALL=openat AUID="root" UID="svc_api" GID="svc_api" EUID="root" SUID="root" FSUID="root" EGID="svc_api" SGID="svc_api" FSGID="svc_api"
type=CWD msg=audit(1778965885.780:63823): cwd="/home/svc_api"
type=PATH msg=audit(1778965885.780:63823): item=0 name=".ssh" inode=134022 dev=08:01 mode=040700 ouid=1000 ogid=1000 rdev=00:00 nametype=NORMAL cap_fp=0 cap_fi=0 cap_fe=0 cap_fver=0 cap_frootid=0OUID="svc_api" OGID="svc_api"
type=PROCTITLE msg=audit(1778965885.780:63823): proctitle=66696E64002F686F6D652F7376635F617069002D6E616D65002A2E6C6F67002D6E65776572002F6574632F686F73746E616D65002D6D617864657074680032
type=SYSCALL msg=audit(1778965946.472:63953): arch=c000003e syscall=257 success=yes exit=3 a0=ffffff9c a1=7f12fe720be1 a2=80000 a3=0 items=1 ppid=28337 pid=28338 auid=0 uid=1000 gid=1000 euid=1000 suid=1000 fsuid=1000 egid=1000 sgid=1000 fsgid=1000 tty=(none) ses=1771 comm="bash" exe="/usr/bin/bash" subj=unconfined key="passwd_access"ARCH=x86_64 SYSCALL=openat AUID="root" UID="svc_api" GID="svc_api" EUID="svc_api" SUID="svc_api" FSUID="svc_api" EGID="svc_api" SGID="svc_api" FSGID="svc_api"
type=CWD msg=audit(1778965946.472:63953): cwd="/home/svc_api"
type=PATH msg=audit(1778965946.472:63953): item=0 name="/etc/passwd" inode=134082 dev=08:01 mode=0100644 ouid=0 ogid=0 rdev=00:00 nametype=NORMAL cap_fp=0 cap_fi=0 cap_fe=0 cap_fver=0 cap_frootid=0OUID="root" OGID="root"
type=PROCTITLE msg=audit(1778965946.472:63953): proctitle=2D62617368002D63000A2020202020202020636174202F6574632F736861646F7720323E2F6465762F6E756C6C207C2068656164202D33203E202F6465762F6E756C6C207C7C20747275650A20202020202020206C73202D6C61202F726F6F742F2E73736820323E2F6465762F6E756C6C203E202F6465762F6E756C6C207C7C
type=SYSCALL msg=audit(1778965946.476:63954): arch=c000003e syscall=257 success=no exit=-13 a0=ffffff9c a1=7ffef8ee3f1a a2=0 a3=0 items=1 ppid=28338 pid=28340 auid=0 uid=1000 gid=1000 euid=1000 suid=1000 fsuid=1000 egid=1000 sgid=1000 fsgid=1000 tty=(none) ses=1771 comm="cat" exe="/usr/bin/cat" subj=unconfined key="shadow_access"ARCH=x86_64 SYSCALL=openat AUID="root" UID="svc_api" GID="svc_api" EUID="svc_api" SUID="svc_api" FSUID="svc_api" EGID="svc_api" SGID="svc_api" FSGID="svc_api"
type=CWD msg=audit(1778965946.476:63954): cwd="/home/svc_api"
type=PATH msg=audit(1778965946.476:63954): item=0 name="/etc/shadow" inode=134065 dev=08:01 mode=0100640 ouid=0 ogid=42 rdev=00:00 nametype=NORMAL cap_fp=0 cap_fi=0 cap_fe=0 cap_fver=0 cap_frootid=0OUID="root" OGID="shadow"
type=PROCTITLE msg=audit(1778965946.476:63954): proctitle=636174002F6574632F736861646F77
type=SYSCALL msg=audit(1778965946.476:63955): arch=c000003e syscall=59 success=yes exit=0 a0=55bfd3e014d0 a1=55bfd3e00610 a2=55bfd3dff8c0 a3=0 items=3 ppid=28338 pid=28343 auid=0 uid=1000 gid=1000 euid=0 suid=0 fsuid=0 egid=1000 sgid=1000 fsgid=1000 tty=(none) ses=1771 comm="find" exe="/usr/bin/find" subj=unconfined key="suid_escalation"ARCH=x86_64 SYSCALL=execve AUID="root" UID="svc_api" GID="svc_api" EUID="root" SUID="root" FSUID="root" EGID="svc_api" SGID="svc_api" FSGID="svc_api"
type=EXECVE msg=audit(1778965946.476:63955): argc=4 a0="find" a1="/home" a2="-name" a3="id_rsa"
type=CWD msg=audit(1778965946.476:63955): cwd="/home/svc_api"
type=PATH msg=audit(1778965946.476:63955): item=0 name="/usr/bin/find" inode=1953 dev=08:01 mode=0104755 ouid=0 ogid=0 rdev=00:00 nametype=NORMAL cap_fp=0 cap_fi=0 cap_fe=0 cap_fver=0 cap_frootid=0OUID="root" OGID="root"
type=PATH msg=audit(1778965946.476:63955): item=1 name="/usr/bin/find" inode=1953 dev=08:01 mode=0104755 ouid=0 ogid=0 rdev=00:00 nametype=NORMAL cap_fp=0 cap_fi=0 cap_fe=0 cap_fver=0 cap_frootid=0OUID="root" OGID="root"
type=PATH msg=audit(1778965946.476:63955): item=2 name="/lib64/ld-linux-x86-64.so.2" inode=40 dev=08:01 mode=0100755 ouid=0 ogid=0 rdev=00:00 nametype=NORMAL cap_fp=0 cap_fi=0 cap_fe=0 cap_fver=0 cap_frootid=0OUID="root" OGID="root"
type=PROCTITLE msg=audit(1778965946.476:63955): proctitle=66696E64002F686F6D65002D6E616D650069645F727361
type=SYSCALL msg=audit(1778965946.476:63956): arch=c000003e syscall=257 success=yes exit=6 a0=7 a1=55959eb8b3e0 a2=b0900 a3=0 items=1 ppid=28338 pid=28343 auid=0 uid=1000 gid=1000 euid=0 suid=0 fsuid=0 egid=1000 sgid=1000 fsgid=1000 tty=(none) ses=1771 comm="find" exe="/usr/bin/find" subj=unconfined key="ssh_key_access"ARCH=x86_64 SYSCALL=openat AUID="root" UID="svc_api" GID="svc_api" EUID="root" SUID="root" FSUID="root" EGID="svc_api" SGID="svc_api" FSGID="svc_api"
type=CWD msg=audit(1778965946.476:63956): cwd="/home/svc_api"
type=PATH msg=audit(1778965946.476:63956): item=0 name=".ssh" inode=134022 dev=08:01 mode=040700 ouid=1000 ogid=1000 rdev=00:00 nametype=NORMAL cap_fp=0 cap_fi=0 cap_fe=0 cap_fver=0 cap_frootid=0OUID="svc_api" OGID="svc_api"
type=PROCTITLE msg=audit(1778965946.476:63956): proctitle=66696E64002F686F6D65002D6E616D650069645F727361
type=SYSCALL msg=audit(1778966007.660:64153): arch=c000003e syscall=257 success=yes exit=3 a0=ffffff9c a1=7fe779af0be1 a2=80000 a3=0 items=1 ppid=28428 pid=28429 auid=0 uid=1000 gid=1000 euid=1000 suid=1000 fsuid=1000 egid=1000 sgid=1000 fsgid=1000 tty=(none) ses=1778 comm="bash" exe="/usr/bin/bash" subj=unconfined key="passwd_access"ARCH=x86_64 SYSCALL=openat AUID="root" UID="svc_api" GID="svc_api" EUID="svc_api" SUID="svc_api" FSUID="svc_api" EGID="svc_api" SGID="svc_api" FSGID="svc_api"
type=CWD msg=audit(1778966007.660:64153): cwd="/home/svc_api"
type=PATH msg=audit(1778966007.660:64153): item=0 name="/etc/passwd" inode=134082 dev=08:01 mode=0100644 ouid=0 ogid=0 rdev=00:00 nametype=NORMAL cap_fp=0 cap_fi=0 cap_fe=0 cap_fver=0 cap_frootid=0OUID="root" OGID="root"
type=PROCTITLE msg=audit(1778966007.660:64153): proctitle=2D62617368002D63000A2020202020202020636174202F70726F632F6C6F6164617667203E202F6465762F6E756C6C0A2020202020202020707320617578202D2D6E6F2D68656164657273207C2067726570206E657861636F72702D617069203E202F6465762F6E756C6C20323E2631207C7C20747275650A20202020202020
type=SYSCALL msg=audit(1778966007.668:64154): arch=c000003e syscall=257 success=yes exit=4 a0=ffffff9c a1=7f3ec7c34be1 a2=80000 a3=0 items=1 ppid=28429 pid=28432 auid=0 uid=1000 gid=1000 euid=1000 suid=1000 fsuid=1000 egid=1000 sgid=1000 fsgid=1000 tty=(none) ses=1778 comm="ps" exe="/usr/bin/ps" subj=unconfined key="passwd_access"ARCH=x86_64 SYSCALL=openat AUID="root" UID="svc_api" GID="svc_api" EUID="svc_api" SUID="svc_api" FSUID="svc_api" EGID="svc_api" SGID="svc_api" FSGID="svc_api"
type=CWD msg=audit(1778966007.668:64154): cwd="/home/svc_api"
type=PATH msg=audit(1778966007.668:64154): item=0 name="/etc/passwd" inode=134082 dev=08:01 mode=0100644 ouid=0 ogid=0 rdev=00:00 nametype=NORMAL cap_fp=0 cap_fi=0 cap_fe=0 cap_fver=0 cap_frootid=0OUID="root" OGID="root"
type=PROCTITLE msg=audit(1778966007.668:64154): proctitle=707300617578002D2D6E6F2D68656164657273
type=SYSCALL msg=audit(1778966007.668:64155): arch=c000003e syscall=257 success=yes exit=4 a0=ffffff9c a1=7f3ec7c34be1 a2=80000 a3=0 items=1 ppid=28429 pid=28432 auid=0 uid=1000 gid=1000 euid=1000 suid=1000 fsuid=1000 egid=1000 sgid=1000 fsgid=1000 tty=(none) ses=1778 comm="ps" exe="/usr/bin/ps" subj=unconfined key="passwd_access"ARCH=x86_64 SYSCALL=openat AUID="root" UID="svc_api" GID="svc_api" EUID="svc_api" SUID="svc_api" FSUID="svc_api" EGID="svc_api" SGID="svc_api" FSGID="svc_api"
type=CWD msg=audit(1778966007.668:64155): cwd="/home/svc_api"
type=PATH msg=audit(1778966007.668:64155): item=0 name="/etc/passwd" inode=134082 dev=08:01 mode=0100644 ouid=0 ogid=0 rdev=00:00 nametype=NORMAL cap_fp=0 cap_fi=0 cap_fe=0 cap_fver=0 cap_frootid=0OUID="root" OGID="root"
type=PROCTITLE msg=audit(1778966007.668:64155): proctitle=707300617578002D2D6E6F2D68656164657273
type=SYSCALL msg=audit(1778966007.668:64156): arch=c000003e syscall=257 success=yes exit=4 a0=ffffff9c a1=7f3ec7c34be1 a2=80000 a3=0 items=1 ppid=28429 pid=28432 auid=0 uid=1000 gid=1000 euid=1000 suid=1000 fsuid=1000 egid=1000 sgid=1000 fsgid=1000 tty=(none) ses=1778 comm="ps" exe="/usr/bin/ps" subj=unconfined key="passwd_access"ARCH=x86_64 SYSCALL=openat AUID="root" UID="svc_api" GID="svc_api" EUID="svc_api" SUID="svc_api" FSUID="svc_api" EGID="svc_api" SGID="svc_api" FSGID="svc_api"
type=CWD msg=audit(1778966007.668:64156): cwd="/home/svc_api"
type=PATH msg=audit(1778966007.668:64156): item=0 name="/etc/passwd" inode=134082 dev=08:01 mode=0100644 ouid=0 ogid=0 rdev=00:00 nametype=NORMAL cap_fp=0 cap_fi=0 cap_fe=0 cap_fver=0 cap_frootid=0OUID="root" OGID="root"
type=PROCTITLE msg=audit(1778966007.668:64156): proctitle=707300617578002D2D6E6F2D68656164657273
type=SYSCALL msg=audit(1778966007.672:64157): arch=c000003e syscall=257 success=yes exit=4 a0=ffffff9c a1=7f3ec7c34be1 a2=80000 a3=0 items=1 ppid=28429 pid=28432 auid=0 uid=1000 gid=1000 euid=1000 suid=1000 fsuid=1000 egid=1000 sgid=1000 fsgid=1000 tty=(none) ses=1778 comm="ps" exe="/usr/bin/ps" subj=unconfined key="passwd_access"ARCH=x86_64 SYSCALL=openat AUID="root" UID="svc_api" GID="svc_api" EUID="svc_api" SUID="svc_api" FSUID="svc_api" EGID="svc_api" SGID="svc_api" FSGID="svc_api"
type=CWD msg=audit(1778966007.672:64157): cwd="/home/svc_api"
type=PATH msg=audit(1778966007.672:64157): item=0 name="/etc/passwd" inode=134082 dev=08:01 mode=0100644 ouid=0 ogid=0 rdev=00:00 nametype=NORMAL cap_fp=0 cap_fi=0 cap_fe=0 cap_fver=0 cap_frootid=0OUID="root" OGID="root"
type=PROCTITLE msg=audit(1778966007.672:64157): proctitle=707300617578002D2D6E6F2D68656164657273
type=SYSCALL msg=audit(1778966007.680:64158): arch=c000003e syscall=59 success=yes exit=0 a0=556cec0a2c70 a1=556cec0a1190 a2=556cec09e9b0 a3=1fa671f69bdb358a items=3 ppid=28429 pid=28440 auid=0 uid=1000 gid=1000 euid=0 suid=0 fsuid=0 egid=1000 sgid=1000 fsgid=1000 tty=(none) ses=1778 comm="find" exe="/usr/bin/find" subj=unconfined key="suid_escalation"ARCH=x86_64 SYSCALL=execve AUID="root" UID="svc_api" GID="svc_api" EUID="root" SUID="root" FSUID="root" EGID="svc_api" SGID="svc_api" FSGID="svc_api"
type=EXECVE msg=audit(1778966007.680:64158): argc=8 a0="find" a1="/home/svc_api" a2="-name" a3="*.log" a4="-newer" a5="/etc/hostname" a6="-maxdepth" a7="2"
type=CWD msg=audit(1778966007.680:64158): cwd="/home/svc_api"
type=PATH msg=audit(1778966007.680:64158): item=0 name="/usr/bin/find" inode=1953 dev=08:01 mode=0104755 ouid=0 ogid=0 rdev=00:00 nametype=NORMAL cap_fp=0 cap_fi=0 cap_fe=0 cap_fver=0 cap_frootid=0OUID="root" OGID="root"
type=PATH msg=audit(1778966007.680:64158): item=1 name="/usr/bin/find" inode=1953 dev=08:01 mode=0104755 ouid=0 ogid=0 rdev=00:00 nametype=NORMAL cap_fp=0 cap_fi=0 cap_fe=0 cap_fver=0 cap_frootid=0OUID="root" OGID="root"
type=PATH msg=audit(1778966007.680:64158): item=2 name="/lib64/ld-linux-x86-64.so.2" inode=40 dev=08:01 mode=0100755 ouid=0 ogid=0 rdev=00:00 nametype=NORMAL cap_fp=0 cap_fi=0 cap_fe=0 cap_fver=0 cap_frootid=0OUID="root" OGID="root"
type=PROCTITLE msg=audit(1778966007.680:64158): proctitle=66696E64002F686F6D652F7376635F617069002D6E616D65002A2E6C6F67002D6E65776572002F6574632F686F73746E616D65002D6D617864657074680032
type=SYSCALL msg=audit(1778966007.680:64159): arch=c000003e syscall=257 success=yes exit=6 a0=5 a1=555b49f0b640 a2=b0900 a3=0 items=1 ppid=28429 pid=28440 auid=0 uid=1000 gid=1000 euid=0 suid=0 fsuid=0 egid=1000 sgid=1000 fsgid=1000 tty=(none) ses=1778 comm="find" exe="/usr/bin/find" subj=unconfined key="ssh_key_access"ARCH=x86_64 SYSCALL=openat AUID="root" UID="svc_api" GID="svc_api" EUID="root" SUID="root" FSUID="root" EGID="svc_api" SGID="svc_api" FSGID="svc_api"
type=CWD msg=audit(1778966007.680:64159): cwd="/home/svc_api"
type=PATH msg=audit(1778966007.680:64159): item=0 name=".ssh" inode=134022 dev=08:01 mode=040700 ouid=1000 ogid=1000 rdev=00:00 nametype=NORMAL cap_fp=0 cap_fi=0 cap_fe=0 cap_fver=0 cap_frootid=0OUID="svc_api" OGID="svc_api"
type=PROCTITLE msg=audit(1778966007.680:64159): proctitle=66696E64002F686F6D652F7376635F617069002D6E616D65002A2E6C6F67002D6E65776572002F6574632F686F73746E616D65002D6D617864657074680032
type=SYSCALL msg=audit(1778966068.364:64289): arch=c000003e syscall=257 success=yes exit=3 a0=ffffff9c a1=7fc85bd18be1 a2=80000 a3=0 items=1 ppid=28495 pid=28496 auid=0 uid=1000 gid=1000 euid=1000 suid=1000 fsuid=1000 egid=1000 sgid=1000 fsgid=1000 tty=(none) ses=1781 comm="bash" exe="/usr/bin/bash" subj=unconfined key="passwd_access"ARCH=x86_64 SYSCALL=openat AUID="root" UID="svc_api" GID="svc_api" EUID="svc_api" SUID="svc_api" FSUID="svc_api" EGID="svc_api" SGID="svc_api" FSGID="svc_api"
type=CWD msg=audit(1778966068.364:64289): cwd="/home/svc_api"
type=PATH msg=audit(1778966068.364:64289): item=0 name="/etc/passwd" inode=134082 dev=08:01 mode=0100644 ouid=0 ogid=0 rdev=00:00 nametype=NORMAL cap_fp=0 cap_fi=0 cap_fe=0 cap_fver=0 cap_frootid=0OUID="root" OGID="root"
type=PROCTITLE msg=audit(1778966068.364:64289): proctitle=2D62617368002D63000A2020202020202020636174202F6574632F736861646F7720323E2F6465762F6E756C6C207C2068656164202D33203E202F6465762F6E756C6C207C7C20747275650A20202020202020206C73202D6C61202F726F6F742F2E73736820323E2F6465762F6E756C6C203E202F6465762F6E756C6C207C7C
type=SYSCALL msg=audit(1778966068.368:64290): arch=c000003e syscall=257 success=no exit=-13 a0=ffffff9c a1=7ffd642acf1a a2=0 a3=0 items=1 ppid=28496 pid=28498 auid=0 uid=1000 gid=1000 euid=1000 suid=1000 fsuid=1000 egid=1000 sgid=1000 fsgid=1000 tty=(none) ses=1781 comm="cat" exe="/usr/bin/cat" subj=unconfined key="shadow_access"ARCH=x86_64 SYSCALL=openat AUID="root" UID="svc_api" GID="svc_api" EUID="svc_api" SUID="svc_api" FSUID="svc_api" EGID="svc_api" SGID="svc_api" FSGID="svc_api"
type=CWD msg=audit(1778966068.368:64290): cwd="/home/svc_api"
type=PATH msg=audit(1778966068.368:64290): item=0 name="/etc/shadow" inode=134065 dev=08:01 mode=0100640 ouid=0 ogid=42 rdev=00:00 nametype=NORMAL cap_fp=0 cap_fi=0 cap_fe=0 cap_fver=0 cap_frootid=0OUID="root" OGID="shadow"
type=PROCTITLE msg=audit(1778966068.368:64290): proctitle=636174002F6574632F736861646F77
type=SYSCALL msg=audit(1778966068.368:64291): arch=c000003e syscall=59 success=yes exit=0 a0=555682d224d0 a1=555682d21610 a2=555682d208c0 a3=0 items=3 ppid=28496 pid=28501 auid=0 uid=1000 gid=1000 euid=0 suid=0 fsuid=0 egid=1000 sgid=1000 fsgid=1000 tty=(none) ses=1781 comm="find" exe="/usr/bin/find" subj=unconfined key="suid_escalation"ARCH=x86_64 SYSCALL=execve AUID="root" UID="svc_api" GID="svc_api" EUID="root" SUID="root" FSUID="root" EGID="svc_api" SGID="svc_api" FSGID="svc_api"
type=EXECVE msg=audit(1778966068.368:64291): argc=4 a0="find" a1="/home" a2="-name" a3="id_rsa"
type=CWD msg=audit(1778966068.368:64291): cwd="/home/svc_api"
type=PATH msg=audit(1778966068.368:64291): item=0 name="/usr/bin/find" inode=1953 dev=08:01 mode=0104755 ouid=0 ogid=0 rdev=00:00 nametype=NORMAL cap_fp=0 cap_fi=0 cap_fe=0 cap_fver=0 cap_frootid=0OUID="root" OGID="root"
type=PATH msg=audit(1778966068.368:64291): item=1 name="/usr/bin/find" inode=1953 dev=08:01 mode=0104755 ouid=0 ogid=0 rdev=00:00 nametype=NORMAL cap_fp=0 cap_fi=0 cap_fe=0 cap_fver=0 cap_frootid=0OUID="root" OGID="root"
type=PATH msg=audit(1778966068.368:64291): item=2 name="/lib64/ld-linux-x86-64.so.2" inode=40 dev=08:01 mode=0100755 ouid=0 ogid=0 rdev=00:00 nametype=NORMAL cap_fp=0 cap_fi=0 cap_fe=0 cap_fver=0 cap_frootid=0OUID="root" OGID="root"
type=PROCTITLE msg=audit(1778966068.368:64291): proctitle=66696E64002F686F6D65002D6E616D650069645F727361
type=SYSCALL msg=audit(1778966068.368:64292): arch=c000003e syscall=257 success=yes exit=6 a0=7 a1=56156170a3e0 a2=b0900 a3=0 items=1 ppid=28496 pid=28501 auid=0 uid=1000 gid=1000 euid=0 suid=0 fsuid=0 egid=1000 sgid=1000 fsgid=1000 tty=(none) ses=1781 comm="find" exe="/usr/bin/find" subj=unconfined key="ssh_key_access"ARCH=x86_64 SYSCALL=openat AUID="root" UID="svc_api" GID="svc_api" EUID="root" SUID="root" FSUID="root" EGID="svc_api" SGID="svc_api" FSGID="svc_api"
type=CWD msg=audit(1778966068.368:64292): cwd="/home/svc_api"
type=PATH msg=audit(1778966068.368:64292): item=0 name=".ssh" inode=134022 dev=08:01 mode=040700 ouid=1000 ogid=1000 rdev=00:00 nametype=NORMAL cap_fp=0 cap_fi=0 cap_fe=0 cap_fver=0 cap_frootid=0OUID="svc_api" OGID="svc_api"
type=PROCTITLE msg=audit(1778966068.368:64292): proctitle=66696E64002F686F6D65002D6E616D650069645F727361
type=SYSCALL msg=audit(1778966129.544:64493): arch=c000003e syscall=257 success=yes exit=3 a0=ffffff9c a1=7fe3482a4be1 a2=80000 a3=0 items=1 ppid=28575 pid=28576 auid=0 uid=1000 gid=1000 euid=1000 suid=1000 fsuid=1000 egid=1000 sgid=1000 fsgid=1000 tty=(none) ses=1788 comm="bash" exe="/usr/bin/bash" subj=unconfined key="passwd_access"ARCH=x86_64 SYSCALL=openat AUID="root" UID="svc_api" GID="svc_api" EUID="svc_api" SUID="svc_api" FSUID="svc_api" EGID="svc_api" SGID="svc_api" FSGID="svc_api"
type=CWD msg=audit(1778966129.544:64493): cwd="/home/svc_api"
type=PATH msg=audit(1778966129.544:64493): item=0 name="/etc/passwd" inode=134082 dev=08:01 mode=0100644 ouid=0 ogid=0 rdev=00:00 nametype=NORMAL cap_fp=0 cap_fi=0 cap_fe=0 cap_fver=0 cap_frootid=0OUID="root" OGID="root"
type=PROCTITLE msg=audit(1778966129.544:64493): proctitle=2D62617368002D63000A2020202020202020636174202F70726F632F6C6F6164617667203E202F6465762F6E756C6C0A2020202020202020707320617578202D2D6E6F2D68656164657273207C2067726570206E657861636F72702D617069203E202F6465762F6E756C6C20323E2631207C7C20747275650A20202020202020
type=SYSCALL msg=audit(1778966129.552:64494): arch=c000003e syscall=257 success=yes exit=4 a0=ffffff9c a1=7f8483338be1 a2=80000 a3=0 items=1 ppid=28576 pid=28579 auid=0 uid=1000 gid=1000 euid=1000 suid=1000 fsuid=1000 egid=1000 sgid=1000 fsgid=1000 tty=(none) ses=1788 comm="ps" exe="/usr/bin/ps" subj=unconfined key="passwd_access"ARCH=x86_64 SYSCALL=openat AUID="root" UID="svc_api" GID="svc_api" EUID="svc_api" SUID="svc_api" FSUID="svc_api" EGID="svc_api" SGID="svc_api" FSGID="svc_api"
type=CWD msg=audit(1778966129.552:64494): cwd="/home/svc_api"
type=PATH msg=audit(1778966129.552:64494): item=0 name="/etc/passwd" inode=134082 dev=08:01 mode=0100644 ouid=0 ogid=0 rdev=00:00 nametype=NORMAL cap_fp=0 cap_fi=0 cap_fe=0 cap_fver=0 cap_frootid=0OUID="root" OGID="root"
type=PROCTITLE msg=audit(1778966129.552:64494): proctitle=707300617578002D2D6E6F2D68656164657273
type=SYSCALL msg=audit(1778966129.556:64495): arch=c000003e syscall=257 success=yes exit=4 a0=ffffff9c a1=7f8483338be1 a2=80000 a3=0 items=1 ppid=28576 pid=28579 auid=0 uid=1000 gid=1000 euid=1000 suid=1000 fsuid=1000 egid=1000 sgid=1000 fsgid=1000 tty=(none) ses=1788 comm="ps" exe="/usr/bin/ps" subj=unconfined key="passwd_access"ARCH=x86_64 SYSCALL=openat AUID="root" UID="svc_api" GID="svc_api" EUID="svc_api" SUID="svc_api" FSUID="svc_api" EGID="svc_api" SGID="svc_api" FSGID="svc_api"
type=CWD msg=audit(1778966129.556:64495): cwd="/home/svc_api"
type=PATH msg=audit(1778966129.556:64495): item=0 name="/etc/passwd" inode=134082 dev=08:01 mode=0100644 ouid=0 ogid=0 rdev=00:00 nametype=NORMAL cap_fp=0 cap_fi=0 cap_fe=0 cap_fver=0 cap_frootid=0OUID="root" OGID="root"
type=PROCTITLE msg=audit(1778966129.556:64495): proctitle=707300617578002D2D6E6F2D68656164657273
type=SYSCALL msg=audit(1778966129.556:64496): arch=c000003e syscall=257 success=yes exit=4 a0=ffffff9c a1=7f8483338be1 a2=80000 a3=0 items=1 ppid=28576 pid=28579 auid=0 uid=1000 gid=1000 euid=1000 suid=1000 fsuid=1000 egid=1000 sgid=1000 fsgid=1000 tty=(none) ses=1788 comm="ps" exe="/usr/bin/ps" subj=unconfined key="passwd_access"ARCH=x86_64 SYSCALL=openat AUID="root" UID="svc_api" GID="svc_api" EUID="svc_api" SUID="svc_api" FSUID="svc_api" EGID="svc_api" SGID="svc_api" FSGID="svc_api"
type=CWD msg=audit(1778966129.556:64496): cwd="/home/svc_api"
type=PATH msg=audit(1778966129.556:64496): item=0 name="/etc/passwd" inode=134082 dev=08:01 mode=0100644 ouid=0 ogid=0 rdev=00:00 nametype=NORMAL cap_fp=0 cap_fi=0 cap_fe=0 cap_fver=0 cap_frootid=0OUID="root" OGID="root"
type=PROCTITLE msg=audit(1778966129.556:64496): proctitle=707300617578002D2D6E6F2D68656164657273
type=SYSCALL msg=audit(1778966129.556:64497): arch=c000003e syscall=257 success=yes exit=4 a0=ffffff9c a1=7f8483338be1 a2=80000 a3=0 items=1 ppid=28576 pid=28579 auid=0 uid=1000 gid=1000 euid=1000 suid=1000 fsuid=1000 egid=1000 sgid=1000 fsgid=1000 tty=(none) ses=1788 comm="ps" exe="/usr/bin/ps" subj=unconfined key="passwd_access"ARCH=x86_64 SYSCALL=openat AUID="root" UID="svc_api" GID="svc_api" EUID="svc_api" SUID="svc_api" FSUID="svc_api" EGID="svc_api" SGID="svc_api" FSGID="svc_api"
type=CWD msg=audit(1778966129.556:64497): cwd="/home/svc_api"
type=PATH msg=audit(1778966129.556:64497): item=0 name="/etc/passwd" inode=134082 dev=08:01 mode=0100644 ouid=0 ogid=0 rdev=00:00 nametype=NORMAL cap_fp=0 cap_fi=0 cap_fe=0 cap_fver=0 cap_frootid=0OUID="root" OGID="root"
type=PROCTITLE msg=audit(1778966129.556:64497): proctitle=707300617578002D2D6E6F2D68656164657273
type=SYSCALL msg=audit(1778966129.568:64498): arch=c000003e syscall=59 success=yes exit=0 a0=559c1a6e0c70 a1=559c1a6df190 a2=559c1a6dc9b0 a3=b670c622534847e6 items=3 ppid=28576 pid=28587 auid=0 uid=1000 gid=1000 euid=0 suid=0 fsuid=0 egid=1000 sgid=1000 fsgid=1000 tty=(none) ses=1788 comm="find" exe="/usr/bin/find" subj=unconfined key="suid_escalation"ARCH=x86_64 SYSCALL=execve AUID="root" UID="svc_api" GID="svc_api" EUID="root" SUID="root" FSUID="root" EGID="svc_api" SGID="svc_api" FSGID="svc_api"
type=EXECVE msg=audit(1778966129.568:64498): argc=8 a0="find" a1="/home/svc_api" a2="-name" a3="*.log" a4="-newer" a5="/etc/hostname" a6="-maxdepth" a7="2"
type=CWD msg=audit(1778966129.568:64498): cwd="/home/svc_api"
type=PATH msg=audit(1778966129.568:64498): item=0 name="/usr/bin/find" inode=1953 dev=08:01 mode=0104755 ouid=0 ogid=0 rdev=00:00 nametype=NORMAL cap_fp=0 cap_fi=0 cap_fe=0 cap_fver=0 cap_frootid=0OUID="root" OGID="root"
type=PATH msg=audit(1778966129.568:64498): item=1 name="/usr/bin/find" inode=1953 dev=08:01 mode=0104755 ouid=0 ogid=0 rdev=00:00 nametype=NORMAL cap_fp=0 cap_fi=0 cap_fe=0 cap_fver=0 cap_frootid=0OUID="root" OGID="root"
type=PATH msg=audit(1778966129.568:64498): item=2 name="/lib64/ld-linux-x86-64.so.2" inode=40 dev=08:01 mode=0100755 ouid=0 ogid=0 rdev=00:00 nametype=NORMAL cap_fp=0 cap_fi=0 cap_fe=0 cap_fver=0 cap_frootid=0OUID="root" OGID="root"
type=PROCTITLE msg=audit(1778966129.568:64498): proctitle=66696E64002F686F6D652F7376635F617069002D6E616D65002A2E6C6F67002D6E65776572002F6574632F686F73746E616D65002D6D617864657074680032
type=SYSCALL msg=audit(1778966129.568:64499): arch=c000003e syscall=257 success=yes exit=6 a0=5 a1=561b3260e640 a2=b0900 a3=0 items=1 ppid=28576 pid=28587 auid=0 uid=1000 gid=1000 euid=0 suid=0 fsuid=0 egid=1000 sgid=1000 fsgid=1000 tty=(none) ses=1788 comm="find" exe="/usr/bin/find" subj=unconfined key="ssh_key_access"ARCH=x86_64 SYSCALL=openat AUID="root" UID="svc_api" GID="svc_api" EUID="root" SUID="root" FSUID="root" EGID="svc_api" SGID="svc_api" FSGID="svc_api"
type=CWD msg=audit(1778966129.568:64499): cwd="/home/svc_api"
type=PATH msg=audit(1778966129.568:64499): item=0 name=".ssh" inode=134022 dev=08:01 mode=040700 ouid=1000 ogid=1000 rdev=00:00 nametype=NORMAL cap_fp=0 cap_fi=0 cap_fe=0 cap_fver=0 cap_frootid=0OUID="svc_api" OGID="svc_api"
type=PROCTITLE msg=audit(1778966129.568:64499): proctitle=66696E64002F686F6D652F7376635F617069002D6E616D65002A2E6C6F67002D6E65776572002F6574632F686F73746E616D65002D6D617864657074680032
type=SYSCALL msg=audit(1778966190.268:64629): arch=c000003e syscall=257 success=yes exit=3 a0=ffffff9c a1=7fc02459cbe1 a2=80000 a3=0 items=1 ppid=28642 pid=28643 auid=0 uid=1000 gid=1000 euid=1000 suid=1000 fsuid=1000 egid=1000 sgid=1000 fsgid=1000 tty=(none) ses=1791 comm="bash" exe="/usr/bin/bash" subj=unconfined key="passwd_access"ARCH=x86_64 SYSCALL=openat AUID="root" UID="svc_api" GID="svc_api" EUID="svc_api" SUID="svc_api" FSUID="svc_api" EGID="svc_api" SGID="svc_api" FSGID="svc_api"
type=CWD msg=audit(1778966190.268:64629): cwd="/home/svc_api"
type=PATH msg=audit(1778966190.268:64629): item=0 name="/etc/passwd" inode=134082 dev=08:01 mode=0100644 ouid=0 ogid=0 rdev=00:00 nametype=NORMAL cap_fp=0 cap_fi=0 cap_fe=0 cap_fver=0 cap_frootid=0OUID="root" OGID="root"
type=PROCTITLE msg=audit(1778966190.268:64629): proctitle=2D62617368002D63000A2020202020202020636174202F6574632F736861646F7720323E2F6465762F6E756C6C207C2068656164202D33203E202F6465762F6E756C6C207C7C20747275650A20202020202020206C73202D6C61202F726F6F742F2E73736820323E2F6465762F6E756C6C203E202F6465762F6E756C6C207C7C
type=SYSCALL msg=audit(1778966190.272:64630): arch=c000003e syscall=257 success=no exit=-13 a0=ffffff9c a1=7fff24c42f1a a2=0 a3=0 items=1 ppid=28643 pid=28645 auid=0 uid=1000 gid=1000 euid=1000 suid=1000 fsuid=1000 egid=1000 sgid=1000 fsgid=1000 tty=(none) ses=1791 comm="cat" exe="/usr/bin/cat" subj=unconfined key="shadow_access"ARCH=x86_64 SYSCALL=openat AUID="root" UID="svc_api" GID="svc_api" EUID="svc_api" SUID="svc_api" FSUID="svc_api" EGID="svc_api" SGID="svc_api" FSGID="svc_api"
type=CWD msg=audit(1778966190.272:64630): cwd="/home/svc_api"
type=PATH msg=audit(1778966190.272:64630): item=0 name="/etc/shadow" inode=134065 dev=08:01 mode=0100640 ouid=0 ogid=42 rdev=00:00 nametype=NORMAL cap_fp=0 cap_fi=0 cap_fe=0 cap_fver=0 cap_frootid=0OUID="root" OGID="shadow"
type=PROCTITLE msg=audit(1778966190.272:64630): proctitle=636174002F6574632F736861646F77
type=SYSCALL msg=audit(1778966190.272:64631): arch=c000003e syscall=59 success=yes exit=0 a0=5610af1d84d0 a1=5610af1d7610 a2=5610af1d68c0 a3=0 items=3 ppid=28643 pid=28648 auid=0 uid=1000 gid=1000 euid=0 suid=0 fsuid=0 egid=1000 sgid=1000 fsgid=1000 tty=(none) ses=1791 comm="find" exe="/usr/bin/find" subj=unconfined key="suid_escalation"ARCH=x86_64 SYSCALL=execve AUID="root" UID="svc_api" GID="svc_api" EUID="root" SUID="root" FSUID="root" EGID="svc_api" SGID="svc_api" FSGID="svc_api"
type=EXECVE msg=audit(1778966190.272:64631): argc=4 a0="find" a1="/home" a2="-name" a3="id_rsa"
type=CWD msg=audit(1778966190.272:64631): cwd="/home/svc_api"
type=PATH msg=audit(1778966190.272:64631): item=0 name="/usr/bin/find" inode=1953 dev=08:01 mode=0104755 ouid=0 ogid=0 rdev=00:00 nametype=NORMAL cap_fp=0 cap_fi=0 cap_fe=0 cap_fver=0 cap_frootid=0OUID="root" OGID="root"
type=PATH msg=audit(1778966190.272:64631): item=1 name="/usr/bin/find" inode=1953 dev=08:01 mode=0104755 ouid=0 ogid=0 rdev=00:00 nametype=NORMAL cap_fp=0 cap_fi=0 cap_fe=0 cap_fver=0 cap_frootid=0OUID="root" OGID="root"
type=PATH msg=audit(1778966190.272:64631): item=2 name="/lib64/ld-linux-x86-64.so.2" inode=40 dev=08:01 mode=0100755 ouid=0 ogid=0 rdev=00:00 nametype=NORMAL cap_fp=0 cap_fi=0 cap_fe=0 cap_fver=0 cap_frootid=0OUID="root" OGID="root"
type=PROCTITLE msg=audit(1778966190.272:64631): proctitle=66696E64002F686F6D65002D6E616D650069645F727361
type=SYSCALL msg=audit(1778966190.272:64632): arch=c000003e syscall=257 success=yes exit=6 a0=7 a1=559f37d503e0 a2=b0900 a3=0 items=1 ppid=28643 pid=28648 auid=0 uid=1000 gid=1000 euid=0 suid=0 fsuid=0 egid=1000 sgid=1000 fsgid=1000 tty=(none) ses=1791 comm="find" exe="/usr/bin/find" subj=unconfined key="ssh_key_access"ARCH=x86_64 SYSCALL=openat AUID="root" UID="svc_api" GID="svc_api" EUID="root" SUID="root" FSUID="root" EGID="svc_api" SGID="svc_api" FSGID="svc_api"
type=CWD msg=audit(1778966190.272:64632): cwd="/home/svc_api"
type=PATH msg=audit(1778966190.272:64632): item=0 name=".ssh" inode=134022 dev=08:01 mode=040700 ouid=1000 ogid=1000 rdev=00:00 nametype=NORMAL cap_fp=0 cap_fi=0 cap_fe=0 cap_fver=0 cap_frootid=0OUID="svc_api" OGID="svc_api"
type=PROCTITLE msg=audit(1778966190.272:64632): proctitle=66696E64002F686F6D65002D6E616D650069645F727361
type=SYSCALL msg=audit(1778966251.456:64845): arch=c000003e syscall=257 success=yes exit=3 a0=ffffff9c a1=7f15375d2be1 a2=80000 a3=0 items=1 ppid=28725 pid=28726 auid=0 uid=1000 gid=1000 euid=1000 suid=1000 fsuid=1000 egid=1000 sgid=1000 fsgid=1000 tty=(none) ses=1799 comm="bash" exe="/usr/bin/bash" subj=unconfined key="passwd_access"ARCH=x86_64 SYSCALL=openat AUID="root" UID="svc_api" GID="svc_api" EUID="svc_api" SUID="svc_api" FSUID="svc_api" EGID="svc_api" SGID="svc_api" FSGID="svc_api"
type=CWD msg=audit(1778966251.456:64845): cwd="/home/svc_api"
type=PATH msg=audit(1778966251.456:64845): item=0 name="/etc/passwd" inode=134082 dev=08:01 mode=0100644 ouid=0 ogid=0 rdev=00:00 nametype=NORMAL cap_fp=0 cap_fi=0 cap_fe=0 cap_fver=0 cap_frootid=0OUID="root" OGID="root"
type=PROCTITLE msg=audit(1778966251.456:64845): proctitle=2D62617368002D63000A2020202020202020636174202F70726F632F6C6F6164617667203E202F6465762F6E756C6C0A2020202020202020707320617578202D2D6E6F2D68656164657273207C2067726570206E657861636F72702D617069203E202F6465762F6E756C6C20323E2631207C7C20747275650A20202020202020
type=SYSCALL msg=audit(1778966251.464:64846): arch=c000003e syscall=257 success=yes exit=4 a0=ffffff9c a1=7fade84eabe1 a2=80000 a3=0 items=1 ppid=28726 pid=28729 auid=0 uid=1000 gid=1000 euid=1000 suid=1000 fsuid=1000 egid=1000 sgid=1000 fsgid=1000 tty=(none) ses=1799 comm="ps" exe="/usr/bin/ps" subj=unconfined key="passwd_access"ARCH=x86_64 SYSCALL=openat AUID="root" UID="svc_api" GID="svc_api" EUID="svc_api" SUID="svc_api" FSUID="svc_api" EGID="svc_api" SGID="svc_api" FSGID="svc_api"
type=CWD msg=audit(1778966251.464:64846): cwd="/home/svc_api"
type=PATH msg=audit(1778966251.464:64846): item=0 name="/etc/passwd" inode=134082 dev=08:01 mode=0100644 ouid=0 ogid=0 rdev=00:00 nametype=NORMAL cap_fp=0 cap_fi=0 cap_fe=0 cap_fver=0 cap_frootid=0OUID="root" OGID="root"
type=PROCTITLE msg=audit(1778966251.464:64846): proctitle=707300617578002D2D6E6F2D68656164657273
type=SYSCALL msg=audit(1778966251.468:64847): arch=c000003e syscall=257 success=yes exit=4 a0=ffffff9c a1=7fade84eabe1 a2=80000 a3=0 items=1 ppid=28726 pid=28729 auid=0 uid=1000 gid=1000 euid=1000 suid=1000 fsuid=1000 egid=1000 sgid=1000 fsgid=1000 tty=(none) ses=1799 comm="ps" exe="/usr/bin/ps" subj=unconfined key="passwd_access"ARCH=x86_64 SYSCALL=openat AUID="root" UID="svc_api" GID="svc_api" EUID="svc_api" SUID="svc_api" FSUID="svc_api" EGID="svc_api" SGID="svc_api" FSGID="svc_api"
type=CWD msg=audit(1778966251.468:64847): cwd="/home/svc_api"
type=PATH msg=audit(1778966251.468:64847): item=0 name="/etc/passwd" inode=134082 dev=08:01 mode=0100644 ouid=0 ogid=0 rdev=00:00 nametype=NORMAL cap_fp=0 cap_fi=0 cap_fe=0 cap_fver=0 cap_frootid=0OUID="root" OGID="root"
type=PROCTITLE msg=audit(1778966251.468:64847): proctitle=707300617578002D2D6E6F2D68656164657273
type=SYSCALL msg=audit(1778966251.468:64848): arch=c000003e syscall=257 success=yes exit=4 a0=ffffff9c a1=7fade84eabe1 a2=80000 a3=0 items=1 ppid=28726 pid=28729 auid=0 uid=1000 gid=1000 euid=1000 suid=1000 fsuid=1000 egid=1000 sgid=1000 fsgid=1000 tty=(none) ses=1799 comm="ps" exe="/usr/bin/ps" subj=unconfined key="passwd_access"ARCH=x86_64 SYSCALL=openat AUID="root" UID="svc_api" GID="svc_api" EUID="svc_api" SUID="svc_api" FSUID="svc_api" EGID="svc_api" SGID="svc_api" FSGID="svc_api"
type=CWD msg=audit(1778966251.468:64848): cwd="/home/svc_api"
type=PATH msg=audit(1778966251.468:64848): item=0 name="/etc/passwd" inode=134082 dev=08:01 mode=0100644 ouid=0 ogid=0 rdev=00:00 nametype=NORMAL cap_fp=0 cap_fi=0 cap_fe=0 cap_fver=0 cap_frootid=0OUID="root" OGID="root"
type=PROCTITLE msg=audit(1778966251.468:64848): proctitle=707300617578002D2D6E6F2D68656164657273
type=SYSCALL msg=audit(1778966251.468:64849): arch=c000003e syscall=257 success=yes exit=4 a0=ffffff9c a1=7fade84eabe1 a2=80000 a3=0 items=1 ppid=28726 pid=28729 auid=0 uid=1000 gid=1000 euid=1000 suid=1000 fsuid=1000 egid=1000 sgid=1000 fsgid=1000 tty=(none) ses=1799 comm="ps" exe="/usr/bin/ps" subj=unconfined key="passwd_access"ARCH=x86_64 SYSCALL=openat AUID="root" UID="svc_api" GID="svc_api" EUID="svc_api" SUID="svc_api" FSUID="svc_api" EGID="svc_api" SGID="svc_api" FSGID="svc_api"
type=CWD msg=audit(1778966251.468:64849): cwd="/home/svc_api"
type=PATH msg=audit(1778966251.468:64849): item=0 name="/etc/passwd" inode=134082 dev=08:01 mode=0100644 ouid=0 ogid=0 rdev=00:00 nametype=NORMAL cap_fp=0 cap_fi=0 cap_fe=0 cap_fver=0 cap_frootid=0OUID="root" OGID="root"
type=PROCTITLE msg=audit(1778966251.468:64849): proctitle=707300617578002D2D6E6F2D68656164657273
type=SYSCALL msg=audit(1778966251.480:64850): arch=c000003e syscall=59 success=yes exit=0 a0=56109a97cc70 a1=56109a97b190 a2=56109a9789b0 a3=31e907f93d662ebe items=3 ppid=28726 pid=28737 auid=0 uid=1000 gid=1000 euid=0 suid=0 fsuid=0 egid=1000 sgid=1000 fsgid=1000 tty=(none) ses=1799 comm="find" exe="/usr/bin/find" subj=unconfined key="suid_escalation"ARCH=x86_64 SYSCALL=execve AUID="root" UID="svc_api" GID="svc_api" EUID="root" SUID="root" FSUID="root" EGID="svc_api" SGID="svc_api" FSGID="svc_api"
type=EXECVE msg=audit(1778966251.480:64850): argc=8 a0="find" a1="/home/svc_api" a2="-name" a3="*.log" a4="-newer" a5="/etc/hostname" a6="-maxdepth" a7="2"
type=CWD msg=audit(1778966251.480:64850): cwd="/home/svc_api"
type=PATH msg=audit(1778966251.480:64850): item=0 name="/usr/bin/find" inode=1953 dev=08:01 mode=0104755 ouid=0 ogid=0 rdev=00:00 nametype=NORMAL cap_fp=0 cap_fi=0 cap_fe=0 cap_fver=0 cap_frootid=0OUID="root" OGID="root"
type=PATH msg=audit(1778966251.480:64850): item=1 name="/usr/bin/find" inode=1953 dev=08:01 mode=0104755 ouid=0 ogid=0 rdev=00:00 nametype=NORMAL cap_fp=0 cap_fi=0 cap_fe=0 cap_fver=0 cap_frootid=0OUID="root" OGID="root"
type=PATH msg=audit(1778966251.480:64850): item=2 name="/lib64/ld-linux-x86-64.so.2" inode=40 dev=08:01 mode=0100755 ouid=0 ogid=0 rdev=00:00 nametype=NORMAL cap_fp=0 cap_fi=0 cap_fe=0 cap_fver=0 cap_frootid=0OUID="root" OGID="root"
type=PROCTITLE msg=audit(1778966251.480:64850): proctitle=66696E64002F686F6D652F7376635F617069002D6E616D65002A2E6C6F67002D6E65776572002F6574632F686F73746E616D65002D6D617864657074680032
type=SYSCALL msg=audit(1778966251.480:64851): arch=c000003e syscall=257 success=yes exit=6 a0=5 a1=55b96b035640 a2=b0900 a3=0 items=1 ppid=28726 pid=28737 auid=0 uid=1000 gid=1000 euid=0 suid=0 fsuid=0 egid=1000 sgid=1000 fsgid=1000 tty=(none) ses=1799 comm="find" exe="/usr/bin/find" subj=unconfined key="ssh_key_access"ARCH=x86_64 SYSCALL=openat AUID="root" UID="svc_api" GID="svc_api" EUID="root" SUID="root" FSUID="root" EGID="svc_api" SGID="svc_api" FSGID="svc_api"
type=CWD msg=audit(1778966251.480:64851): cwd="/home/svc_api"
type=PATH msg=audit(1778966251.480:64851): item=0 name=".ssh" inode=134022 dev=08:01 mode=040700 ouid=1000 ogid=1000 rdev=00:00 nametype=NORMAL cap_fp=0 cap_fi=0 cap_fe=0 cap_fver=0 cap_frootid=0OUID="svc_api" OGID="svc_api"
type=PROCTITLE msg=audit(1778966251.480:64851): proctitle=66696E64002F686F6D652F7376635F617069002D6E616D65002A2E6C6F67002D6E65776572002F6574632F686F73746E616D65002D6D617864657074680032
type=SYSCALL msg=audit(1778966312.172:64979): arch=c000003e syscall=257 success=yes exit=3 a0=ffffff9c a1=7f7dbc1ffbe1 a2=80000 a3=0 items=1 ppid=28795 pid=28796 auid=0 uid=1000 gid=1000 euid=1000 suid=1000 fsuid=1000 egid=1000 sgid=1000 fsgid=1000 tty=(none) ses=1802 comm="bash" exe="/usr/bin/bash" subj=unconfined key="passwd_access"ARCH=x86_64 SYSCALL=openat AUID="root" UID="svc_api" GID="svc_api" EUID="svc_api" SUID="svc_api" FSUID="svc_api" EGID="svc_api" SGID="svc_api" FSGID="svc_api"
type=CWD msg=audit(1778966312.172:64979): cwd="/home/svc_api"
type=PATH msg=audit(1778966312.172:64979): item=0 name="/etc/passwd" inode=134082 dev=08:01 mode=0100644 ouid=0 ogid=0 rdev=00:00 nametype=NORMAL cap_fp=0 cap_fi=0 cap_fe=0 cap_fver=0 cap_frootid=0OUID="root" OGID="root"
type=PROCTITLE msg=audit(1778966312.172:64979): proctitle=2D62617368002D63000A2020202020202020636174202F6574632F736861646F7720323E2F6465762F6E756C6C207C2068656164202D33203E202F6465762F6E756C6C207C7C20747275650A20202020202020206C73202D6C61202F726F6F742F2E73736820323E2F6465762F6E756C6C203E202F6465762F6E756C6C207C7C
type=SYSCALL msg=audit(1778966312.176:64980): arch=c000003e syscall=257 success=no exit=-13 a0=ffffff9c a1=7fff30037f1a a2=0 a3=0 items=1 ppid=28796 pid=28798 auid=0 uid=1000 gid=1000 euid=1000 suid=1000 fsuid=1000 egid=1000 sgid=1000 fsgid=1000 tty=(none) ses=1802 comm="cat" exe="/usr/bin/cat" subj=unconfined key="shadow_access"ARCH=x86_64 SYSCALL=openat AUID="root" UID="svc_api" GID="svc_api" EUID="svc_api" SUID="svc_api" FSUID="svc_api" EGID="svc_api" SGID="svc_api" FSGID="svc_api"
type=CWD msg=audit(1778966312.176:64980): cwd="/home/svc_api"
type=PATH msg=audit(1778966312.176:64980): item=0 name="/etc/shadow" inode=134065 dev=08:01 mode=0100640 ouid=0 ogid=42 rdev=00:00 nametype=NORMAL cap_fp=0 cap_fi=0 cap_fe=0 cap_fver=0 cap_frootid=0OUID="root" OGID="shadow"
type=PROCTITLE msg=audit(1778966312.176:64980): proctitle=636174002F6574632F736861646F77
type=SYSCALL msg=audit(1778966312.176:64981): arch=c000003e syscall=59 success=yes exit=0 a0=5621ac7af4d0 a1=5621ac7ae610 a2=5621ac7ad8c0 a3=0 items=3 ppid=28796 pid=28801 auid=0 uid=1000 gid=1000 euid=0 suid=0 fsuid=0 egid=1000 sgid=1000 fsgid=1000 tty=(none) ses=1802 comm="find" exe="/usr/bin/find" subj=unconfined key="suid_escalation"ARCH=x86_64 SYSCALL=execve AUID="root" UID="svc_api" GID="svc_api" EUID="root" SUID="root" FSUID="root" EGID="svc_api" SGID="svc_api" FSGID="svc_api"
type=EXECVE msg=audit(1778966312.176:64981): argc=4 a0="find" a1="/home" a2="-name" a3="id_rsa"
type=CWD msg=audit(1778966312.176:64981): cwd="/home/svc_api"
type=PATH msg=audit(1778966312.176:64981): item=0 name="/usr/bin/find" inode=1953 dev=08:01 mode=0104755 ouid=0 ogid=0 rdev=00:00 nametype=NORMAL cap_fp=0 cap_fi=0 cap_fe=0 cap_fver=0 cap_frootid=0OUID="root" OGID="root"
type=PATH msg=audit(1778966312.176:64981): item=1 name="/usr/bin/find" inode=1953 dev=08:01 mode=0104755 ouid=0 ogid=0 rdev=00:00 nametype=NORMAL cap_fp=0 cap_fi=0 cap_fe=0 cap_fver=0 cap_frootid=0OUID="root" OGID="root"
type=PATH msg=audit(1778966312.176:64981): item=2 name="/lib64/ld-linux-x86-64.so.2" inode=40 dev=08:01 mode=0100755 ouid=0 ogid=0 rdev=00:00 nametype=NORMAL cap_fp=0 cap_fi=0 cap_fe=0 cap_fver=0 cap_frootid=0OUID="root" OGID="root"
type=PROCTITLE msg=audit(1778966312.176:64981): proctitle=66696E64002F686F6D65002D6E616D650069645F727361
type=SYSCALL msg=audit(1778966312.176:64982): arch=c000003e syscall=257 success=yes exit=6 a0=7 a1=556cb493a3e0 a2=b0900 a3=0 items=1 ppid=28796 pid=28801 auid=0 uid=1000 gid=1000 euid=0 suid=0 fsuid=0 egid=1000 sgid=1000 fsgid=1000 tty=(none) ses=1802 comm="find" exe="/usr/bin/find" subj=unconfined key="ssh_key_access"ARCH=x86_64 SYSCALL=openat AUID="root" UID="svc_api" GID="svc_api" EUID="root" SUID="root" FSUID="root" EGID="svc_api" SGID="svc_api" FSGID="svc_api"
type=CWD msg=audit(1778966312.176:64982): cwd="/home/svc_api"
type=PATH msg=audit(1778966312.176:64982): item=0 name=".ssh" inode=134022 dev=08:01 mode=040700 ouid=1000 ogid=1000 rdev=00:00 nametype=NORMAL cap_fp=0 cap_fi=0 cap_fe=0 cap_fver=0 cap_frootid=0OUID="svc_api" OGID="svc_api"
type=PROCTITLE msg=audit(1778966312.176:64982): proctitle=66696E64002F686F6D65002D6E616D650069645F727361
type=SYSCALL msg=audit(1778966373.380:65183): arch=c000003e syscall=257 success=yes exit=3 a0=ffffff9c a1=7f7dc640cbe1 a2=80000 a3=0 items=1 ppid=28885 pid=28886 auid=0 uid=1000 gid=1000 euid=1000 suid=1000 fsuid=1000 egid=1000 sgid=1000 fsgid=1000 tty=(none) ses=1809 comm="bash" exe="/usr/bin/bash" subj=unconfined key="passwd_access"ARCH=x86_64 SYSCALL=openat AUID="root" UID="svc_api" GID="svc_api" EUID="svc_api" SUID="svc_api" FSUID="svc_api" EGID="svc_api" SGID="svc_api" FSGID="svc_api"
type=CWD msg=audit(1778966373.380:65183): cwd="/home/svc_api"
type=PATH msg=audit(1778966373.380:65183): item=0 name="/etc/passwd" inode=134082 dev=08:01 mode=0100644 ouid=0 ogid=0 rdev=00:00 nametype=NORMAL cap_fp=0 cap_fi=0 cap_fe=0 cap_fver=0 cap_frootid=0OUID="root" OGID="root"
type=PROCTITLE msg=audit(1778966373.380:65183): proctitle=2D62617368002D63000A2020202020202020636174202F70726F632F6C6F6164617667203E202F6465762F6E756C6C0A2020202020202020707320617578202D2D6E6F2D68656164657273207C2067726570206E657861636F72702D617069203E202F6465762F6E756C6C20323E2631207C7C20747275650A20202020202020
type=SYSCALL msg=audit(1778966373.388:65184): arch=c000003e syscall=257 success=yes exit=4 a0=ffffff9c a1=7f204ee75be1 a2=80000 a3=0 items=1 ppid=28886 pid=28889 auid=0 uid=1000 gid=1000 euid=1000 suid=1000 fsuid=1000 egid=1000 sgid=1000 fsgid=1000 tty=(none) ses=1809 comm="ps" exe="/usr/bin/ps" subj=unconfined key="passwd_access"ARCH=x86_64 SYSCALL=openat AUID="root" UID="svc_api" GID="svc_api" EUID="svc_api" SUID="svc_api" FSUID="svc_api" EGID="svc_api" SGID="svc_api" FSGID="svc_api"
type=CWD msg=audit(1778966373.388:65184): cwd="/home/svc_api"
type=PATH msg=audit(1778966373.388:65184): item=0 name="/etc/passwd" inode=134082 dev=08:01 mode=0100644 ouid=0 ogid=0 rdev=00:00 nametype=NORMAL cap_fp=0 cap_fi=0 cap_fe=0 cap_fver=0 cap_frootid=0OUID="root" OGID="root"
type=PROCTITLE msg=audit(1778966373.388:65184): proctitle=707300617578002D2D6E6F2D68656164657273
type=SYSCALL msg=audit(1778966373.392:65185): arch=c000003e syscall=257 success=yes exit=4 a0=ffffff9c a1=7f204ee75be1 a2=80000 a3=0 items=1 ppid=28886 pid=28889 auid=0 uid=1000 gid=1000 euid=1000 suid=1000 fsuid=1000 egid=1000 sgid=1000 fsgid=1000 tty=(none) ses=1809 comm="ps" exe="/usr/bin/ps" subj=unconfined key="passwd_access"ARCH=x86_64 SYSCALL=openat AUID="root" UID="svc_api" GID="svc_api" EUID="svc_api" SUID="svc_api" FSUID="svc_api" EGID="svc_api" SGID="svc_api" FSGID="svc_api"
type=CWD msg=audit(1778966373.392:65185): cwd="/home/svc_api"
type=PATH msg=audit(1778966373.392:65185): item=0 name="/etc/passwd" inode=134082 dev=08:01 mode=0100644 ouid=0 ogid=0 rdev=00:00 nametype=NORMAL cap_fp=0 cap_fi=0 cap_fe=0 cap_fver=0 cap_frootid=0OUID="root" OGID="root"
type=PROCTITLE msg=audit(1778966373.392:65185): proctitle=707300617578002D2D6E6F2D68656164657273
type=SYSCALL msg=audit(1778966373.392:65186): arch=c000003e syscall=257 success=yes exit=4 a0=ffffff9c a1=7f204ee75be1 a2=80000 a3=0 items=1 ppid=28886 pid=28889 auid=0 uid=1000 gid=1000 euid=1000 suid=1000 fsuid=1000 egid=1000 sgid=1000 fsgid=1000 tty=(none) ses=1809 comm="ps" exe="/usr/bin/ps" subj=unconfined key="passwd_access"ARCH=x86_64 SYSCALL=openat AUID="root" UID="svc_api" GID="svc_api" EUID="svc_api" SUID="svc_api" FSUID="svc_api" EGID="svc_api" SGID="svc_api" FSGID="svc_api"
type=CWD msg=audit(1778966373.392:65186): cwd="/home/svc_api"
type=PATH msg=audit(1778966373.392:65186): item=0 name="/etc/passwd" inode=134082 dev=08:01 mode=0100644 ouid=0 ogid=0 rdev=00:00 nametype=NORMAL cap_fp=0 cap_fi=0 cap_fe=0 cap_fver=0 cap_frootid=0OUID="root" OGID="root"
type=PROCTITLE msg=audit(1778966373.392:65186): proctitle=707300617578002D2D6E6F2D68656164657273
type=SYSCALL msg=audit(1778966373.392:65187): arch=c000003e syscall=257 success=yes exit=4 a0=ffffff9c a1=7f204ee75be1 a2=80000 a3=0 items=1 ppid=28886 pid=28889 auid=0 uid=1000 gid=1000 euid=1000 suid=1000 fsuid=1000 egid=1000 sgid=1000 fsgid=1000 tty=(none) ses=1809 comm="ps" exe="/usr/bin/ps" subj=unconfined key="passwd_access"ARCH=x86_64 SYSCALL=openat AUID="root" UID="svc_api" GID="svc_api" EUID="svc_api" SUID="svc_api" FSUID="svc_api" EGID="svc_api" SGID="svc_api" FSGID="svc_api"
type=CWD msg=audit(1778966373.392:65187): cwd="/home/svc_api"
type=PATH msg=audit(1778966373.392:65187): item=0 name="/etc/passwd" inode=134082 dev=08:01 mode=0100644 ouid=0 ogid=0 rdev=00:00 nametype=NORMAL cap_fp=0 cap_fi=0 cap_fe=0 cap_fver=0 cap_frootid=0OUID="root" OGID="root"
type=PROCTITLE msg=audit(1778966373.392:65187): proctitle=707300617578002D2D6E6F2D68656164657273
type=SYSCALL msg=audit(1778966373.404:65188): arch=c000003e syscall=59 success=yes exit=0 a0=55dff1c9bc70 a1=55dff1c9a190 a2=55dff1c979b0 a3=cb6eb5c31b59ce5b items=3 ppid=28886 pid=28897 auid=0 uid=1000 gid=1000 euid=0 suid=0 fsuid=0 egid=1000 sgid=1000 fsgid=1000 tty=(none) ses=1809 comm="find" exe="/usr/bin/find" subj=unconfined key="suid_escalation"ARCH=x86_64 SYSCALL=execve AUID="root" UID="svc_api" GID="svc_api" EUID="root" SUID="root" FSUID="root" EGID="svc_api" SGID="svc_api" FSGID="svc_api"
type=EXECVE msg=audit(1778966373.404:65188): argc=8 a0="find" a1="/home/svc_api" a2="-name" a3="*.log" a4="-newer" a5="/etc/hostname" a6="-maxdepth" a7="2"
type=CWD msg=audit(1778966373.404:65188): cwd="/home/svc_api"
type=PATH msg=audit(1778966373.404:65188): item=0 name="/usr/bin/find" inode=1953 dev=08:01 mode=0104755 ouid=0 ogid=0 rdev=00:00 nametype=NORMAL cap_fp=0 cap_fi=0 cap_fe=0 cap_fver=0 cap_frootid=0OUID="root" OGID="root"
type=PATH msg=audit(1778966373.404:65188): item=1 name="/usr/bin/find" inode=1953 dev=08:01 mode=0104755 ouid=0 ogid=0 rdev=00:00 nametype=NORMAL cap_fp=0 cap_fi=0 cap_fe=0 cap_fver=0 cap_frootid=0OUID="root" OGID="root"
type=PATH msg=audit(1778966373.404:65188): item=2 name="/lib64/ld-linux-x86-64.so.2" inode=40 dev=08:01 mode=0100755 ouid=0 ogid=0 rdev=00:00 nametype=NORMAL cap_fp=0 cap_fi=0 cap_fe=0 cap_fver=0 cap_frootid=0OUID="root" OGID="root"
type=PROCTITLE msg=audit(1778966373.404:65188): proctitle=66696E64002F686F6D652F7376635F617069002D6E616D65002A2E6C6F67002D6E65776572002F6574632F686F73746E616D65002D6D617864657074680032
type=SYSCALL msg=audit(1778966373.404:65189): arch=c000003e syscall=257 success=yes exit=6 a0=5 a1=564886d67640 a2=b0900 a3=0 items=1 ppid=28886 pid=28897 auid=0 uid=1000 gid=1000 euid=0 suid=0 fsuid=0 egid=1000 sgid=1000 fsgid=1000 tty=(none) ses=1809 comm="find" exe="/usr/bin/find" subj=unconfined key="ssh_key_access"ARCH=x86_64 SYSCALL=openat AUID="root" UID="svc_api" GID="svc_api" EUID="root" SUID="root" FSUID="root" EGID="svc_api" SGID="svc_api" FSGID="svc_api"
type=CWD msg=audit(1778966373.404:65189): cwd="/home/svc_api"
type=PATH msg=audit(1778966373.404:65189): item=0 name=".ssh" inode=134022 dev=08:01 mode=040700 ouid=1000 ogid=1000 rdev=00:00 nametype=NORMAL cap_fp=0 cap_fi=0 cap_fe=0 cap_fver=0 cap_frootid=0OUID="svc_api" OGID="svc_api"
type=PROCTITLE msg=audit(1778966373.404:65189): proctitle=66696E64002F686F6D652F7376635F617069002D6E616D65002A2E6C6F67002D6E65776572002F6574632F686F73746E616D65002D6D617864657074680032
type=SYSCALL msg=audit(1778966434.128:65438): arch=c000003e syscall=257 success=yes exit=3 a0=ffffff9c a1=7fc700631be1 a2=80000 a3=0 items=1 ppid=28956 pid=28957 auid=0 uid=1000 gid=1000 euid=1000 suid=1000 fsuid=1000 egid=1000 sgid=1000 fsgid=1000 tty=(none) ses=1813 comm="bash" exe="/usr/bin/bash" subj=unconfined key="passwd_access"ARCH=x86_64 SYSCALL=openat AUID="root" UID="svc_api" GID="svc_api" EUID="svc_api" SUID="svc_api" FSUID="svc_api" EGID="svc_api" SGID="svc_api" FSGID="svc_api"
type=CWD msg=audit(1778966434.128:65438): cwd="/home/svc_api"
type=PATH msg=audit(1778966434.128:65438): item=0 name="/etc/passwd" inode=134082 dev=08:01 mode=0100644 ouid=0 ogid=0 rdev=00:00 nametype=NORMAL cap_fp=0 cap_fi=0 cap_fe=0 cap_fver=0 cap_frootid=0OUID="root" OGID="root"
type=PROCTITLE msg=audit(1778966434.128:65438): proctitle=2D62617368002D63000A2020202020202020636174202F6574632F736861646F7720323E2F6465762F6E756C6C207C2068656164202D33203E202F6465762F6E756C6C207C7C20747275650A20202020202020206C73202D6C61202F726F6F742F2E73736820323E2F6465762F6E756C6C203E202F6465762F6E756C6C207C7C
type=SYSCALL msg=audit(1778966434.132:65439): arch=c000003e syscall=257 success=no exit=-13 a0=ffffff9c a1=7fffc0824f1a a2=0 a3=0 items=1 ppid=28957 pid=28959 auid=0 uid=1000 gid=1000 euid=1000 suid=1000 fsuid=1000 egid=1000 sgid=1000 fsgid=1000 tty=(none) ses=1813 comm="cat" exe="/usr/bin/cat" subj=unconfined key="shadow_access"ARCH=x86_64 SYSCALL=openat AUID="root" UID="svc_api" GID="svc_api" EUID="svc_api" SUID="svc_api" FSUID="svc_api" EGID="svc_api" SGID="svc_api" FSGID="svc_api"
type=CWD msg=audit(1778966434.132:65439): cwd="/home/svc_api"
type=PATH msg=audit(1778966434.132:65439): item=0 name="/etc/shadow" inode=134065 dev=08:01 mode=0100640 ouid=0 ogid=42 rdev=00:00 nametype=NORMAL cap_fp=0 cap_fi=0 cap_fe=0 cap_fver=0 cap_frootid=0OUID="root" OGID="shadow"
type=PROCTITLE msg=audit(1778966434.132:65439): proctitle=636174002F6574632F736861646F77
type=SYSCALL msg=audit(1778966434.132:65440): arch=c000003e syscall=59 success=yes exit=0 a0=55af39d394d0 a1=55af39d38610 a2=55af39d378c0 a3=0 items=3 ppid=28957 pid=28962 auid=0 uid=1000 gid=1000 euid=0 suid=0 fsuid=0 egid=1000 sgid=1000 fsgid=1000 tty=(none) ses=1813 comm="find" exe="/usr/bin/find" subj=unconfined key="suid_escalation"ARCH=x86_64 SYSCALL=execve AUID="root" UID="svc_api" GID="svc_api" EUID="root" SUID="root" FSUID="root" EGID="svc_api" SGID="svc_api" FSGID="svc_api"
type=EXECVE msg=audit(1778966434.132:65440): argc=4 a0="find" a1="/home" a2="-name" a3="id_rsa"
type=CWD msg=audit(1778966434.132:65440): cwd="/home/svc_api"
type=PATH msg=audit(1778966434.132:65440): item=0 name="/usr/bin/find" inode=1953 dev=08:01 mode=0104755 ouid=0 ogid=0 rdev=00:00 nametype=NORMAL cap_fp=0 cap_fi=0 cap_fe=0 cap_fver=0 cap_frootid=0OUID="root" OGID="root"
type=PATH msg=audit(1778966434.132:65440): item=1 name="/usr/bin/find" inode=1953 dev=08:01 mode=0104755 ouid=0 ogid=0 rdev=00:00 nametype=NORMAL cap_fp=0 cap_fi=0 cap_fe=0 cap_fver=0 cap_frootid=0OUID="root" OGID="root"
type=PATH msg=audit(1778966434.132:65440): item=2 name="/lib64/ld-linux-x86-64.so.2" inode=40 dev=08:01 mode=0100755 ouid=0 ogid=0 rdev=00:00 nametype=NORMAL cap_fp=0 cap_fi=0 cap_fe=0 cap_fver=0 cap_frootid=0OUID="root" OGID="root"
type=PROCTITLE msg=audit(1778966434.132:65440): proctitle=66696E64002F686F6D65002D6E616D650069645F727361
type=SYSCALL msg=audit(1778966434.132:65441): arch=c000003e syscall=257 success=yes exit=6 a0=7 a1=55d7d2f323e0 a2=b0900 a3=0 items=1 ppid=28957 pid=28962 auid=0 uid=1000 gid=1000 euid=0 suid=0 fsuid=0 egid=1000 sgid=1000 fsgid=1000 tty=(none) ses=1813 comm="find" exe="/usr/bin/find" subj=unconfined key="ssh_key_access"ARCH=x86_64 SYSCALL=openat AUID="root" UID="svc_api" GID="svc_api" EUID="root" SUID="root" FSUID="root" EGID="svc_api" SGID="svc_api" FSGID="svc_api"
type=CWD msg=audit(1778966434.132:65441): cwd="/home/svc_api"
type=PATH msg=audit(1778966434.132:65441): item=0 name=".ssh" inode=134022 dev=08:01 mode=040700 ouid=1000 ogid=1000 rdev=00:00 nametype=NORMAL cap_fp=0 cap_fi=0 cap_fe=0 cap_fver=0 cap_frootid=0OUID="svc_api" OGID="svc_api"
type=PROCTITLE msg=audit(1778966434.132:65441): proctitle=66696E64002F686F6D65002D6E616D650069645F727361
type=SYSCALL msg=audit(1778966495.352:65642): arch=c000003e syscall=257 success=yes exit=3 a0=ffffff9c a1=7f111315cbe1 a2=80000 a3=0 items=1 ppid=29037 pid=29038 auid=0 uid=1000 gid=1000 euid=1000 suid=1000 fsuid=1000 egid=1000 sgid=1000 fsgid=1000 tty=(none) ses=1820 comm="bash" exe="/usr/bin/bash" subj=unconfined key="passwd_access"ARCH=x86_64 SYSCALL=openat AUID="root" UID="svc_api" GID="svc_api" EUID="svc_api" SUID="svc_api" FSUID="svc_api" EGID="svc_api" SGID="svc_api" FSGID="svc_api"
type=CWD msg=audit(1778966495.352:65642): cwd="/home/svc_api"
type=PATH msg=audit(1778966495.352:65642): item=0 name="/etc/passwd" inode=134082 dev=08:01 mode=0100644 ouid=0 ogid=0 rdev=00:00 nametype=NORMAL cap_fp=0 cap_fi=0 cap_fe=0 cap_fver=0 cap_frootid=0OUID="root" OGID="root"
type=PROCTITLE msg=audit(1778966495.352:65642): proctitle=2D62617368002D63000A2020202020202020636174202F70726F632F6C6F6164617667203E202F6465762F6E756C6C0A2020202020202020707320617578202D2D6E6F2D68656164657273207C2067726570206E657861636F72702D617069203E202F6465762F6E756C6C20323E2631207C7C20747275650A20202020202020
type=SYSCALL msg=audit(1778966495.360:65643): arch=c000003e syscall=257 success=yes exit=4 a0=ffffff9c a1=7f98997c4be1 a2=80000 a3=0 items=1 ppid=29038 pid=29041 auid=0 uid=1000 gid=1000 euid=1000 suid=1000 fsuid=1000 egid=1000 sgid=1000 fsgid=1000 tty=(none) ses=1820 comm="ps" exe="/usr/bin/ps" subj=unconfined key="passwd_access"ARCH=x86_64 SYSCALL=openat AUID="root" UID="svc_api" GID="svc_api" EUID="svc_api" SUID="svc_api" FSUID="svc_api" EGID="svc_api" SGID="svc_api" FSGID="svc_api"
type=CWD msg=audit(1778966495.360:65643): cwd="/home/svc_api"
type=PATH msg=audit(1778966495.360:65643): item=0 name="/etc/passwd" inode=134082 dev=08:01 mode=0100644 ouid=0 ogid=0 rdev=00:00 nametype=NORMAL cap_fp=0 cap_fi=0 cap_fe=0 cap_fver=0 cap_frootid=0OUID="root" OGID="root"
type=PROCTITLE msg=audit(1778966495.360:65643): proctitle=707300617578002D2D6E6F2D68656164657273
type=SYSCALL msg=audit(1778966495.364:65644): arch=c000003e syscall=257 success=yes exit=4 a0=ffffff9c a1=7f98997c4be1 a2=80000 a3=0 items=1 ppid=29038 pid=29041 auid=0 uid=1000 gid=1000 euid=1000 suid=1000 fsuid=1000 egid=1000 sgid=1000 fsgid=1000 tty=(none) ses=1820 comm="ps" exe="/usr/bin/ps" subj=unconfined key="passwd_access"ARCH=x86_64 SYSCALL=openat AUID="root" UID="svc_api" GID="svc_api" EUID="svc_api" SUID="svc_api" FSUID="svc_api" EGID="svc_api" SGID="svc_api" FSGID="svc_api"
type=CWD msg=audit(1778966495.364:65644): cwd="/home/svc_api"
type=PATH msg=audit(1778966495.364:65644): item=0 name="/etc/passwd" inode=134082 dev=08:01 mode=0100644 ouid=0 ogid=0 rdev=00:00 nametype=NORMAL cap_fp=0 cap_fi=0 cap_fe=0 cap_fver=0 cap_frootid=0OUID="root" OGID="root"
type=PROCTITLE msg=audit(1778966495.364:65644): proctitle=707300617578002D2D6E6F2D68656164657273
type=SYSCALL msg=audit(1778966495.364:65645): arch=c000003e syscall=257 success=yes exit=4 a0=ffffff9c a1=7f98997c4be1 a2=80000 a3=0 items=1 ppid=29038 pid=29041 auid=0 uid=1000 gid=1000 euid=1000 suid=1000 fsuid=1000 egid=1000 sgid=1000 fsgid=1000 tty=(none) ses=1820 comm="ps" exe="/usr/bin/ps" subj=unconfined key="passwd_access"ARCH=x86_64 SYSCALL=openat AUID="root" UID="svc_api" GID="svc_api" EUID="svc_api" SUID="svc_api" FSUID="svc_api" EGID="svc_api" SGID="svc_api" FSGID="svc_api"
type=CWD msg=audit(1778966495.364:65645): cwd="/home/svc_api"
type=PATH msg=audit(1778966495.364:65645): item=0 name="/etc/passwd" inode=134082 dev=08:01 mode=0100644 ouid=0 ogid=0 rdev=00:00 nametype=NORMAL cap_fp=0 cap_fi=0 cap_fe=0 cap_fver=0 cap_frootid=0OUID="root" OGID="root"
type=PROCTITLE msg=audit(1778966495.364:65645): proctitle=707300617578002D2D6E6F2D68656164657273
type=SYSCALL msg=audit(1778966495.364:65646): arch=c000003e syscall=257 success=yes exit=4 a0=ffffff9c a1=7f98997c4be1 a2=80000 a3=0 items=1 ppid=29038 pid=29041 auid=0 uid=1000 gid=1000 euid=1000 suid=1000 fsuid=1000 egid=1000 sgid=1000 fsgid=1000 tty=(none) ses=1820 comm="ps" exe="/usr/bin/ps" subj=unconfined key="passwd_access"ARCH=x86_64 SYSCALL=openat AUID="root" UID="svc_api" GID="svc_api" EUID="svc_api" SUID="svc_api" FSUID="svc_api" EGID="svc_api" SGID="svc_api" FSGID="svc_api"
type=CWD msg=audit(1778966495.364:65646): cwd="/home/svc_api"
type=PATH msg=audit(1778966495.364:65646): item=0 name="/etc/passwd" inode=134082 dev=08:01 mode=0100644 ouid=0 ogid=0 rdev=00:00 nametype=NORMAL cap_fp=0 cap_fi=0 cap_fe=0 cap_fver=0 cap_frootid=0OUID="root" OGID="root"
type=PROCTITLE msg=audit(1778966495.364:65646): proctitle=707300617578002D2D6E6F2D68656164657273
type=SYSCALL msg=audit(1778966495.376:65647): arch=c000003e syscall=59 success=yes exit=0 a0=55d62f0f7c70 a1=55d62f0f6190 a2=55d62f0f39b0 a3=9975f77833a81538 items=3 ppid=29038 pid=29049 auid=0 uid=1000 gid=1000 euid=0 suid=0 fsuid=0 egid=1000 sgid=1000 fsgid=1000 tty=(none) ses=1820 comm="find" exe="/usr/bin/find" subj=unconfined key="suid_escalation"ARCH=x86_64 SYSCALL=execve AUID="root" UID="svc_api" GID="svc_api" EUID="root" SUID="root" FSUID="root" EGID="svc_api" SGID="svc_api" FSGID="svc_api"
type=EXECVE msg=audit(1778966495.376:65647): argc=8 a0="find" a1="/home/svc_api" a2="-name" a3="*.log" a4="-newer" a5="/etc/hostname" a6="-maxdepth" a7="2"
type=CWD msg=audit(1778966495.376:65647): cwd="/home/svc_api"
type=PATH msg=audit(1778966495.376:65647): item=0 name="/usr/bin/find" inode=1953 dev=08:01 mode=0104755 ouid=0 ogid=0 rdev=00:00 nametype=NORMAL cap_fp=0 cap_fi=0 cap_fe=0 cap_fver=0 cap_frootid=0OUID="root" OGID="root"
type=PATH msg=audit(1778966495.376:65647): item=1 name="/usr/bin/find" inode=1953 dev=08:01 mode=0104755 ouid=0 ogid=0 rdev=00:00 nametype=NORMAL cap_fp=0 cap_fi=0 cap_fe=0 cap_fver=0 cap_frootid=0OUID="root" OGID="root"
type=PATH msg=audit(1778966495.376:65647): item=2 name="/lib64/ld-linux-x86-64.so.2" inode=40 dev=08:01 mode=0100755 ouid=0 ogid=0 rdev=00:00 nametype=NORMAL cap_fp=0 cap_fi=0 cap_fe=0 cap_fver=0 cap_frootid=0OUID="root" OGID="root"
type=PROCTITLE msg=audit(1778966495.376:65647): proctitle=66696E64002F686F6D652F7376635F617069002D6E616D65002A2E6C6F67002D6E65776572002F6574632F686F73746E616D65002D6D617864657074680032
type=SYSCALL msg=audit(1778966495.376:65648): arch=c000003e syscall=257 success=yes exit=6 a0=5 a1=562e02d60640 a2=b0900 a3=0 items=1 ppid=29038 pid=29049 auid=0 uid=1000 gid=1000 euid=0 suid=0 fsuid=0 egid=1000 sgid=1000 fsgid=1000 tty=(none) ses=1820 comm="find" exe="/usr/bin/find" subj=unconfined key="ssh_key_access"ARCH=x86_64 SYSCALL=openat AUID="root" UID="svc_api" GID="svc_api" EUID="root" SUID="root" FSUID="root" EGID="svc_api" SGID="svc_api" FSGID="svc_api"
type=CWD msg=audit(1778966495.376:65648): cwd="/home/svc_api"
type=PATH msg=audit(1778966495.376:65648): item=0 name=".ssh" inode=134022 dev=08:01 mode=040700 ouid=1000 ogid=1000 rdev=00:00 nametype=NORMAL cap_fp=0 cap_fi=0 cap_fe=0 cap_fver=0 cap_frootid=0OUID="svc_api" OGID="svc_api"
type=PROCTITLE msg=audit(1778966495.376:65648): proctitle=66696E64002F686F6D652F7376635F617069002D6E616D65002A2E6C6F67002D6E65776572002F6574632F686F73746E616D65002D6D617864657074680032
type=SYSCALL msg=audit(1778966556.076:65778): arch=c000003e syscall=257 success=yes exit=3 a0=ffffff9c a1=7f3ee1d4fbe1 a2=80000 a3=0 items=1 ppid=29104 pid=29105 auid=0 uid=1000 gid=1000 euid=1000 suid=1000 fsuid=1000 egid=1000 sgid=1000 fsgid=1000 tty=(none) ses=1823 comm="bash" exe="/usr/bin/bash" subj=unconfined key="passwd_access"ARCH=x86_64 SYSCALL=openat AUID="root" UID="svc_api" GID="svc_api" EUID="svc_api" SUID="svc_api" FSUID="svc_api" EGID="svc_api" SGID="svc_api" FSGID="svc_api"
type=CWD msg=audit(1778966556.076:65778): cwd="/home/svc_api"
type=PATH msg=audit(1778966556.076:65778): item=0 name="/etc/passwd" inode=134082 dev=08:01 mode=0100644 ouid=0 ogid=0 rdev=00:00 nametype=NORMAL cap_fp=0 cap_fi=0 cap_fe=0 cap_fver=0 cap_frootid=0OUID="root" OGID="root"
type=PROCTITLE msg=audit(1778966556.076:65778): proctitle=2D62617368002D63000A2020202020202020636174202F6574632F736861646F7720323E2F6465762F6E756C6C207C2068656164202D33203E202F6465762F6E756C6C207C7C20747275650A20202020202020206C73202D6C61202F726F6F742F2E73736820323E2F6465762F6E756C6C203E202F6465762F6E756C6C207C7C
type=SYSCALL msg=audit(1778966556.080:65779): arch=c000003e syscall=257 success=no exit=-13 a0=ffffff9c a1=7ffe87c94f1a a2=0 a3=0 items=1 ppid=29105 pid=29107 auid=0 uid=1000 gid=1000 euid=1000 suid=1000 fsuid=1000 egid=1000 sgid=1000 fsgid=1000 tty=(none) ses=1823 comm="cat" exe="/usr/bin/cat" subj=unconfined key="shadow_access"ARCH=x86_64 SYSCALL=openat AUID="root" UID="svc_api" GID="svc_api" EUID="svc_api" SUID="svc_api" FSUID="svc_api" EGID="svc_api" SGID="svc_api" FSGID="svc_api"
type=CWD msg=audit(1778966556.080:65779): cwd="/home/svc_api"
type=PATH msg=audit(1778966556.080:65779): item=0 name="/etc/shadow" inode=134065 dev=08:01 mode=0100640 ouid=0 ogid=42 rdev=00:00 nametype=NORMAL cap_fp=0 cap_fi=0 cap_fe=0 cap_fver=0 cap_frootid=0OUID="root" OGID="shadow"
type=PROCTITLE msg=audit(1778966556.080:65779): proctitle=636174002F6574632F736861646F77
type=SYSCALL msg=audit(1778966556.080:65780): arch=c000003e syscall=59 success=yes exit=0 a0=5591f261a4d0 a1=5591f2619610 a2=5591f26188c0 a3=0 items=3 ppid=29105 pid=29110 auid=0 uid=1000 gid=1000 euid=0 suid=0 fsuid=0 egid=1000 sgid=1000 fsgid=1000 tty=(none) ses=1823 comm="find" exe="/usr/bin/find" subj=unconfined key="suid_escalation"ARCH=x86_64 SYSCALL=execve AUID="root" UID="svc_api" GID="svc_api" EUID="root" SUID="root" FSUID="root" EGID="svc_api" SGID="svc_api" FSGID="svc_api"
type=EXECVE msg=audit(1778966556.080:65780): argc=4 a0="find" a1="/home" a2="-name" a3="id_rsa"
type=CWD msg=audit(1778966556.080:65780): cwd="/home/svc_api"
type=PATH msg=audit(1778966556.080:65780): item=0 name="/usr/bin/find" inode=1953 dev=08:01 mode=0104755 ouid=0 ogid=0 rdev=00:00 nametype=NORMAL cap_fp=0 cap_fi=0 cap_fe=0 cap_fver=0 cap_frootid=0OUID="root" OGID="root"
type=PATH msg=audit(1778966556.080:65780): item=1 name="/usr/bin/find" inode=1953 dev=08:01 mode=0104755 ouid=0 ogid=0 rdev=00:00 nametype=NORMAL cap_fp=0 cap_fi=0 cap_fe=0 cap_fver=0 cap_frootid=0OUID="root" OGID="root"
type=PATH msg=audit(1778966556.080:65780): item=2 name="/lib64/ld-linux-x86-64.so.2" inode=40 dev=08:01 mode=0100755 ouid=0 ogid=0 rdev=00:00 nametype=NORMAL cap_fp=0 cap_fi=0 cap_fe=0 cap_fver=0 cap_frootid=0OUID="root" OGID="root"
type=PROCTITLE msg=audit(1778966556.080:65780): proctitle=66696E64002F686F6D65002D6E616D650069645F727361
type=SYSCALL msg=audit(1778966556.084:65781): arch=c000003e syscall=257 success=yes exit=6 a0=7 a1=559aa29f23e0 a2=b0900 a3=0 items=1 ppid=29105 pid=29110 auid=0 uid=1000 gid=1000 euid=0 suid=0 fsuid=0 egid=1000 sgid=1000 fsgid=1000 tty=(none) ses=1823 comm="find" exe="/usr/bin/find" subj=unconfined key="ssh_key_access"ARCH=x86_64 SYSCALL=openat AUID="root" UID="svc_api" GID="svc_api" EUID="root" SUID="root" FSUID="root" EGID="svc_api" SGID="svc_api" FSGID="svc_api"
type=CWD msg=audit(1778966556.084:65781): cwd="/home/svc_api"
type=PATH msg=audit(1778966556.084:65781): item=0 name=".ssh" inode=134022 dev=08:01 mode=040700 ouid=1000 ogid=1000 rdev=00:00 nametype=NORMAL cap_fp=0 cap_fi=0 cap_fe=0 cap_fver=0 cap_frootid=0OUID="svc_api" OGID="svc_api"
type=PROCTITLE msg=audit(1778966556.084:65781): proctitle=66696E64002F686F6D65002D6E616D650069645F727361
type=SYSCALL msg=audit(1778966617.264:65978): arch=c000003e syscall=257 success=yes exit=3 a0=ffffff9c a1=7f9314d3bbe1 a2=80000 a3=0 items=1 ppid=29185 pid=29186 auid=0 uid=1000 gid=1000 euid=1000 suid=1000 fsuid=1000 egid=1000 sgid=1000 fsgid=1000 tty=(none) ses=1830 comm="bash" exe="/usr/bin/bash" subj=unconfined key="passwd_access"ARCH=x86_64 SYSCALL=openat AUID="root" UID="svc_api" GID="svc_api" EUID="svc_api" SUID="svc_api" FSUID="svc_api" EGID="svc_api" SGID="svc_api" FSGID="svc_api"
type=CWD msg=audit(1778966617.264:65978): cwd="/home/svc_api"
type=PATH msg=audit(1778966617.264:65978): item=0 name="/etc/passwd" inode=134082 dev=08:01 mode=0100644 ouid=0 ogid=0 rdev=00:00 nametype=NORMAL cap_fp=0 cap_fi=0 cap_fe=0 cap_fver=0 cap_frootid=0OUID="root" OGID="root"
type=PROCTITLE msg=audit(1778966617.264:65978): proctitle=2D62617368002D63000A2020202020202020636174202F70726F632F6C6F6164617667203E202F6465762F6E756C6C0A2020202020202020707320617578202D2D6E6F2D68656164657273207C2067726570206E657861636F72702D617069203E202F6465762F6E756C6C20323E2631207C7C20747275650A20202020202020
type=SYSCALL msg=audit(1778966617.272:65979): arch=c000003e syscall=257 success=yes exit=4 a0=ffffff9c a1=7fb116c65be1 a2=80000 a3=0 items=1 ppid=29186 pid=29189 auid=0 uid=1000 gid=1000 euid=1000 suid=1000 fsuid=1000 egid=1000 sgid=1000 fsgid=1000 tty=(none) ses=1830 comm="ps" exe="/usr/bin/ps" subj=unconfined key="passwd_access"ARCH=x86_64 SYSCALL=openat AUID="root" UID="svc_api" GID="svc_api" EUID="svc_api" SUID="svc_api" FSUID="svc_api" EGID="svc_api" SGID="svc_api" FSGID="svc_api"
type=CWD msg=audit(1778966617.272:65979): cwd="/home/svc_api"
type=PATH msg=audit(1778966617.272:65979): item=0 name="/etc/passwd" inode=134082 dev=08:01 mode=0100644 ouid=0 ogid=0 rdev=00:00 nametype=NORMAL cap_fp=0 cap_fi=0 cap_fe=0 cap_fver=0 cap_frootid=0OUID="root" OGID="root"
type=PROCTITLE msg=audit(1778966617.272:65979): proctitle=707300617578002D2D6E6F2D68656164657273
type=SYSCALL msg=audit(1778966617.272:65980): arch=c000003e syscall=257 success=yes exit=4 a0=ffffff9c a1=7fb116c65be1 a2=80000 a3=0 items=1 ppid=29186 pid=29189 auid=0 uid=1000 gid=1000 euid=1000 suid=1000 fsuid=1000 egid=1000 sgid=1000 fsgid=1000 tty=(none) ses=1830 comm="ps" exe="/usr/bin/ps" subj=unconfined key="passwd_access"ARCH=x86_64 SYSCALL=openat AUID="root" UID="svc_api" GID="svc_api" EUID="svc_api" SUID="svc_api" FSUID="svc_api" EGID="svc_api" SGID="svc_api" FSGID="svc_api"
type=CWD msg=audit(1778966617.272:65980): cwd="/home/svc_api"
type=PATH msg=audit(1778966617.272:65980): item=0 name="/etc/passwd" inode=134082 dev=08:01 mode=0100644 ouid=0 ogid=0 rdev=00:00 nametype=NORMAL cap_fp=0 cap_fi=0 cap_fe=0 cap_fver=0 cap_frootid=0OUID="root" OGID="root"
type=PROCTITLE msg=audit(1778966617.272:65980): proctitle=707300617578002D2D6E6F2D68656164657273
type=SYSCALL msg=audit(1778966617.272:65981): arch=c000003e syscall=257 success=yes exit=4 a0=ffffff9c a1=7fb116c65be1 a2=80000 a3=0 items=1 ppid=29186 pid=29189 auid=0 uid=1000 gid=1000 euid=1000 suid=1000 fsuid=1000 egid=1000 sgid=1000 fsgid=1000 tty=(none) ses=1830 comm="ps" exe="/usr/bin/ps" subj=unconfined key="passwd_access"ARCH=x86_64 SYSCALL=openat AUID="root" UID="svc_api" GID="svc_api" EUID="svc_api" SUID="svc_api" FSUID="svc_api" EGID="svc_api" SGID="svc_api" FSGID="svc_api"
type=CWD msg=audit(1778966617.272:65981): cwd="/home/svc_api"
type=PATH msg=audit(1778966617.272:65981): item=0 name="/etc/passwd" inode=134082 dev=08:01 mode=0100644 ouid=0 ogid=0 rdev=00:00 nametype=NORMAL cap_fp=0 cap_fi=0 cap_fe=0 cap_fver=0 cap_frootid=0OUID="root" OGID="root"
type=PROCTITLE msg=audit(1778966617.272:65981): proctitle=707300617578002D2D6E6F2D68656164657273
type=SYSCALL msg=audit(1778966617.276:65982): arch=c000003e syscall=257 success=yes exit=4 a0=ffffff9c a1=7fb116c65be1 a2=80000 a3=0 items=1 ppid=29186 pid=29189 auid=0 uid=1000 gid=1000 euid=1000 suid=1000 fsuid=1000 egid=1000 sgid=1000 fsgid=1000 tty=(none) ses=1830 comm="ps" exe="/usr/bin/ps" subj=unconfined key="passwd_access"ARCH=x86_64 SYSCALL=openat AUID="root" UID="svc_api" GID="svc_api" EUID="svc_api" SUID="svc_api" FSUID="svc_api" EGID="svc_api" SGID="svc_api" FSGID="svc_api"
type=CWD msg=audit(1778966617.276:65982): cwd="/home/svc_api"
type=PATH msg=audit(1778966617.276:65982): item=0 name="/etc/passwd" inode=134082 dev=08:01 mode=0100644 ouid=0 ogid=0 rdev=00:00 nametype=NORMAL cap_fp=0 cap_fi=0 cap_fe=0 cap_fver=0 cap_frootid=0OUID="root" OGID="root"
type=PROCTITLE msg=audit(1778966617.276:65982): proctitle=707300617578002D2D6E6F2D68656164657273
type=SYSCALL msg=audit(1778966617.284:65983): arch=c000003e syscall=59 success=yes exit=0 a0=557fc118dc70 a1=557fc118c190 a2=557fc11899b0 a3=d8edf6e32314d24c items=3 ppid=29186 pid=29197 auid=0 uid=1000 gid=1000 euid=0 suid=0 fsuid=0 egid=1000 sgid=1000 fsgid=1000 tty=(none) ses=1830 comm="find" exe="/usr/bin/find" subj=unconfined key="suid_escalation"ARCH=x86_64 SYSCALL=execve AUID="root" UID="svc_api" GID="svc_api" EUID="root" SUID="root" FSUID="root" EGID="svc_api" SGID="svc_api" FSGID="svc_api"
type=EXECVE msg=audit(1778966617.284:65983): argc=8 a0="find" a1="/home/svc_api" a2="-name" a3="*.log" a4="-newer" a5="/etc/hostname" a6="-maxdepth" a7="2"
type=CWD msg=audit(1778966617.284:65983): cwd="/home/svc_api"
type=PATH msg=audit(1778966617.284:65983): item=0 name="/usr/bin/find" inode=1953 dev=08:01 mode=0104755 ouid=0 ogid=0 rdev=00:00 nametype=NORMAL cap_fp=0 cap_fi=0 cap_fe=0 cap_fver=0 cap_frootid=0OUID="root" OGID="root"
type=PATH msg=audit(1778966617.284:65983): item=1 name="/usr/bin/find" inode=1953 dev=08:01 mode=0104755 ouid=0 ogid=0 rdev=00:00 nametype=NORMAL cap_fp=0 cap_fi=0 cap_fe=0 cap_fver=0 cap_frootid=0OUID="root" OGID="root"
type=PATH msg=audit(1778966617.284:65983): item=2 name="/lib64/ld-linux-x86-64.so.2" inode=40 dev=08:01 mode=0100755 ouid=0 ogid=0 rdev=00:00 nametype=NORMAL cap_fp=0 cap_fi=0 cap_fe=0 cap_fver=0 cap_frootid=0OUID="root" OGID="root"
type=PROCTITLE msg=audit(1778966617.284:65983): proctitle=66696E64002F686F6D652F7376635F617069002D6E616D65002A2E6C6F67002D6E65776572002F6574632F686F73746E616D65002D6D617864657074680032
type=SYSCALL msg=audit(1778966617.288:65984): arch=c000003e syscall=257 success=yes exit=6 a0=5 a1=55c73e1a0640 a2=b0900 a3=0 items=1 ppid=29186 pid=29197 auid=0 uid=1000 gid=1000 euid=0 suid=0 fsuid=0 egid=1000 sgid=1000 fsgid=1000 tty=(none) ses=1830 comm="find" exe="/usr/bin/find" subj=unconfined key="ssh_key_access"ARCH=x86_64 SYSCALL=openat AUID="root" UID="svc_api" GID="svc_api" EUID="root" SUID="root" FSUID="root" EGID="svc_api" SGID="svc_api" FSGID="svc_api"
type=CWD msg=audit(1778966617.288:65984): cwd="/home/svc_api"
type=PATH msg=audit(1778966617.288:65984): item=0 name=".ssh" inode=134022 dev=08:01 mode=040700 ouid=1000 ogid=1000 rdev=00:00 nametype=NORMAL cap_fp=0 cap_fi=0 cap_fe=0 cap_fver=0 cap_frootid=0OUID="svc_api" OGID="svc_api"
type=PROCTITLE msg=audit(1778966617.288:65984): proctitle=66696E64002F686F6D652F7376635F617069002D6E616D65002A2E6C6F67002D6E65776572002F6574632F686F73746E616D65002D6D617864657074680032
type=SYSCALL msg=audit(1778966677.976:66112): arch=c000003e syscall=257 success=yes exit=3 a0=ffffff9c a1=7f4e964e0be1 a2=80000 a3=0 items=1 ppid=29252 pid=29253 auid=0 uid=1000 gid=1000 euid=1000 suid=1000 fsuid=1000 egid=1000 sgid=1000 fsgid=1000 tty=(none) ses=1833 comm="bash" exe="/usr/bin/bash" subj=unconfined key="passwd_access"ARCH=x86_64 SYSCALL=openat AUID="root" UID="svc_api" GID="svc_api" EUID="svc_api" SUID="svc_api" FSUID="svc_api" EGID="svc_api" SGID="svc_api" FSGID="svc_api"
type=CWD msg=audit(1778966677.976:66112): cwd="/home/svc_api"
type=PATH msg=audit(1778966677.976:66112): item=0 name="/etc/passwd" inode=134082 dev=08:01 mode=0100644 ouid=0 ogid=0 rdev=00:00 nametype=NORMAL cap_fp=0 cap_fi=0 cap_fe=0 cap_fver=0 cap_frootid=0OUID="root" OGID="root"
type=PROCTITLE msg=audit(1778966677.976:66112): proctitle=2D62617368002D63000A2020202020202020636174202F6574632F736861646F7720323E2F6465762F6E756C6C207C2068656164202D33203E202F6465762F6E756C6C207C7C20747275650A20202020202020206C73202D6C61202F726F6F742F2E73736820323E2F6465762F6E756C6C203E202F6465762F6E756C6C207C7C
type=SYSCALL msg=audit(1778966677.976:66113): arch=c000003e syscall=257 success=no exit=-13 a0=ffffff9c a1=7ffd9fc32f1a a2=0 a3=0 items=1 ppid=29253 pid=29255 auid=0 uid=1000 gid=1000 euid=1000 suid=1000 fsuid=1000 egid=1000 sgid=1000 fsgid=1000 tty=(none) ses=1833 comm="cat" exe="/usr/bin/cat" subj=unconfined key="shadow_access"ARCH=x86_64 SYSCALL=openat AUID="root" UID="svc_api" GID="svc_api" EUID="svc_api" SUID="svc_api" FSUID="svc_api" EGID="svc_api" SGID="svc_api" FSGID="svc_api"
type=CWD msg=audit(1778966677.976:66113): cwd="/home/svc_api"
type=PATH msg=audit(1778966677.976:66113): item=0 name="/etc/shadow" inode=134065 dev=08:01 mode=0100640 ouid=0 ogid=42 rdev=00:00 nametype=NORMAL cap_fp=0 cap_fi=0 cap_fe=0 cap_fver=0 cap_frootid=0OUID="root" OGID="shadow"
type=PROCTITLE msg=audit(1778966677.976:66113): proctitle=636174002F6574632F736861646F77
type=SYSCALL msg=audit(1778966677.980:66114): arch=c000003e syscall=59 success=yes exit=0 a0=55c75c5584d0 a1=55c75c557610 a2=55c75c5568c0 a3=0 items=3 ppid=29253 pid=29258 auid=0 uid=1000 gid=1000 euid=0 suid=0 fsuid=0 egid=1000 sgid=1000 fsgid=1000 tty=(none) ses=1833 comm="find" exe="/usr/bin/find" subj=unconfined key="suid_escalation"ARCH=x86_64 SYSCALL=execve AUID="root" UID="svc_api" GID="svc_api" EUID="root" SUID="root" FSUID="root" EGID="svc_api" SGID="svc_api" FSGID="svc_api"
type=EXECVE msg=audit(1778966677.980:66114): argc=4 a0="find" a1="/home" a2="-name" a3="id_rsa"
type=CWD msg=audit(1778966677.980:66114): cwd="/home/svc_api"
type=PATH msg=audit(1778966677.980:66114): item=0 name="/usr/bin/find" inode=1953 dev=08:01 mode=0104755 ouid=0 ogid=0 rdev=00:00 nametype=NORMAL cap_fp=0 cap_fi=0 cap_fe=0 cap_fver=0 cap_frootid=0OUID="root" OGID="root"
type=PATH msg=audit(1778966677.980:66114): item=1 name="/usr/bin/find" inode=1953 dev=08:01 mode=0104755 ouid=0 ogid=0 rdev=00:00 nametype=NORMAL cap_fp=0 cap_fi=0 cap_fe=0 cap_fver=0 cap_frootid=0OUID="root" OGID="root"
type=PATH msg=audit(1778966677.980:66114): item=2 name="/lib64/ld-linux-x86-64.so.2" inode=40 dev=08:01 mode=0100755 ouid=0 ogid=0 rdev=00:00 nametype=NORMAL cap_fp=0 cap_fi=0 cap_fe=0 cap_fver=0 cap_frootid=0OUID="root" OGID="root"
type=PROCTITLE msg=audit(1778966677.980:66114): proctitle=66696E64002F686F6D65002D6E616D650069645F727361
type=SYSCALL msg=audit(1778966677.980:66115): arch=c000003e syscall=257 success=yes exit=6 a0=7 a1=563e1cd473e0 a2=b0900 a3=0 items=1 ppid=29253 pid=29258 auid=0 uid=1000 gid=1000 euid=0 suid=0 fsuid=0 egid=1000 sgid=1000 fsgid=1000 tty=(none) ses=1833 comm="find" exe="/usr/bin/find" subj=unconfined key="ssh_key_access"ARCH=x86_64 SYSCALL=openat AUID="root" UID="svc_api" GID="svc_api" EUID="root" SUID="root" FSUID="root" EGID="svc_api" SGID="svc_api" FSGID="svc_api"
type=CWD msg=audit(1778966677.980:66115): cwd="/home/svc_api"
type=PATH msg=audit(1778966677.980:66115): item=0 name=".ssh" inode=134022 dev=08:01 mode=040700 ouid=1000 ogid=1000 rdev=00:00 nametype=NORMAL cap_fp=0 cap_fi=0 cap_fe=0 cap_fver=0 cap_frootid=0OUID="svc_api" OGID="svc_api"
type=PROCTITLE msg=audit(1778966677.980:66115): proctitle=66696E64002F686F6D65002D6E616D650069645F727361
type=SYSCALL msg=audit(1778966739.156:66314): arch=c000003e syscall=257 success=yes exit=3 a0=ffffff9c a1=7ff1368debe1 a2=80000 a3=0 items=1 ppid=29343 pid=29344 auid=0 uid=1000 gid=1000 euid=1000 suid=1000 fsuid=1000 egid=1000 sgid=1000 fsgid=1000 tty=(none) ses=1840 comm="bash" exe="/usr/bin/bash" subj=unconfined key="passwd_access"ARCH=x86_64 SYSCALL=openat AUID="root" UID="svc_api" GID="svc_api" EUID="svc_api" SUID="svc_api" FSUID="svc_api" EGID="svc_api" SGID="svc_api" FSGID="svc_api"
type=CWD msg=audit(1778966739.156:66314): cwd="/home/svc_api"
type=PATH msg=audit(1778966739.156:66314): item=0 name="/etc/passwd" inode=134082 dev=08:01 mode=0100644 ouid=0 ogid=0 rdev=00:00 nametype=NORMAL cap_fp=0 cap_fi=0 cap_fe=0 cap_fver=0 cap_frootid=0OUID="root" OGID="root"
type=PROCTITLE msg=audit(1778966739.156:66314): proctitle=2D62617368002D63000A2020202020202020636174202F70726F632F6C6F6164617667203E202F6465762F6E756C6C0A2020202020202020707320617578202D2D6E6F2D68656164657273207C2067726570206E657861636F72702D617069203E202F6465762F6E756C6C20323E2631207C7C20747275650A20202020202020
type=SYSCALL msg=audit(1778966739.164:66315): arch=c000003e syscall=257 success=yes exit=4 a0=ffffff9c a1=7fa2cd6dbbe1 a2=80000 a3=0 items=1 ppid=29344 pid=29347 auid=0 uid=1000 gid=1000 euid=1000 suid=1000 fsuid=1000 egid=1000 sgid=1000 fsgid=1000 tty=(none) ses=1840 comm="ps" exe="/usr/bin/ps" subj=unconfined key="passwd_access"ARCH=x86_64 SYSCALL=openat AUID="root" UID="svc_api" GID="svc_api" EUID="svc_api" SUID="svc_api" FSUID="svc_api" EGID="svc_api" SGID="svc_api" FSGID="svc_api"
type=CWD msg=audit(1778966739.164:66315): cwd="/home/svc_api"
type=PATH msg=audit(1778966739.164:66315): item=0 name="/etc/passwd" inode=134082 dev=08:01 mode=0100644 ouid=0 ogid=0 rdev=00:00 nametype=NORMAL cap_fp=0 cap_fi=0 cap_fe=0 cap_fver=0 cap_frootid=0OUID="root" OGID="root"
type=PROCTITLE msg=audit(1778966739.164:66315): proctitle=707300617578002D2D6E6F2D68656164657273
type=SYSCALL msg=audit(1778966739.164:66316): arch=c000003e syscall=257 success=yes exit=4 a0=ffffff9c a1=7fa2cd6dbbe1 a2=80000 a3=0 items=1 ppid=29344 pid=29347 auid=0 uid=1000 gid=1000 euid=1000 suid=1000 fsuid=1000 egid=1000 sgid=1000 fsgid=1000 tty=(none) ses=1840 comm="ps" exe="/usr/bin/ps" subj=unconfined key="passwd_access"ARCH=x86_64 SYSCALL=openat AUID="root" UID="svc_api" GID="svc_api" EUID="svc_api" SUID="svc_api" FSUID="svc_api" EGID="svc_api" SGID="svc_api" FSGID="svc_api"
type=CWD msg=audit(1778966739.164:66316): cwd="/home/svc_api"
type=PATH msg=audit(1778966739.164:66316): item=0 name="/etc/passwd" inode=134082 dev=08:01 mode=0100644 ouid=0 ogid=0 rdev=00:00 nametype=NORMAL cap_fp=0 cap_fi=0 cap_fe=0 cap_fver=0 cap_frootid=0OUID="root" OGID="root"
type=PROCTITLE msg=audit(1778966739.164:66316): proctitle=707300617578002D2D6E6F2D68656164657273
type=SYSCALL msg=audit(1778966739.164:66317): arch=c000003e syscall=257 success=yes exit=4 a0=ffffff9c a1=7fa2cd6dbbe1 a2=80000 a3=0 items=1 ppid=29344 pid=29347 auid=0 uid=1000 gid=1000 euid=1000 suid=1000 fsuid=1000 egid=1000 sgid=1000 fsgid=1000 tty=(none) ses=1840 comm="ps" exe="/usr/bin/ps" subj=unconfined key="passwd_access"ARCH=x86_64 SYSCALL=openat AUID="root" UID="svc_api" GID="svc_api" EUID="svc_api" SUID="svc_api" FSUID="svc_api" EGID="svc_api" SGID="svc_api" FSGID="svc_api"
type=CWD msg=audit(1778966739.164:66317): cwd="/home/svc_api"
type=PATH msg=audit(1778966739.164:66317): item=0 name="/etc/passwd" inode=134082 dev=08:01 mode=0100644 ouid=0 ogid=0 rdev=00:00 nametype=NORMAL cap_fp=0 cap_fi=0 cap_fe=0 cap_fver=0 cap_frootid=0OUID="root" OGID="root"
type=PROCTITLE msg=audit(1778966739.164:66317): proctitle=707300617578002D2D6E6F2D68656164657273
type=SYSCALL msg=audit(1778966739.168:66318): arch=c000003e syscall=257 success=yes exit=4 a0=ffffff9c a1=7fa2cd6dbbe1 a2=80000 a3=0 items=1 ppid=29344 pid=29347 auid=0 uid=1000 gid=1000 euid=1000 suid=1000 fsuid=1000 egid=1000 sgid=1000 fsgid=1000 tty=(none) ses=1840 comm="ps" exe="/usr/bin/ps" subj=unconfined key="passwd_access"ARCH=x86_64 SYSCALL=openat AUID="root" UID="svc_api" GID="svc_api" EUID="svc_api" SUID="svc_api" FSUID="svc_api" EGID="svc_api" SGID="svc_api" FSGID="svc_api"
type=CWD msg=audit(1778966739.168:66318): cwd="/home/svc_api"
type=PATH msg=audit(1778966739.168:66318): item=0 name="/etc/passwd" inode=134082 dev=08:01 mode=0100644 ouid=0 ogid=0 rdev=00:00 nametype=NORMAL cap_fp=0 cap_fi=0 cap_fe=0 cap_fver=0 cap_frootid=0OUID="root" OGID="root"
type=PROCTITLE msg=audit(1778966739.168:66318): proctitle=707300617578002D2D6E6F2D68656164657273
type=SYSCALL msg=audit(1778966739.176:66319): arch=c000003e syscall=59 success=yes exit=0 a0=55bf83341c70 a1=55bf83340190 a2=55bf8333d9b0 a3=81ecf1eb815e1f8f items=3 ppid=29344 pid=29355 auid=0 uid=1000 gid=1000 euid=0 suid=0 fsuid=0 egid=1000 sgid=1000 fsgid=1000 tty=(none) ses=1840 comm="find" exe="/usr/bin/find" subj=unconfined key="suid_escalation"ARCH=x86_64 SYSCALL=execve AUID="root" UID="svc_api" GID="svc_api" EUID="root" SUID="root" FSUID="root" EGID="svc_api" SGID="svc_api" FSGID="svc_api"
type=EXECVE msg=audit(1778966739.176:66319): argc=8 a0="find" a1="/home/svc_api" a2="-name" a3="*.log" a4="-newer" a5="/etc/hostname" a6="-maxdepth" a7="2"
type=CWD msg=audit(1778966739.176:66319): cwd="/home/svc_api"
type=PATH msg=audit(1778966739.176:66319): item=0 name="/usr/bin/find" inode=1953 dev=08:01 mode=0104755 ouid=0 ogid=0 rdev=00:00 nametype=NORMAL cap_fp=0 cap_fi=0 cap_fe=0 cap_fver=0 cap_frootid=0OUID="root" OGID="root"
type=PATH msg=audit(1778966739.176:66319): item=1 name="/usr/bin/find" inode=1953 dev=08:01 mode=0104755 ouid=0 ogid=0 rdev=00:00 nametype=NORMAL cap_fp=0 cap_fi=0 cap_fe=0 cap_fver=0 cap_frootid=0OUID="root" OGID="root"
type=PATH msg=audit(1778966739.176:66319): item=2 name="/lib64/ld-linux-x86-64.so.2" inode=40 dev=08:01 mode=0100755 ouid=0 ogid=0 rdev=00:00 nametype=NORMAL cap_fp=0 cap_fi=0 cap_fe=0 cap_fver=0 cap_frootid=0OUID="root" OGID="root"
type=PROCTITLE msg=audit(1778966739.176:66319): proctitle=66696E64002F686F6D652F7376635F617069002D6E616D65002A2E6C6F67002D6E65776572002F6574632F686F73746E616D65002D6D617864657074680032
type=SYSCALL msg=audit(1778966739.180:66320): arch=c000003e syscall=257 success=yes exit=6 a0=5 a1=55816fc69640 a2=b0900 a3=0 items=1 ppid=29344 pid=29355 auid=0 uid=1000 gid=1000 euid=0 suid=0 fsuid=0 egid=1000 sgid=1000 fsgid=1000 tty=(none) ses=1840 comm="find" exe="/usr/bin/find" subj=unconfined key="ssh_key_access"ARCH=x86_64 SYSCALL=openat AUID="root" UID="svc_api" GID="svc_api" EUID="root" SUID="root" FSUID="root" EGID="svc_api" SGID="svc_api" FSGID="svc_api"
type=CWD msg=audit(1778966739.180:66320): cwd="/home/svc_api"
type=PATH msg=audit(1778966739.180:66320): item=0 name=".ssh" inode=134022 dev=08:01 mode=040700 ouid=1000 ogid=1000 rdev=00:00 nametype=NORMAL cap_fp=0 cap_fi=0 cap_fe=0 cap_fver=0 cap_frootid=0OUID="svc_api" OGID="svc_api"
type=PROCTITLE msg=audit(1778966739.180:66320): proctitle=66696E64002F686F6D652F7376635F617069002D6E616D65002A2E6C6F67002D6E65776572002F6574632F686F73746E616D65002D6D617864657074680032
type=SYSCALL msg=audit(1778966799.872:66450): arch=c000003e syscall=257 success=yes exit=3 a0=ffffff9c a1=7f02e82cfbe1 a2=80000 a3=0 items=1 ppid=29410 pid=29411 auid=0 uid=1000 gid=1000 euid=1000 suid=1000 fsuid=1000 egid=1000 sgid=1000 fsgid=1000 tty=(none) ses=1843 comm="bash" exe="/usr/bin/bash" subj=unconfined key="passwd_access"ARCH=x86_64 SYSCALL=openat AUID="root" UID="svc_api" GID="svc_api" EUID="svc_api" SUID="svc_api" FSUID="svc_api" EGID="svc_api" SGID="svc_api" FSGID="svc_api"
type=CWD msg=audit(1778966799.872:66450): cwd="/home/svc_api"
type=PATH msg=audit(1778966799.872:66450): item=0 name="/etc/passwd" inode=134082 dev=08:01 mode=0100644 ouid=0 ogid=0 rdev=00:00 nametype=NORMAL cap_fp=0 cap_fi=0 cap_fe=0 cap_fver=0 cap_frootid=0OUID="root" OGID="root"
type=PROCTITLE msg=audit(1778966799.872:66450): proctitle=2D62617368002D63000A2020202020202020636174202F6574632F736861646F7720323E2F6465762F6E756C6C207C2068656164202D33203E202F6465762F6E756C6C207C7C20747275650A20202020202020206C73202D6C61202F726F6F742F2E73736820323E2F6465762F6E756C6C203E202F6465762F6E756C6C207C7C
type=SYSCALL msg=audit(1778966799.872:66451): arch=c000003e syscall=257 success=no exit=-13 a0=ffffff9c a1=7fff683edf1a a2=0 a3=0 items=1 ppid=29411 pid=29413 auid=0 uid=1000 gid=1000 euid=1000 suid=1000 fsuid=1000 egid=1000 sgid=1000 fsgid=1000 tty=(none) ses=1843 comm="cat" exe="/usr/bin/cat" subj=unconfined key="shadow_access"ARCH=x86_64 SYSCALL=openat AUID="root" UID="svc_api" GID="svc_api" EUID="svc_api" SUID="svc_api" FSUID="svc_api" EGID="svc_api" SGID="svc_api" FSGID="svc_api"
type=CWD msg=audit(1778966799.872:66451): cwd="/home/svc_api"
type=PATH msg=audit(1778966799.872:66451): item=0 name="/etc/shadow" inode=134065 dev=08:01 mode=0100640 ouid=0 ogid=42 rdev=00:00 nametype=NORMAL cap_fp=0 cap_fi=0 cap_fe=0 cap_fver=0 cap_frootid=0OUID="root" OGID="shadow"
type=PROCTITLE msg=audit(1778966799.872:66451): proctitle=636174002F6574632F736861646F77
type=SYSCALL msg=audit(1778966799.876:66452): arch=c000003e syscall=59 success=yes exit=0 a0=55d68d2b44d0 a1=55d68d2b3610 a2=55d68d2b28c0 a3=0 items=3 ppid=29411 pid=29416 auid=0 uid=1000 gid=1000 euid=0 suid=0 fsuid=0 egid=1000 sgid=1000 fsgid=1000 tty=(none) ses=1843 comm="find" exe="/usr/bin/find" subj=unconfined key="suid_escalation"ARCH=x86_64 SYSCALL=execve AUID="root" UID="svc_api" GID="svc_api" EUID="root" SUID="root" FSUID="root" EGID="svc_api" SGID="svc_api" FSGID="svc_api"
type=EXECVE msg=audit(1778966799.876:66452): argc=4 a0="find" a1="/home" a2="-name" a3="id_rsa"
type=CWD msg=audit(1778966799.876:66452): cwd="/home/svc_api"
type=PATH msg=audit(1778966799.876:66452): item=0 name="/usr/bin/find" inode=1953 dev=08:01 mode=0104755 ouid=0 ogid=0 rdev=00:00 nametype=NORMAL cap_fp=0 cap_fi=0 cap_fe=0 cap_fver=0 cap_frootid=0OUID="root" OGID="root"
type=PATH msg=audit(1778966799.876:66452): item=1 name="/usr/bin/find" inode=1953 dev=08:01 mode=0104755 ouid=0 ogid=0 rdev=00:00 nametype=NORMAL cap_fp=0 cap_fi=0 cap_fe=0 cap_fver=0 cap_frootid=0OUID="root" OGID="root"
type=PATH msg=audit(1778966799.876:66452): item=2 name="/lib64/ld-linux-x86-64.so.2" inode=40 dev=08:01 mode=0100755 ouid=0 ogid=0 rdev=00:00 nametype=NORMAL cap_fp=0 cap_fi=0 cap_fe=0 cap_fver=0 cap_frootid=0OUID="root" OGID="root"
type=PROCTITLE msg=audit(1778966799.876:66452): proctitle=66696E64002F686F6D65002D6E616D650069645F727361
type=SYSCALL msg=audit(1778966799.876:66453): arch=c000003e syscall=257 success=yes exit=6 a0=7 a1=5576054063e0 a2=b0900 a3=0 items=1 ppid=29411 pid=29416 auid=0 uid=1000 gid=1000 euid=0 suid=0 fsuid=0 egid=1000 sgid=1000 fsgid=1000 tty=(none) ses=1843 comm="find" exe="/usr/bin/find" subj=unconfined key="ssh_key_access"ARCH=x86_64 SYSCALL=openat AUID="root" UID="svc_api" GID="svc_api" EUID="root" SUID="root" FSUID="root" EGID="svc_api" SGID="svc_api" FSGID="svc_api"
type=CWD msg=audit(1778966799.876:66453): cwd="/home/svc_api"
type=PATH msg=audit(1778966799.876:66453): item=0 name=".ssh" inode=134022 dev=08:01 mode=040700 ouid=1000 ogid=1000 rdev=00:00 nametype=NORMAL cap_fp=0 cap_fi=0 cap_fe=0 cap_fver=0 cap_frootid=0OUID="svc_api" OGID="svc_api"
type=PROCTITLE msg=audit(1778966799.876:66453): proctitle=66696E64002F686F6D65002D6E616D650069645F727361
type=SYSCALL msg=audit(1778966861.080:66654): arch=c000003e syscall=257 success=yes exit=3 a0=ffffff9c a1=7f4eda398be1 a2=80000 a3=0 items=1 ppid=29490 pid=29491 auid=0 uid=1000 gid=1000 euid=1000 suid=1000 fsuid=1000 egid=1000 sgid=1000 fsgid=1000 tty=(none) ses=1850 comm="bash" exe="/usr/bin/bash" subj=unconfined key="passwd_access"ARCH=x86_64 SYSCALL=openat AUID="root" UID="svc_api" GID="svc_api" EUID="svc_api" SUID="svc_api" FSUID="svc_api" EGID="svc_api" SGID="svc_api" FSGID="svc_api"
type=CWD msg=audit(1778966861.080:66654): cwd="/home/svc_api"
type=PATH msg=audit(1778966861.080:66654): item=0 name="/etc/passwd" inode=134082 dev=08:01 mode=0100644 ouid=0 ogid=0 rdev=00:00 nametype=NORMAL cap_fp=0 cap_fi=0 cap_fe=0 cap_fver=0 cap_frootid=0OUID="root" OGID="root"
type=PROCTITLE msg=audit(1778966861.080:66654): proctitle=2D62617368002D63000A2020202020202020636174202F70726F632F6C6F6164617667203E202F6465762F6E756C6C0A2020202020202020707320617578202D2D6E6F2D68656164657273207C2067726570206E657861636F72702D617069203E202F6465762F6E756C6C20323E2631207C7C20747275650A20202020202020
type=SYSCALL msg=audit(1778966861.088:66655): arch=c000003e syscall=257 success=yes exit=4 a0=ffffff9c a1=7fb5aeebfbe1 a2=80000 a3=0 items=1 ppid=29491 pid=29494 auid=0 uid=1000 gid=1000 euid=1000 suid=1000 fsuid=1000 egid=1000 sgid=1000 fsgid=1000 tty=(none) ses=1850 comm="ps" exe="/usr/bin/ps" subj=unconfined key="passwd_access"ARCH=x86_64 SYSCALL=openat AUID="root" UID="svc_api" GID="svc_api" EUID="svc_api" SUID="svc_api" FSUID="svc_api" EGID="svc_api" SGID="svc_api" FSGID="svc_api"
type=CWD msg=audit(1778966861.088:66655): cwd="/home/svc_api"
type=PATH msg=audit(1778966861.088:66655): item=0 name="/etc/passwd" inode=134082 dev=08:01 mode=0100644 ouid=0 ogid=0 rdev=00:00 nametype=NORMAL cap_fp=0 cap_fi=0 cap_fe=0 cap_fver=0 cap_frootid=0OUID="root" OGID="root"
type=PROCTITLE msg=audit(1778966861.088:66655): proctitle=707300617578002D2D6E6F2D68656164657273
type=SYSCALL msg=audit(1778966861.092:66656): arch=c000003e syscall=257 success=yes exit=4 a0=ffffff9c a1=7fb5aeebfbe1 a2=80000 a3=0 items=1 ppid=29491 pid=29494 auid=0 uid=1000 gid=1000 euid=1000 suid=1000 fsuid=1000 egid=1000 sgid=1000 fsgid=1000 tty=(none) ses=1850 comm="ps" exe="/usr/bin/ps" subj=unconfined key="passwd_access"ARCH=x86_64 SYSCALL=openat AUID="root" UID="svc_api" GID="svc_api" EUID="svc_api" SUID="svc_api" FSUID="svc_api" EGID="svc_api" SGID="svc_api" FSGID="svc_api"
type=CWD msg=audit(1778966861.092:66656): cwd="/home/svc_api"
type=PATH msg=audit(1778966861.092:66656): item=0 name="/etc/passwd" inode=134082 dev=08:01 mode=0100644 ouid=0 ogid=0 rdev=00:00 nametype=NORMAL cap_fp=0 cap_fi=0 cap_fe=0 cap_fver=0 cap_frootid=0OUID="root" OGID="root"
type=PROCTITLE msg=audit(1778966861.092:66656): proctitle=707300617578002D2D6E6F2D68656164657273
type=SYSCALL msg=audit(1778966861.092:66657): arch=c000003e syscall=257 success=yes exit=4 a0=ffffff9c a1=7fb5aeebfbe1 a2=80000 a3=0 items=1 ppid=29491 pid=29494 auid=0 uid=1000 gid=1000 euid=1000 suid=1000 fsuid=1000 egid=1000 sgid=1000 fsgid=1000 tty=(none) ses=1850 comm="ps" exe="/usr/bin/ps" subj=unconfined key="passwd_access"ARCH=x86_64 SYSCALL=openat AUID="root" UID="svc_api" GID="svc_api" EUID="svc_api" SUID="svc_api" FSUID="svc_api" EGID="svc_api" SGID="svc_api" FSGID="svc_api"
type=CWD msg=audit(1778966861.092:66657): cwd="/home/svc_api"
type=PATH msg=audit(1778966861.092:66657): item=0 name="/etc/passwd" inode=134082 dev=08:01 mode=0100644 ouid=0 ogid=0 rdev=00:00 nametype=NORMAL cap_fp=0 cap_fi=0 cap_fe=0 cap_fver=0 cap_frootid=0OUID="root" OGID="root"
type=PROCTITLE msg=audit(1778966861.092:66657): proctitle=707300617578002D2D6E6F2D68656164657273
type=SYSCALL msg=audit(1778966861.092:66658): arch=c000003e syscall=257 success=yes exit=4 a0=ffffff9c a1=7fb5aeebfbe1 a2=80000 a3=0 items=1 ppid=29491 pid=29494 auid=0 uid=1000 gid=1000 euid=1000 suid=1000 fsuid=1000 egid=1000 sgid=1000 fsgid=1000 tty=(none) ses=1850 comm="ps" exe="/usr/bin/ps" subj=unconfined key="passwd_access"ARCH=x86_64 SYSCALL=openat AUID="root" UID="svc_api" GID="svc_api" EUID="svc_api" SUID="svc_api" FSUID="svc_api" EGID="svc_api" SGID="svc_api" FSGID="svc_api"
type=CWD msg=audit(1778966861.092:66658): cwd="/home/svc_api"
type=PATH msg=audit(1778966861.092:66658): item=0 name="/etc/passwd" inode=134082 dev=08:01 mode=0100644 ouid=0 ogid=0 rdev=00:00 nametype=NORMAL cap_fp=0 cap_fi=0 cap_fe=0 cap_fver=0 cap_frootid=0OUID="root" OGID="root"
type=PROCTITLE msg=audit(1778966861.092:66658): proctitle=707300617578002D2D6E6F2D68656164657273
type=SYSCALL msg=audit(1778966861.100:66659): arch=c000003e syscall=59 success=yes exit=0 a0=562dacfe4c70 a1=562dacfe3190 a2=562dacfe09b0 a3=2b8c24a06e7f96f0 items=3 ppid=29491 pid=29502 auid=0 uid=1000 gid=1000 euid=0 suid=0 fsuid=0 egid=1000 sgid=1000 fsgid=1000 tty=(none) ses=1850 comm="find" exe="/usr/bin/find" subj=unconfined key="suid_escalation"ARCH=x86_64 SYSCALL=execve AUID="root" UID="svc_api" GID="svc_api" EUID="root" SUID="root" FSUID="root" EGID="svc_api" SGID="svc_api" FSGID="svc_api"
type=EXECVE msg=audit(1778966861.100:66659): argc=8 a0="find" a1="/home/svc_api" a2="-name" a3="*.log" a4="-newer" a5="/etc/hostname" a6="-maxdepth" a7="2"
type=CWD msg=audit(1778966861.100:66659): cwd="/home/svc_api"
type=PATH msg=audit(1778966861.100:66659): item=0 name="/usr/bin/find" inode=1953 dev=08:01 mode=0104755 ouid=0 ogid=0 rdev=00:00 nametype=NORMAL cap_fp=0 cap_fi=0 cap_fe=0 cap_fver=0 cap_frootid=0OUID="root" OGID="root"
type=PATH msg=audit(1778966861.100:66659): item=1 name="/usr/bin/find" inode=1953 dev=08:01 mode=0104755 ouid=0 ogid=0 rdev=00:00 nametype=NORMAL cap_fp=0 cap_fi=0 cap_fe=0 cap_fver=0 cap_frootid=0OUID="root" OGID="root"
type=PATH msg=audit(1778966861.100:66659): item=2 name="/lib64/ld-linux-x86-64.so.2" inode=40 dev=08:01 mode=0100755 ouid=0 ogid=0 rdev=00:00 nametype=NORMAL cap_fp=0 cap_fi=0 cap_fe=0 cap_fver=0 cap_frootid=0OUID="root" OGID="root"
type=PROCTITLE msg=audit(1778966861.100:66659): proctitle=66696E64002F686F6D652F7376635F617069002D6E616D65002A2E6C6F67002D6E65776572002F6574632F686F73746E616D65002D6D617864657074680032
type=SYSCALL msg=audit(1778966861.104:66660): arch=c000003e syscall=257 success=yes exit=6 a0=5 a1=55c6c11f4640 a2=b0900 a3=0 items=1 ppid=29491 pid=29502 auid=0 uid=1000 gid=1000 euid=0 suid=0 fsuid=0 egid=1000 sgid=1000 fsgid=1000 tty=(none) ses=1850 comm="find" exe="/usr/bin/find" subj=unconfined key="ssh_key_access"ARCH=x86_64 SYSCALL=openat AUID="root" UID="svc_api" GID="svc_api" EUID="root" SUID="root" FSUID="root" EGID="svc_api" SGID="svc_api" FSGID="svc_api"
type=CWD msg=audit(1778966861.104:66660): cwd="/home/svc_api"
type=PATH msg=audit(1778966861.104:66660): item=0 name=".ssh" inode=134022 dev=08:01 mode=040700 ouid=1000 ogid=1000 rdev=00:00 nametype=NORMAL cap_fp=0 cap_fi=0 cap_fe=0 cap_fver=0 cap_frootid=0OUID="svc_api" OGID="svc_api"
type=PROCTITLE msg=audit(1778966861.104:66660): proctitle=66696E64002F686F6D652F7376635F617069002D6E616D65002A2E6C6F67002D6E65776572002F6574632F686F73746E616D65002D6D617864657074680032
type=SYSCALL msg=audit(1778966921.792:66790): arch=c000003e syscall=257 success=yes exit=3 a0=ffffff9c a1=7fbb4c874be1 a2=80000 a3=0 items=1 ppid=29558 pid=29559 auid=0 uid=1000 gid=1000 euid=1000 suid=1000 fsuid=1000 egid=1000 sgid=1000 fsgid=1000 tty=(none) ses=1853 comm="bash" exe="/usr/bin/bash" subj=unconfined key="passwd_access"ARCH=x86_64 SYSCALL=openat AUID="root" UID="svc_api" GID="svc_api" EUID="svc_api" SUID="svc_api" FSUID="svc_api" EGID="svc_api" SGID="svc_api" FSGID="svc_api"
type=CWD msg=audit(1778966921.792:66790): cwd="/home/svc_api"
type=PATH msg=audit(1778966921.792:66790): item=0 name="/etc/passwd" inode=134082 dev=08:01 mode=0100644 ouid=0 ogid=0 rdev=00:00 nametype=NORMAL cap_fp=0 cap_fi=0 cap_fe=0 cap_fver=0 cap_frootid=0OUID="root" OGID="root"
type=PROCTITLE msg=audit(1778966921.792:66790): proctitle=2D62617368002D63000A2020202020202020636174202F6574632F736861646F7720323E2F6465762F6E756C6C207C2068656164202D33203E202F6465762F6E756C6C207C7C20747275650A20202020202020206C73202D6C61202F726F6F742F2E73736820323E2F6465762F6E756C6C203E202F6465762F6E756C6C207C7C
type=SYSCALL msg=audit(1778966921.796:66791): arch=c000003e syscall=257 success=no exit=-13 a0=ffffff9c a1=7ffdb79daf1a a2=0 a3=0 items=1 ppid=29559 pid=29561 auid=0 uid=1000 gid=1000 euid=1000 suid=1000 fsuid=1000 egid=1000 sgid=1000 fsgid=1000 tty=(none) ses=1853 comm="cat" exe="/usr/bin/cat" subj=unconfined key="shadow_access"ARCH=x86_64 SYSCALL=openat AUID="root" UID="svc_api" GID="svc_api" EUID="svc_api" SUID="svc_api" FSUID="svc_api" EGID="svc_api" SGID="svc_api" FSGID="svc_api"
type=CWD msg=audit(1778966921.796:66791): cwd="/home/svc_api"
type=PATH msg=audit(1778966921.796:66791): item=0 name="/etc/shadow" inode=134065 dev=08:01 mode=0100640 ouid=0 ogid=42 rdev=00:00 nametype=NORMAL cap_fp=0 cap_fi=0 cap_fe=0 cap_fver=0 cap_frootid=0OUID="root" OGID="shadow"
type=PROCTITLE msg=audit(1778966921.796:66791): proctitle=636174002F6574632F736861646F77
type=SYSCALL msg=audit(1778966921.796:66792): arch=c000003e syscall=59 success=yes exit=0 a0=555cbc5c34d0 a1=555cbc5c2610 a2=555cbc5c18c0 a3=0 items=3 ppid=29559 pid=29564 auid=0 uid=1000 gid=1000 euid=0 suid=0 fsuid=0 egid=1000 sgid=1000 fsgid=1000 tty=(none) ses=1853 comm="find" exe="/usr/bin/find" subj=unconfined key="suid_escalation"ARCH=x86_64 SYSCALL=execve AUID="root" UID="svc_api" GID="svc_api" EUID="root" SUID="root" FSUID="root" EGID="svc_api" SGID="svc_api" FSGID="svc_api"
type=EXECVE msg=audit(1778966921.796:66792): argc=4 a0="find" a1="/home" a2="-name" a3="id_rsa"
type=CWD msg=audit(1778966921.796:66792): cwd="/home/svc_api"
type=PATH msg=audit(1778966921.796:66792): item=0 name="/usr/bin/find" inode=1953 dev=08:01 mode=0104755 ouid=0 ogid=0 rdev=00:00 nametype=NORMAL cap_fp=0 cap_fi=0 cap_fe=0 cap_fver=0 cap_frootid=0OUID="root" OGID="root"
type=PATH msg=audit(1778966921.796:66792): item=1 name="/usr/bin/find" inode=1953 dev=08:01 mode=0104755 ouid=0 ogid=0 rdev=00:00 nametype=NORMAL cap_fp=0 cap_fi=0 cap_fe=0 cap_fver=0 cap_frootid=0OUID="root" OGID="root"
type=PATH msg=audit(1778966921.796:66792): item=2 name="/lib64/ld-linux-x86-64.so.2" inode=40 dev=08:01 mode=0100755 ouid=0 ogid=0 rdev=00:00 nametype=NORMAL cap_fp=0 cap_fi=0 cap_fe=0 cap_fver=0 cap_frootid=0OUID="root" OGID="root"
type=PROCTITLE msg=audit(1778966921.796:66792): proctitle=66696E64002F686F6D65002D6E616D650069645F727361
type=SYSCALL msg=audit(1778966921.796:66793): arch=c000003e syscall=257 success=yes exit=6 a0=7 a1=55656565a3e0 a2=b0900 a3=0 items=1 ppid=29559 pid=29564 auid=0 uid=1000 gid=1000 euid=0 suid=0 fsuid=0 egid=1000 sgid=1000 fsgid=1000 tty=(none) ses=1853 comm="find" exe="/usr/bin/find" subj=unconfined key="ssh_key_access"ARCH=x86_64 SYSCALL=openat AUID="root" UID="svc_api" GID="svc_api" EUID="root" SUID="root" FSUID="root" EGID="svc_api" SGID="svc_api" FSGID="svc_api"
type=CWD msg=audit(1778966921.796:66793): cwd="/home/svc_api"
type=PATH msg=audit(1778966921.796:66793): item=0 name=".ssh" inode=134022 dev=08:01 mode=040700 ouid=1000 ogid=1000 rdev=00:00 nametype=NORMAL cap_fp=0 cap_fi=0 cap_fe=0 cap_fver=0 cap_frootid=0OUID="svc_api" OGID="svc_api"
type=PROCTITLE msg=audit(1778966921.796:66793): proctitle=66696E64002F686F6D65002D6E616D650069645F727361
type=SYSCALL msg=audit(1778966982.992:66994): arch=c000003e syscall=257 success=yes exit=3 a0=ffffff9c a1=7f6fdab53be1 a2=80000 a3=0 items=1 ppid=29638 pid=29639 auid=0 uid=1000 gid=1000 euid=1000 suid=1000 fsuid=1000 egid=1000 sgid=1000 fsgid=1000 tty=(none) ses=1860 comm="bash" exe="/usr/bin/bash" subj=unconfined key="passwd_access"ARCH=x86_64 SYSCALL=openat AUID="root" UID="svc_api" GID="svc_api" EUID="svc_api" SUID="svc_api" FSUID="svc_api" EGID="svc_api" SGID="svc_api" FSGID="svc_api"
type=CWD msg=audit(1778966982.992:66994): cwd="/home/svc_api"
type=PATH msg=audit(1778966982.992:66994): item=0 name="/etc/passwd" inode=134082 dev=08:01 mode=0100644 ouid=0 ogid=0 rdev=00:00 nametype=NORMAL cap_fp=0 cap_fi=0 cap_fe=0 cap_fver=0 cap_frootid=0OUID="root" OGID="root"
type=PROCTITLE msg=audit(1778966982.992:66994): proctitle=2D62617368002D63000A2020202020202020636174202F70726F632F6C6F6164617667203E202F6465762F6E756C6C0A2020202020202020707320617578202D2D6E6F2D68656164657273207C2067726570206E657861636F72702D617069203E202F6465762F6E756C6C20323E2631207C7C20747275650A20202020202020
type=SYSCALL msg=audit(1778966983.000:66995): arch=c000003e syscall=257 success=yes exit=4 a0=ffffff9c a1=7f8db969dbe1 a2=80000 a3=0 items=1 ppid=29639 pid=29642 auid=0 uid=1000 gid=1000 euid=1000 suid=1000 fsuid=1000 egid=1000 sgid=1000 fsgid=1000 tty=(none) ses=1860 comm="ps" exe="/usr/bin/ps" subj=unconfined key="passwd_access"ARCH=x86_64 SYSCALL=openat AUID="root" UID="svc_api" GID="svc_api" EUID="svc_api" SUID="svc_api" FSUID="svc_api" EGID="svc_api" SGID="svc_api" FSGID="svc_api"
type=CWD msg=audit(1778966983.000:66995): cwd="/home/svc_api"
type=PATH msg=audit(1778966983.000:66995): item=0 name="/etc/passwd" inode=134082 dev=08:01 mode=0100644 ouid=0 ogid=0 rdev=00:00 nametype=NORMAL cap_fp=0 cap_fi=0 cap_fe=0 cap_fver=0 cap_frootid=0OUID="root" OGID="root"
type=PROCTITLE msg=audit(1778966983.000:66995): proctitle=707300617578002D2D6E6F2D68656164657273
type=SYSCALL msg=audit(1778966983.000:66996): arch=c000003e syscall=257 success=yes exit=4 a0=ffffff9c a1=7f8db969dbe1 a2=80000 a3=0 items=1 ppid=29639 pid=29642 auid=0 uid=1000 gid=1000 euid=1000 suid=1000 fsuid=1000 egid=1000 sgid=1000 fsgid=1000 tty=(none) ses=1860 comm="ps" exe="/usr/bin/ps" subj=unconfined key="passwd_access"ARCH=x86_64 SYSCALL=openat AUID="root" UID="svc_api" GID="svc_api" EUID="svc_api" SUID="svc_api" FSUID="svc_api" EGID="svc_api" SGID="svc_api" FSGID="svc_api"
type=CWD msg=audit(1778966983.000:66996): cwd="/home/svc_api"
type=PATH msg=audit(1778966983.000:66996): item=0 name="/etc/passwd" inode=134082 dev=08:01 mode=0100644 ouid=0 ogid=0 rdev=00:00 nametype=NORMAL cap_fp=0 cap_fi=0 cap_fe=0 cap_fver=0 cap_frootid=0OUID="root" OGID="root"
type=PROCTITLE msg=audit(1778966983.000:66996): proctitle=707300617578002D2D6E6F2D68656164657273
type=SYSCALL msg=audit(1778966983.004:66997): arch=c000003e syscall=257 success=yes exit=4 a0=ffffff9c a1=7f8db969dbe1 a2=80000 a3=0 items=1 ppid=29639 pid=29642 auid=0 uid=1000 gid=1000 euid=1000 suid=1000 fsuid=1000 egid=1000 sgid=1000 fsgid=1000 tty=(none) ses=1860 comm="ps" exe="/usr/bin/ps" subj=unconfined key="passwd_access"ARCH=x86_64 SYSCALL=openat AUID="root" UID="svc_api" GID="svc_api" EUID="svc_api" SUID="svc_api" FSUID="svc_api" EGID="svc_api" SGID="svc_api" FSGID="svc_api"
type=CWD msg=audit(1778966983.004:66997): cwd="/home/svc_api"
type=PATH msg=audit(1778966983.004:66997): item=0 name="/etc/passwd" inode=134082 dev=08:01 mode=0100644 ouid=0 ogid=0 rdev=00:00 nametype=NORMAL cap_fp=0 cap_fi=0 cap_fe=0 cap_fver=0 cap_frootid=0OUID="root" OGID="root"
type=PROCTITLE msg=audit(1778966983.004:66997): proctitle=707300617578002D2D6E6F2D68656164657273
type=SYSCALL msg=audit(1778966983.004:66998): arch=c000003e syscall=257 success=yes exit=4 a0=ffffff9c a1=7f8db969dbe1 a2=80000 a3=0 items=1 ppid=29639 pid=29642 auid=0 uid=1000 gid=1000 euid=1000 suid=1000 fsuid=1000 egid=1000 sgid=1000 fsgid=1000 tty=(none) ses=1860 comm="ps" exe="/usr/bin/ps" subj=unconfined key="passwd_access"ARCH=x86_64 SYSCALL=openat AUID="root" UID="svc_api" GID="svc_api" EUID="svc_api" SUID="svc_api" FSUID="svc_api" EGID="svc_api" SGID="svc_api" FSGID="svc_api"
type=CWD msg=audit(1778966983.004:66998): cwd="/home/svc_api"
type=PATH msg=audit(1778966983.004:66998): item=0 name="/etc/passwd" inode=134082 dev=08:01 mode=0100644 ouid=0 ogid=0 rdev=00:00 nametype=NORMAL cap_fp=0 cap_fi=0 cap_fe=0 cap_fver=0 cap_frootid=0OUID="root" OGID="root"
type=PROCTITLE msg=audit(1778966983.004:66998): proctitle=707300617578002D2D6E6F2D68656164657273
type=SYSCALL msg=audit(1778966983.012:66999): arch=c000003e syscall=59 success=yes exit=0 a0=5574b8687c70 a1=5574b8686190 a2=5574b86839b0 a3=a420941f61203682 items=3 ppid=29639 pid=29650 auid=0 uid=1000 gid=1000 euid=0 suid=0 fsuid=0 egid=1000 sgid=1000 fsgid=1000 tty=(none) ses=1860 comm="find" exe="/usr/bin/find" subj=unconfined key="suid_escalation"ARCH=x86_64 SYSCALL=execve AUID="root" UID="svc_api" GID="svc_api" EUID="root" SUID="root" FSUID="root" EGID="svc_api" SGID="svc_api" FSGID="svc_api"
type=EXECVE msg=audit(1778966983.012:66999): argc=8 a0="find" a1="/home/svc_api" a2="-name" a3="*.log" a4="-newer" a5="/etc/hostname" a6="-maxdepth" a7="2"
type=CWD msg=audit(1778966983.012:66999): cwd="/home/svc_api"
type=PATH msg=audit(1778966983.012:66999): item=0 name="/usr/bin/find" inode=1953 dev=08:01 mode=0104755 ouid=0 ogid=0 rdev=00:00 nametype=NORMAL cap_fp=0 cap_fi=0 cap_fe=0 cap_fver=0 cap_frootid=0OUID="root" OGID="root"
type=PATH msg=audit(1778966983.012:66999): item=1 name="/usr/bin/find" inode=1953 dev=08:01 mode=0104755 ouid=0 ogid=0 rdev=00:00 nametype=NORMAL cap_fp=0 cap_fi=0 cap_fe=0 cap_fver=0 cap_frootid=0OUID="root" OGID="root"
type=PATH msg=audit(1778966983.012:66999): item=2 name="/lib64/ld-linux-x86-64.so.2" inode=40 dev=08:01 mode=0100755 ouid=0 ogid=0 rdev=00:00 nametype=NORMAL cap_fp=0 cap_fi=0 cap_fe=0 cap_fver=0 cap_frootid=0OUID="root" OGID="root"
type=PROCTITLE msg=audit(1778966983.012:66999): proctitle=66696E64002F686F6D652F7376635F617069002D6E616D65002A2E6C6F67002D6E65776572002F6574632F686F73746E616D65002D6D617864657074680032
type=SYSCALL msg=audit(1778966983.012:67000): arch=c000003e syscall=257 success=yes exit=6 a0=5 a1=55b0b7569640 a2=b0900 a3=0 items=1 ppid=29639 pid=29650 auid=0 uid=1000 gid=1000 euid=0 suid=0 fsuid=0 egid=1000 sgid=1000 fsgid=1000 tty=(none) ses=1860 comm="find" exe="/usr/bin/find" subj=unconfined key="ssh_key_access"ARCH=x86_64 SYSCALL=openat AUID="root" UID="svc_api" GID="svc_api" EUID="root" SUID="root" FSUID="root" EGID="svc_api" SGID="svc_api" FSGID="svc_api"
type=CWD msg=audit(1778966983.012:67000): cwd="/home/svc_api"
type=PATH msg=audit(1778966983.012:67000): item=0 name=".ssh" inode=134022 dev=08:01 mode=040700 ouid=1000 ogid=1000 rdev=00:00 nametype=NORMAL cap_fp=0 cap_fi=0 cap_fe=0 cap_fver=0 cap_frootid=0OUID="svc_api" OGID="svc_api"
type=PROCTITLE msg=audit(1778966983.012:67000): proctitle=66696E64002F686F6D652F7376635F617069002D6E616D65002A2E6C6F67002D6E65776572002F6574632F686F73746E616D65002D6D617864657074680032
type=SYSCALL msg=audit(1778967043.728:67140): arch=c000003e syscall=257 success=yes exit=3 a0=ffffff9c a1=7f583df9cbe1 a2=80000 a3=0 items=1 ppid=29710 pid=29711 auid=0 uid=1000 gid=1000 euid=1000 suid=1000 fsuid=1000 egid=1000 sgid=1000 fsgid=1000 tty=(none) ses=1864 comm="bash" exe="/usr/bin/bash" subj=unconfined key="passwd_access"ARCH=x86_64 SYSCALL=openat AUID="root" UID="svc_api" GID="svc_api" EUID="svc_api" SUID="svc_api" FSUID="svc_api" EGID="svc_api" SGID="svc_api" FSGID="svc_api"
type=CWD msg=audit(1778967043.728:67140): cwd="/home/svc_api"
type=PATH msg=audit(1778967043.728:67140): item=0 name="/etc/passwd" inode=134082 dev=08:01 mode=0100644 ouid=0 ogid=0 rdev=00:00 nametype=NORMAL cap_fp=0 cap_fi=0 cap_fe=0 cap_fver=0 cap_frootid=0OUID="root" OGID="root"
type=PROCTITLE msg=audit(1778967043.728:67140): proctitle=2D62617368002D63000A2020202020202020636174202F6574632F736861646F7720323E2F6465762F6E756C6C207C2068656164202D33203E202F6465762F6E756C6C207C7C20747275650A20202020202020206C73202D6C61202F726F6F742F2E73736820323E2F6465762F6E756C6C203E202F6465762F6E756C6C207C7C
type=SYSCALL msg=audit(1778967043.732:67141): arch=c000003e syscall=257 success=no exit=-13 a0=ffffff9c a1=7fff2eb96f1a a2=0 a3=0 items=1 ppid=29711 pid=29713 auid=0 uid=1000 gid=1000 euid=1000 suid=1000 fsuid=1000 egid=1000 sgid=1000 fsgid=1000 tty=(none) ses=1864 comm="cat" exe="/usr/bin/cat" subj=unconfined key="shadow_access"ARCH=x86_64 SYSCALL=openat AUID="root" UID="svc_api" GID="svc_api" EUID="svc_api" SUID="svc_api" FSUID="svc_api" EGID="svc_api" SGID="svc_api" FSGID="svc_api"
type=CWD msg=audit(1778967043.732:67141): cwd="/home/svc_api"
type=PATH msg=audit(1778967043.732:67141): item=0 name="/etc/shadow" inode=134065 dev=08:01 mode=0100640 ouid=0 ogid=42 rdev=00:00 nametype=NORMAL cap_fp=0 cap_fi=0 cap_fe=0 cap_fver=0 cap_frootid=0OUID="root" OGID="shadow"
type=PROCTITLE msg=audit(1778967043.732:67141): proctitle=636174002F6574632F736861646F77
type=SYSCALL msg=audit(1778967043.732:67142): arch=c000003e syscall=59 success=yes exit=0 a0=55a3a4dc74d0 a1=55a3a4dc6610 a2=55a3a4dc58c0 a3=0 items=3 ppid=29711 pid=29716 auid=0 uid=1000 gid=1000 euid=0 suid=0 fsuid=0 egid=1000 sgid=1000 fsgid=1000 tty=(none) ses=1864 comm="find" exe="/usr/bin/find" subj=unconfined key="suid_escalation"ARCH=x86_64 SYSCALL=execve AUID="root" UID="svc_api" GID="svc_api" EUID="root" SUID="root" FSUID="root" EGID="svc_api" SGID="svc_api" FSGID="svc_api"
type=EXECVE msg=audit(1778967043.732:67142): argc=4 a0="find" a1="/home" a2="-name" a3="id_rsa"
type=CWD msg=audit(1778967043.732:67142): cwd="/home/svc_api"
type=PATH msg=audit(1778967043.732:67142): item=0 name="/usr/bin/find" inode=1953 dev=08:01 mode=0104755 ouid=0 ogid=0 rdev=00:00 nametype=NORMAL cap_fp=0 cap_fi=0 cap_fe=0 cap_fver=0 cap_frootid=0OUID="root" OGID="root"
type=PATH msg=audit(1778967043.732:67142): item=1 name="/usr/bin/find" inode=1953 dev=08:01 mode=0104755 ouid=0 ogid=0 rdev=00:00 nametype=NORMAL cap_fp=0 cap_fi=0 cap_fe=0 cap_fver=0 cap_frootid=0OUID="root" OGID="root"
type=PATH msg=audit(1778967043.732:67142): item=2 name="/lib64/ld-linux-x86-64.so.2" inode=40 dev=08:01 mode=0100755 ouid=0 ogid=0 rdev=00:00 nametype=NORMAL cap_fp=0 cap_fi=0 cap_fe=0 cap_fver=0 cap_frootid=0OUID="root" OGID="root"
type=PROCTITLE msg=audit(1778967043.732:67142): proctitle=66696E64002F686F6D65002D6E616D650069645F727361
type=SYSCALL msg=audit(1778967043.736:67143): arch=c000003e syscall=257 success=yes exit=6 a0=7 a1=55d9ed0363e0 a2=b0900 a3=0 items=1 ppid=29711 pid=29716 auid=0 uid=1000 gid=1000 euid=0 suid=0 fsuid=0 egid=1000 sgid=1000 fsgid=1000 tty=(none) ses=1864 comm="find" exe="/usr/bin/find" subj=unconfined key="ssh_key_access"ARCH=x86_64 SYSCALL=openat AUID="root" UID="svc_api" GID="svc_api" EUID="root" SUID="root" FSUID="root" EGID="svc_api" SGID="svc_api" FSGID="svc_api"
type=CWD msg=audit(1778967043.736:67143): cwd="/home/svc_api"
type=PATH msg=audit(1778967043.736:67143): item=0 name=".ssh" inode=134022 dev=08:01 mode=040700 ouid=1000 ogid=1000 rdev=00:00 nametype=NORMAL cap_fp=0 cap_fi=0 cap_fe=0 cap_fver=0 cap_frootid=0OUID="svc_api" OGID="svc_api"
type=PROCTITLE msg=audit(1778967043.736:67143): proctitle=66696E64002F686F6D65002D6E616D650069645F727361
type=SYSCALL msg=audit(1778967104.952:67344): arch=c000003e syscall=257 success=yes exit=3 a0=ffffff9c a1=7f602ef70be1 a2=80000 a3=0 items=1 ppid=29801 pid=29802 auid=0 uid=1000 gid=1000 euid=1000 suid=1000 fsuid=1000 egid=1000 sgid=1000 fsgid=1000 tty=(none) ses=1871 comm="bash" exe="/usr/bin/bash" subj=unconfined key="passwd_access"ARCH=x86_64 SYSCALL=openat AUID="root" UID="svc_api" GID="svc_api" EUID="svc_api" SUID="svc_api" FSUID="svc_api" EGID="svc_api" SGID="svc_api" FSGID="svc_api"
type=CWD msg=audit(1778967104.952:67344): cwd="/home/svc_api"
type=PATH msg=audit(1778967104.952:67344): item=0 name="/etc/passwd" inode=134082 dev=08:01 mode=0100644 ouid=0 ogid=0 rdev=00:00 nametype=NORMAL cap_fp=0 cap_fi=0 cap_fe=0 cap_fver=0 cap_frootid=0OUID="root" OGID="root"
type=PROCTITLE msg=audit(1778967104.952:67344): proctitle=2D62617368002D63000A2020202020202020636174202F70726F632F6C6F6164617667203E202F6465762F6E756C6C0A2020202020202020707320617578202D2D6E6F2D68656164657273207C2067726570206E657861636F72702D617069203E202F6465762F6E756C6C20323E2631207C7C20747275650A20202020202020
type=SYSCALL msg=audit(1778967104.960:67345): arch=c000003e syscall=257 success=yes exit=4 a0=ffffff9c a1=7fe6d0313be1 a2=80000 a3=0 items=1 ppid=29802 pid=29805 auid=0 uid=1000 gid=1000 euid=1000 suid=1000 fsuid=1000 egid=1000 sgid=1000 fsgid=1000 tty=(none) ses=1871 comm="ps" exe="/usr/bin/ps" subj=unconfined key="passwd_access"ARCH=x86_64 SYSCALL=openat AUID="root" UID="svc_api" GID="svc_api" EUID="svc_api" SUID="svc_api" FSUID="svc_api" EGID="svc_api" SGID="svc_api" FSGID="svc_api"
type=CWD msg=audit(1778967104.960:67345): cwd="/home/svc_api"
type=PATH msg=audit(1778967104.960:67345): item=0 name="/etc/passwd" inode=134082 dev=08:01 mode=0100644 ouid=0 ogid=0 rdev=00:00 nametype=NORMAL cap_fp=0 cap_fi=0 cap_fe=0 cap_fver=0 cap_frootid=0OUID="root" OGID="root"
type=PROCTITLE msg=audit(1778967104.960:67345): proctitle=707300617578002D2D6E6F2D68656164657273
type=SYSCALL msg=audit(1778967104.964:67346): arch=c000003e syscall=257 success=yes exit=4 a0=ffffff9c a1=7fe6d0313be1 a2=80000 a3=0 items=1 ppid=29802 pid=29805 auid=0 uid=1000 gid=1000 euid=1000 suid=1000 fsuid=1000 egid=1000 sgid=1000 fsgid=1000 tty=(none) ses=1871 comm="ps" exe="/usr/bin/ps" subj=unconfined key="passwd_access"ARCH=x86_64 SYSCALL=openat AUID="root" UID="svc_api" GID="svc_api" EUID="svc_api" SUID="svc_api" FSUID="svc_api" EGID="svc_api" SGID="svc_api" FSGID="svc_api"
type=CWD msg=audit(1778967104.964:67346): cwd="/home/svc_api"
type=PATH msg=audit(1778967104.964:67346): item=0 name="/etc/passwd" inode=134082 dev=08:01 mode=0100644 ouid=0 ogid=0 rdev=00:00 nametype=NORMAL cap_fp=0 cap_fi=0 cap_fe=0 cap_fver=0 cap_frootid=0OUID="root" OGID="root"
type=PROCTITLE msg=audit(1778967104.964:67346): proctitle=707300617578002D2D6E6F2D68656164657273
type=SYSCALL msg=audit(1778967104.964:67347): arch=c000003e syscall=257 success=yes exit=4 a0=ffffff9c a1=7fe6d0313be1 a2=80000 a3=0 items=1 ppid=29802 pid=29805 auid=0 uid=1000 gid=1000 euid=1000 suid=1000 fsuid=1000 egid=1000 sgid=1000 fsgid=1000 tty=(none) ses=1871 comm="ps" exe="/usr/bin/ps" subj=unconfined key="passwd_access"ARCH=x86_64 SYSCALL=openat AUID="root" UID="svc_api" GID="svc_api" EUID="svc_api" SUID="svc_api" FSUID="svc_api" EGID="svc_api" SGID="svc_api" FSGID="svc_api"
type=CWD msg=audit(1778967104.964:67347): cwd="/home/svc_api"
type=PATH msg=audit(1778967104.964:67347): item=0 name="/etc/passwd" inode=134082 dev=08:01 mode=0100644 ouid=0 ogid=0 rdev=00:00 nametype=NORMAL cap_fp=0 cap_fi=0 cap_fe=0 cap_fver=0 cap_frootid=0OUID="root" OGID="root"
type=PROCTITLE msg=audit(1778967104.964:67347): proctitle=707300617578002D2D6E6F2D68656164657273
type=SYSCALL msg=audit(1778967104.964:67348): arch=c000003e syscall=257 success=yes exit=4 a0=ffffff9c a1=7fe6d0313be1 a2=80000 a3=0 items=1 ppid=29802 pid=29805 auid=0 uid=1000 gid=1000 euid=1000 suid=1000 fsuid=1000 egid=1000 sgid=1000 fsgid=1000 tty=(none) ses=1871 comm="ps" exe="/usr/bin/ps" subj=unconfined key="passwd_access"ARCH=x86_64 SYSCALL=openat AUID="root" UID="svc_api" GID="svc_api" EUID="svc_api" SUID="svc_api" FSUID="svc_api" EGID="svc_api" SGID="svc_api" FSGID="svc_api"
type=CWD msg=audit(1778967104.964:67348): cwd="/home/svc_api"
type=PATH msg=audit(1778967104.964:67348): item=0 name="/etc/passwd" inode=134082 dev=08:01 mode=0100644 ouid=0 ogid=0 rdev=00:00 nametype=NORMAL cap_fp=0 cap_fi=0 cap_fe=0 cap_fver=0 cap_frootid=0OUID="root" OGID="root"
type=PROCTITLE msg=audit(1778967104.964:67348): proctitle=707300617578002D2D6E6F2D68656164657273
type=SYSCALL msg=audit(1778967104.976:67349): arch=c000003e syscall=59 success=yes exit=0 a0=559c828b0c70 a1=559c828af190 a2=559c828ac9b0 a3=aa33e56f798226cc items=3 ppid=29802 pid=29813 auid=0 uid=1000 gid=1000 euid=0 suid=0 fsuid=0 egid=1000 sgid=1000 fsgid=1000 tty=(none) ses=1871 comm="find" exe="/usr/bin/find" subj=unconfined key="suid_escalation"ARCH=x86_64 SYSCALL=execve AUID="root" UID="svc_api" GID="svc_api" EUID="root" SUID="root" FSUID="root" EGID="svc_api" SGID="svc_api" FSGID="svc_api"
type=EXECVE msg=audit(1778967104.976:67349): argc=8 a0="find" a1="/home/svc_api" a2="-name" a3="*.log" a4="-newer" a5="/etc/hostname" a6="-maxdepth" a7="2"
type=CWD msg=audit(1778967104.976:67349): cwd="/home/svc_api"
type=PATH msg=audit(1778967104.976:67349): item=0 name="/usr/bin/find" inode=1953 dev=08:01 mode=0104755 ouid=0 ogid=0 rdev=00:00 nametype=NORMAL cap_fp=0 cap_fi=0 cap_fe=0 cap_fver=0 cap_frootid=0OUID="root" OGID="root"
type=PATH msg=audit(1778967104.976:67349): item=1 name="/usr/bin/find" inode=1953 dev=08:01 mode=0104755 ouid=0 ogid=0 rdev=00:00 nametype=NORMAL cap_fp=0 cap_fi=0 cap_fe=0 cap_fver=0 cap_frootid=0OUID="root" OGID="root"
type=PATH msg=audit(1778967104.976:67349): item=2 name="/lib64/ld-linux-x86-64.so.2" inode=40 dev=08:01 mode=0100755 ouid=0 ogid=0 rdev=00:00 nametype=NORMAL cap_fp=0 cap_fi=0 cap_fe=0 cap_fver=0 cap_frootid=0OUID="root" OGID="root"
type=PROCTITLE msg=audit(1778967104.976:67349): proctitle=66696E64002F686F6D652F7376635F617069002D6E616D65002A2E6C6F67002D6E65776572002F6574632F686F73746E616D65002D6D617864657074680032
type=SYSCALL msg=audit(1778967104.976:67350): arch=c000003e syscall=257 success=yes exit=6 a0=5 a1=55641ae0a640 a2=b0900 a3=0 items=1 ppid=29802 pid=29813 auid=0 uid=1000 gid=1000 euid=0 suid=0 fsuid=0 egid=1000 sgid=1000 fsgid=1000 tty=(none) ses=1871 comm="find" exe="/usr/bin/find" subj=unconfined key="ssh_key_access"ARCH=x86_64 SYSCALL=openat AUID="root" UID="svc_api" GID="svc_api" EUID="root" SUID="root" FSUID="root" EGID="svc_api" SGID="svc_api" FSGID="svc_api"
type=CWD msg=audit(1778967104.976:67350): cwd="/home/svc_api"
type=PATH msg=audit(1778967104.976:67350): item=0 name=".ssh" inode=134022 dev=08:01 mode=040700 ouid=1000 ogid=1000 rdev=00:00 nametype=NORMAL cap_fp=0 cap_fi=0 cap_fe=0 cap_fver=0 cap_frootid=0OUID="svc_api" OGID="svc_api"
type=PROCTITLE msg=audit(1778967104.976:67350): proctitle=66696E64002F686F6D652F7376635F617069002D6E616D65002A2E6C6F67002D6E65776572002F6574632F686F73746E616D65002D6D617864657074680032
type=SYSCALL msg=audit(1778967165.684:67480): arch=c000003e syscall=257 success=yes exit=3 a0=ffffff9c a1=7fafbe2fdbe1 a2=80000 a3=0 items=1 ppid=29868 pid=29869 auid=0 uid=1000 gid=1000 euid=1000 suid=1000 fsuid=1000 egid=1000 sgid=1000 fsgid=1000 tty=(none) ses=1874 comm="bash" exe="/usr/bin/bash" subj=unconfined key="passwd_access"ARCH=x86_64 SYSCALL=openat AUID="root" UID="svc_api" GID="svc_api" EUID="svc_api" SUID="svc_api" FSUID="svc_api" EGID="svc_api" SGID="svc_api" FSGID="svc_api"
type=CWD msg=audit(1778967165.684:67480): cwd="/home/svc_api"
type=PATH msg=audit(1778967165.684:67480): item=0 name="/etc/passwd" inode=134082 dev=08:01 mode=0100644 ouid=0 ogid=0 rdev=00:00 nametype=NORMAL cap_fp=0 cap_fi=0 cap_fe=0 cap_fver=0 cap_frootid=0OUID="root" OGID="root"
type=PROCTITLE msg=audit(1778967165.684:67480): proctitle=2D62617368002D63000A2020202020202020636174202F6574632F736861646F7720323E2F6465762F6E756C6C207C2068656164202D33203E202F6465762F6E756C6C207C7C20747275650A20202020202020206C73202D6C61202F726F6F742F2E73736820323E2F6465762F6E756C6C203E202F6465762F6E756C6C207C7C
type=SYSCALL msg=audit(1778967165.684:67481): arch=c000003e syscall=257 success=no exit=-13 a0=ffffff9c a1=7ffcd322ef1a a2=0 a3=0 items=1 ppid=29869 pid=29871 auid=0 uid=1000 gid=1000 euid=1000 suid=1000 fsuid=1000 egid=1000 sgid=1000 fsgid=1000 tty=(none) ses=1874 comm="cat" exe="/usr/bin/cat" subj=unconfined key="shadow_access"ARCH=x86_64 SYSCALL=openat AUID="root" UID="svc_api" GID="svc_api" EUID="svc_api" SUID="svc_api" FSUID="svc_api" EGID="svc_api" SGID="svc_api" FSGID="svc_api"
type=CWD msg=audit(1778967165.684:67481): cwd="/home/svc_api"
type=PATH msg=audit(1778967165.684:67481): item=0 name="/etc/shadow" inode=134065 dev=08:01 mode=0100640 ouid=0 ogid=42 rdev=00:00 nametype=NORMAL cap_fp=0 cap_fi=0 cap_fe=0 cap_fver=0 cap_frootid=0OUID="root" OGID="shadow"
type=PROCTITLE msg=audit(1778967165.684:67481): proctitle=636174002F6574632F736861646F77
type=SYSCALL msg=audit(1778967165.688:67482): arch=c000003e syscall=59 success=yes exit=0 a0=55dcecf314d0 a1=55dcecf30610 a2=55dcecf2f8c0 a3=0 items=3 ppid=29869 pid=29874 auid=0 uid=1000 gid=1000 euid=0 suid=0 fsuid=0 egid=1000 sgid=1000 fsgid=1000 tty=(none) ses=1874 comm="find" exe="/usr/bin/find" subj=unconfined key="suid_escalation"ARCH=x86_64 SYSCALL=execve AUID="root" UID="svc_api" GID="svc_api" EUID="root" SUID="root" FSUID="root" EGID="svc_api" SGID="svc_api" FSGID="svc_api"
type=EXECVE msg=audit(1778967165.688:67482): argc=4 a0="find" a1="/home" a2="-name" a3="id_rsa"
type=CWD msg=audit(1778967165.688:67482): cwd="/home/svc_api"
type=PATH msg=audit(1778967165.688:67482): item=0 name="/usr/bin/find" inode=1953 dev=08:01 mode=0104755 ouid=0 ogid=0 rdev=00:00 nametype=NORMAL cap_fp=0 cap_fi=0 cap_fe=0 cap_fver=0 cap_frootid=0OUID="root" OGID="root"
type=PATH msg=audit(1778967165.688:67482): item=1 name="/usr/bin/find" inode=1953 dev=08:01 mode=0104755 ouid=0 ogid=0 rdev=00:00 nametype=NORMAL cap_fp=0 cap_fi=0 cap_fe=0 cap_fver=0 cap_frootid=0OUID="root" OGID="root"
type=PATH msg=audit(1778967165.688:67482): item=2 name="/lib64/ld-linux-x86-64.so.2" inode=40 dev=08:01 mode=0100755 ouid=0 ogid=0 rdev=00:00 nametype=NORMAL cap_fp=0 cap_fi=0 cap_fe=0 cap_fver=0 cap_frootid=0OUID="root" OGID="root"
type=PROCTITLE msg=audit(1778967165.688:67482): proctitle=66696E64002F686F6D65002D6E616D650069645F727361
type=SYSCALL msg=audit(1778967165.688:67483): arch=c000003e syscall=257 success=yes exit=6 a0=7 a1=55ccef4933e0 a2=b0900 a3=0 items=1 ppid=29869 pid=29874 auid=0 uid=1000 gid=1000 euid=0 suid=0 fsuid=0 egid=1000 sgid=1000 fsgid=1000 tty=(none) ses=1874 comm="find" exe="/usr/bin/find" subj=unconfined key="ssh_key_access"ARCH=x86_64 SYSCALL=openat AUID="root" UID="svc_api" GID="svc_api" EUID="root" SUID="root" FSUID="root" EGID="svc_api" SGID="svc_api" FSGID="svc_api"
type=CWD msg=audit(1778967165.688:67483): cwd="/home/svc_api"
type=PATH msg=audit(1778967165.688:67483): item=0 name=".ssh" inode=134022 dev=08:01 mode=040700 ouid=1000 ogid=1000 rdev=00:00 nametype=NORMAL cap_fp=0 cap_fi=0 cap_fe=0 cap_fver=0 cap_frootid=0OUID="svc_api" OGID="svc_api"
type=PROCTITLE msg=audit(1778967165.688:67483): proctitle=66696E64002F686F6D65002D6E616D650069645F727361
type=SYSCALL msg=audit(1778967226.868:67684): arch=c000003e syscall=257 success=yes exit=3 a0=ffffff9c a1=7fb3d4a72be1 a2=80000 a3=0 items=1 ppid=29949 pid=29950 auid=0 uid=1000 gid=1000 euid=1000 suid=1000 fsuid=1000 egid=1000 sgid=1000 fsgid=1000 tty=(none) ses=1881 comm="bash" exe="/usr/bin/bash" subj=unconfined key="passwd_access"ARCH=x86_64 SYSCALL=openat AUID="root" UID="svc_api" GID="svc_api" EUID="svc_api" SUID="svc_api" FSUID="svc_api" EGID="svc_api" SGID="svc_api" FSGID="svc_api"
type=CWD msg=audit(1778967226.868:67684): cwd="/home/svc_api"
type=PATH msg=audit(1778967226.868:67684): item=0 name="/etc/passwd" inode=134082 dev=08:01 mode=0100644 ouid=0 ogid=0 rdev=00:00 nametype=NORMAL cap_fp=0 cap_fi=0 cap_fe=0 cap_fver=0 cap_frootid=0OUID="root" OGID="root"
type=PROCTITLE msg=audit(1778967226.868:67684): proctitle=2D62617368002D63000A2020202020202020636174202F70726F632F6C6F6164617667203E202F6465762F6E756C6C0A2020202020202020707320617578202D2D6E6F2D68656164657273207C2067726570206E657861636F72702D617069203E202F6465762F6E756C6C20323E2631207C7C20747275650A20202020202020
type=SYSCALL msg=audit(1778967226.876:67685): arch=c000003e syscall=257 success=yes exit=4 a0=ffffff9c a1=7f77c6b89be1 a2=80000 a3=0 items=1 ppid=29950 pid=29953 auid=0 uid=1000 gid=1000 euid=1000 suid=1000 fsuid=1000 egid=1000 sgid=1000 fsgid=1000 tty=(none) ses=1881 comm="ps" exe="/usr/bin/ps" subj=unconfined key="passwd_access"ARCH=x86_64 SYSCALL=openat AUID="root" UID="svc_api" GID="svc_api" EUID="svc_api" SUID="svc_api" FSUID="svc_api" EGID="svc_api" SGID="svc_api" FSGID="svc_api"
type=CWD msg=audit(1778967226.876:67685): cwd="/home/svc_api"
type=PATH msg=audit(1778967226.876:67685): item=0 name="/etc/passwd" inode=134082 dev=08:01 mode=0100644 ouid=0 ogid=0 rdev=00:00 nametype=NORMAL cap_fp=0 cap_fi=0 cap_fe=0 cap_fver=0 cap_frootid=0OUID="root" OGID="root"
type=PROCTITLE msg=audit(1778967226.876:67685): proctitle=707300617578002D2D6E6F2D68656164657273
type=SYSCALL msg=audit(1778967226.880:67686): arch=c000003e syscall=257 success=yes exit=4 a0=ffffff9c a1=7f77c6b89be1 a2=80000 a3=0 items=1 ppid=29950 pid=29953 auid=0 uid=1000 gid=1000 euid=1000 suid=1000 fsuid=1000 egid=1000 sgid=1000 fsgid=1000 tty=(none) ses=1881 comm="ps" exe="/usr/bin/ps" subj=unconfined key="passwd_access"ARCH=x86_64 SYSCALL=openat AUID="root" UID="svc_api" GID="svc_api" EUID="svc_api" SUID="svc_api" FSUID="svc_api" EGID="svc_api" SGID="svc_api" FSGID="svc_api"
type=CWD msg=audit(1778967226.880:67686): cwd="/home/svc_api"
type=PATH msg=audit(1778967226.880:67686): item=0 name="/etc/passwd" inode=134082 dev=08:01 mode=0100644 ouid=0 ogid=0 rdev=00:00 nametype=NORMAL cap_fp=0 cap_fi=0 cap_fe=0 cap_fver=0 cap_frootid=0OUID="root" OGID="root"
type=PROCTITLE msg=audit(1778967226.880:67686): proctitle=707300617578002D2D6E6F2D68656164657273
type=SYSCALL msg=audit(1778967226.880:67687): arch=c000003e syscall=257 success=yes exit=4 a0=ffffff9c a1=7f77c6b89be1 a2=80000 a3=0 items=1 ppid=29950 pid=29953 auid=0 uid=1000 gid=1000 euid=1000 suid=1000 fsuid=1000 egid=1000 sgid=1000 fsgid=1000 tty=(none) ses=1881 comm="ps" exe="/usr/bin/ps" subj=unconfined key="passwd_access"ARCH=x86_64 SYSCALL=openat AUID="root" UID="svc_api" GID="svc_api" EUID="svc_api" SUID="svc_api" FSUID="svc_api" EGID="svc_api" SGID="svc_api" FSGID="svc_api"
type=CWD msg=audit(1778967226.880:67687): cwd="/home/svc_api"
type=PATH msg=audit(1778967226.880:67687): item=0 name="/etc/passwd" inode=134082 dev=08:01 mode=0100644 ouid=0 ogid=0 rdev=00:00 nametype=NORMAL cap_fp=0 cap_fi=0 cap_fe=0 cap_fver=0 cap_frootid=0OUID="root" OGID="root"
type=PROCTITLE msg=audit(1778967226.880:67687): proctitle=707300617578002D2D6E6F2D68656164657273
type=SYSCALL msg=audit(1778967226.880:67688): arch=c000003e syscall=257 success=yes exit=4 a0=ffffff9c a1=7f77c6b89be1 a2=80000 a3=0 items=1 ppid=29950 pid=29953 auid=0 uid=1000 gid=1000 euid=1000 suid=1000 fsuid=1000 egid=1000 sgid=1000 fsgid=1000 tty=(none) ses=1881 comm="ps" exe="/usr/bin/ps" subj=unconfined key="passwd_access"ARCH=x86_64 SYSCALL=openat AUID="root" UID="svc_api" GID="svc_api" EUID="svc_api" SUID="svc_api" FSUID="svc_api" EGID="svc_api" SGID="svc_api" FSGID="svc_api"
type=CWD msg=audit(1778967226.880:67688): cwd="/home/svc_api"
type=PATH msg=audit(1778967226.880:67688): item=0 name="/etc/passwd" inode=134082 dev=08:01 mode=0100644 ouid=0 ogid=0 rdev=00:00 nametype=NORMAL cap_fp=0 cap_fi=0 cap_fe=0 cap_fver=0 cap_frootid=0OUID="root" OGID="root"
type=PROCTITLE msg=audit(1778967226.880:67688): proctitle=707300617578002D2D6E6F2D68656164657273
type=SYSCALL msg=audit(1778967226.888:67689): arch=c000003e syscall=59 success=yes exit=0 a0=55b34b53cc70 a1=55b34b53b190 a2=55b34b5389b0 a3=e3e3073c7bb7cfe8 items=3 ppid=29950 pid=29961 auid=0 uid=1000 gid=1000 euid=0 suid=0 fsuid=0 egid=1000 sgid=1000 fsgid=1000 tty=(none) ses=1881 comm="find" exe="/usr/bin/find" subj=unconfined key="suid_escalation"ARCH=x86_64 SYSCALL=execve AUID="root" UID="svc_api" GID="svc_api" EUID="root" SUID="root" FSUID="root" EGID="svc_api" SGID="svc_api" FSGID="svc_api"
type=EXECVE msg=audit(1778967226.888:67689): argc=8 a0="find" a1="/home/svc_api" a2="-name" a3="*.log" a4="-newer" a5="/etc/hostname" a6="-maxdepth" a7="2"
type=CWD msg=audit(1778967226.888:67689): cwd="/home/svc_api"
type=PATH msg=audit(1778967226.888:67689): item=0 name="/usr/bin/find" inode=1953 dev=08:01 mode=0104755 ouid=0 ogid=0 rdev=00:00 nametype=NORMAL cap_fp=0 cap_fi=0 cap_fe=0 cap_fver=0 cap_frootid=0OUID="root" OGID="root"
type=PATH msg=audit(1778967226.888:67689): item=1 name="/usr/bin/find" inode=1953 dev=08:01 mode=0104755 ouid=0 ogid=0 rdev=00:00 nametype=NORMAL cap_fp=0 cap_fi=0 cap_fe=0 cap_fver=0 cap_frootid=0OUID="root" OGID="root"
type=PATH msg=audit(1778967226.888:67689): item=2 name="/lib64/ld-linux-x86-64.so.2" inode=40 dev=08:01 mode=0100755 ouid=0 ogid=0 rdev=00:00 nametype=NORMAL cap_fp=0 cap_fi=0 cap_fe=0 cap_fver=0 cap_frootid=0OUID="root" OGID="root"
type=PROCTITLE msg=audit(1778967226.888:67689): proctitle=66696E64002F686F6D652F7376635F617069002D6E616D65002A2E6C6F67002D6E65776572002F6574632F686F73746E616D65002D6D617864657074680032
type=SYSCALL msg=audit(1778967226.892:67690): arch=c000003e syscall=257 success=yes exit=6 a0=5 a1=55a001410640 a2=b0900 a3=0 items=1 ppid=29950 pid=29961 auid=0 uid=1000 gid=1000 euid=0 suid=0 fsuid=0 egid=1000 sgid=1000 fsgid=1000 tty=(none) ses=1881 comm="find" exe="/usr/bin/find" subj=unconfined key="ssh_key_access"ARCH=x86_64 SYSCALL=openat AUID="root" UID="svc_api" GID="svc_api" EUID="root" SUID="root" FSUID="root" EGID="svc_api" SGID="svc_api" FSGID="svc_api"
type=CWD msg=audit(1778967226.892:67690): cwd="/home/svc_api"
type=PATH msg=audit(1778967226.892:67690): item=0 name=".ssh" inode=134022 dev=08:01 mode=040700 ouid=1000 ogid=1000 rdev=00:00 nametype=NORMAL cap_fp=0 cap_fi=0 cap_fe=0 cap_fver=0 cap_frootid=0OUID="svc_api" OGID="svc_api"
type=PROCTITLE msg=audit(1778967226.892:67690): proctitle=66696E64002F686F6D652F7376635F617069002D6E616D65002A2E6C6F67002D6E65776572002F6574632F686F73746E616D65002D6D617864657074680032
type=SYSCALL msg=audit(1778967287.596:67820): arch=c000003e syscall=257 success=yes exit=3 a0=ffffff9c a1=7f5199ea2be1 a2=80000 a3=0 items=1 ppid=30016 pid=30017 auid=0 uid=1000 gid=1000 euid=1000 suid=1000 fsuid=1000 egid=1000 sgid=1000 fsgid=1000 tty=(none) ses=1884 comm="bash" exe="/usr/bin/bash" subj=unconfined key="passwd_access"ARCH=x86_64 SYSCALL=openat AUID="root" UID="svc_api" GID="svc_api" EUID="svc_api" SUID="svc_api" FSUID="svc_api" EGID="svc_api" SGID="svc_api" FSGID="svc_api"
type=CWD msg=audit(1778967287.596:67820): cwd="/home/svc_api"
type=PATH msg=audit(1778967287.596:67820): item=0 name="/etc/passwd" inode=134082 dev=08:01 mode=0100644 ouid=0 ogid=0 rdev=00:00 nametype=NORMAL cap_fp=0 cap_fi=0 cap_fe=0 cap_fver=0 cap_frootid=0OUID="root" OGID="root"
type=PROCTITLE msg=audit(1778967287.596:67820): proctitle=2D62617368002D63000A2020202020202020636174202F6574632F736861646F7720323E2F6465762F6E756C6C207C2068656164202D33203E202F6465762F6E756C6C207C7C20747275650A20202020202020206C73202D6C61202F726F6F742F2E73736820323E2F6465762F6E756C6C203E202F6465762F6E756C6C207C7C
type=SYSCALL msg=audit(1778967287.600:67821): arch=c000003e syscall=257 success=no exit=-13 a0=ffffff9c a1=7ffc13fb3f1a a2=0 a3=0 items=1 ppid=30017 pid=30019 auid=0 uid=1000 gid=1000 euid=1000 suid=1000 fsuid=1000 egid=1000 sgid=1000 fsgid=1000 tty=(none) ses=1884 comm="cat" exe="/usr/bin/cat" subj=unconfined key="shadow_access"ARCH=x86_64 SYSCALL=openat AUID="root" UID="svc_api" GID="svc_api" EUID="svc_api" SUID="svc_api" FSUID="svc_api" EGID="svc_api" SGID="svc_api" FSGID="svc_api"
type=CWD msg=audit(1778967287.600:67821): cwd="/home/svc_api"
type=PATH msg=audit(1778967287.600:67821): item=0 name="/etc/shadow" inode=134065 dev=08:01 mode=0100640 ouid=0 ogid=42 rdev=00:00 nametype=NORMAL cap_fp=0 cap_fi=0 cap_fe=0 cap_fver=0 cap_frootid=0OUID="root" OGID="shadow"
type=PROCTITLE msg=audit(1778967287.600:67821): proctitle=636174002F6574632F736861646F77
type=SYSCALL msg=audit(1778967287.600:67822): arch=c000003e syscall=59 success=yes exit=0 a0=555905d3e4d0 a1=555905d3d610 a2=555905d3c8c0 a3=0 items=3 ppid=30017 pid=30022 auid=0 uid=1000 gid=1000 euid=0 suid=0 fsuid=0 egid=1000 sgid=1000 fsgid=1000 tty=(none) ses=1884 comm="find" exe="/usr/bin/find" subj=unconfined key="suid_escalation"ARCH=x86_64 SYSCALL=execve AUID="root" UID="svc_api" GID="svc_api" EUID="root" SUID="root" FSUID="root" EGID="svc_api" SGID="svc_api" FSGID="svc_api"
type=EXECVE msg=audit(1778967287.600:67822): argc=4 a0="find" a1="/home" a2="-name" a3="id_rsa"
type=CWD msg=audit(1778967287.600:67822): cwd="/home/svc_api"
type=PATH msg=audit(1778967287.600:67822): item=0 name="/usr/bin/find" inode=1953 dev=08:01 mode=0104755 ouid=0 ogid=0 rdev=00:00 nametype=NORMAL cap_fp=0 cap_fi=0 cap_fe=0 cap_fver=0 cap_frootid=0OUID="root" OGID="root"
type=PATH msg=audit(1778967287.600:67822): item=1 name="/usr/bin/find" inode=1953 dev=08:01 mode=0104755 ouid=0 ogid=0 rdev=00:00 nametype=NORMAL cap_fp=0 cap_fi=0 cap_fe=0 cap_fver=0 cap_frootid=0OUID="root" OGID="root"
type=PATH msg=audit(1778967287.600:67822): item=2 name="/lib64/ld-linux-x86-64.so.2" inode=40 dev=08:01 mode=0100755 ouid=0 ogid=0 rdev=00:00 nametype=NORMAL cap_fp=0 cap_fi=0 cap_fe=0 cap_fver=0 cap_frootid=0OUID="root" OGID="root"
type=PROCTITLE msg=audit(1778967287.600:67822): proctitle=66696E64002F686F6D65002D6E616D650069645F727361
type=SYSCALL msg=audit(1778967287.600:67823): arch=c000003e syscall=257 success=yes exit=6 a0=7 a1=562ef4e2e3e0 a2=b0900 a3=0 items=1 ppid=30017 pid=30022 auid=0 uid=1000 gid=1000 euid=0 suid=0 fsuid=0 egid=1000 sgid=1000 fsgid=1000 tty=(none) ses=1884 comm="find" exe="/usr/bin/find" subj=unconfined key="ssh_key_access"ARCH=x86_64 SYSCALL=openat AUID="root" UID="svc_api" GID="svc_api" EUID="root" SUID="root" FSUID="root" EGID="svc_api" SGID="svc_api" FSGID="svc_api"
type=CWD msg=audit(1778967287.600:67823): cwd="/home/svc_api"
type=PATH msg=audit(1778967287.600:67823): item=0 name=".ssh" inode=134022 dev=08:01 mode=040700 ouid=1000 ogid=1000 rdev=00:00 nametype=NORMAL cap_fp=0 cap_fi=0 cap_fe=0 cap_fver=0 cap_frootid=0OUID="svc_api" OGID="svc_api"
type=PROCTITLE msg=audit(1778967287.600:67823): proctitle=66696E64002F686F6D65002D6E616D650069645F727361
type=SYSCALL msg=audit(1778967348.812:68022): arch=c000003e syscall=257 success=yes exit=3 a0=ffffff9c a1=7fd601398be1 a2=80000 a3=0 items=1 ppid=30098 pid=30099 auid=0 uid=1000 gid=1000 euid=1000 suid=1000 fsuid=1000 egid=1000 sgid=1000 fsgid=1000 tty=(none) ses=1891 comm="bash" exe="/usr/bin/bash" subj=unconfined key="passwd_access"ARCH=x86_64 SYSCALL=openat AUID="root" UID="svc_api" GID="svc_api" EUID="svc_api" SUID="svc_api" FSUID="svc_api" EGID="svc_api" SGID="svc_api" FSGID="svc_api"
type=CWD msg=audit(1778967348.812:68022): cwd="/home/svc_api"
type=PATH msg=audit(1778967348.812:68022): item=0 name="/etc/passwd" inode=134082 dev=08:01 mode=0100644 ouid=0 ogid=0 rdev=00:00 nametype=NORMAL cap_fp=0 cap_fi=0 cap_fe=0 cap_fver=0 cap_frootid=0OUID="root" OGID="root"
type=PROCTITLE msg=audit(1778967348.812:68022): proctitle=2D62617368002D63000A2020202020202020636174202F70726F632F6C6F6164617667203E202F6465762F6E756C6C0A2020202020202020707320617578202D2D6E6F2D68656164657273207C2067726570206E657861636F72702D617069203E202F6465762F6E756C6C20323E2631207C7C20747275650A20202020202020
type=SYSCALL msg=audit(1778967348.820:68023): arch=c000003e syscall=257 success=yes exit=4 a0=ffffff9c a1=7f4cdafdebe1 a2=80000 a3=0 items=1 ppid=30099 pid=30102 auid=0 uid=1000 gid=1000 euid=1000 suid=1000 fsuid=1000 egid=1000 sgid=1000 fsgid=1000 tty=(none) ses=1891 comm="ps" exe="/usr/bin/ps" subj=unconfined key="passwd_access"ARCH=x86_64 SYSCALL=openat AUID="root" UID="svc_api" GID="svc_api" EUID="svc_api" SUID="svc_api" FSUID="svc_api" EGID="svc_api" SGID="svc_api" FSGID="svc_api"
type=CWD msg=audit(1778967348.820:68023): cwd="/home/svc_api"
type=PATH msg=audit(1778967348.820:68023): item=0 name="/etc/passwd" inode=134082 dev=08:01 mode=0100644 ouid=0 ogid=0 rdev=00:00 nametype=NORMAL cap_fp=0 cap_fi=0 cap_fe=0 cap_fver=0 cap_frootid=0OUID="root" OGID="root"
type=PROCTITLE msg=audit(1778967348.820:68023): proctitle=707300617578002D2D6E6F2D68656164657273
type=SYSCALL msg=audit(1778967348.820:68024): arch=c000003e syscall=257 success=yes exit=4 a0=ffffff9c a1=7f4cdafdebe1 a2=80000 a3=0 items=1 ppid=30099 pid=30102 auid=0 uid=1000 gid=1000 euid=1000 suid=1000 fsuid=1000 egid=1000 sgid=1000 fsgid=1000 tty=(none) ses=1891 comm="ps" exe="/usr/bin/ps" subj=unconfined key="passwd_access"ARCH=x86_64 SYSCALL=openat AUID="root" UID="svc_api" GID="svc_api" EUID="svc_api" SUID="svc_api" FSUID="svc_api" EGID="svc_api" SGID="svc_api" FSGID="svc_api"
type=CWD msg=audit(1778967348.820:68024): cwd="/home/svc_api"
type=PATH msg=audit(1778967348.820:68024): item=0 name="/etc/passwd" inode=134082 dev=08:01 mode=0100644 ouid=0 ogid=0 rdev=00:00 nametype=NORMAL cap_fp=0 cap_fi=0 cap_fe=0 cap_fver=0 cap_frootid=0OUID="root" OGID="root"
type=PROCTITLE msg=audit(1778967348.820:68024): proctitle=707300617578002D2D6E6F2D68656164657273
type=SYSCALL msg=audit(1778967348.820:68025): arch=c000003e syscall=257 success=yes exit=4 a0=ffffff9c a1=7f4cdafdebe1 a2=80000 a3=0 items=1 ppid=30099 pid=30102 auid=0 uid=1000 gid=1000 euid=1000 suid=1000 fsuid=1000 egid=1000 sgid=1000 fsgid=1000 tty=(none) ses=1891 comm="ps" exe="/usr/bin/ps" subj=unconfined key="passwd_access"ARCH=x86_64 SYSCALL=openat AUID="root" UID="svc_api" GID="svc_api" EUID="svc_api" SUID="svc_api" FSUID="svc_api" EGID="svc_api" SGID="svc_api" FSGID="svc_api"
type=CWD msg=audit(1778967348.820:68025): cwd="/home/svc_api"
type=PATH msg=audit(1778967348.820:68025): item=0 name="/etc/passwd" inode=134082 dev=08:01 mode=0100644 ouid=0 ogid=0 rdev=00:00 nametype=NORMAL cap_fp=0 cap_fi=0 cap_fe=0 cap_fver=0 cap_frootid=0OUID="root" OGID="root"
type=PROCTITLE msg=audit(1778967348.820:68025): proctitle=707300617578002D2D6E6F2D68656164657273
type=SYSCALL msg=audit(1778967348.820:68026): arch=c000003e syscall=257 success=yes exit=4 a0=ffffff9c a1=7f4cdafdebe1 a2=80000 a3=0 items=1 ppid=30099 pid=30102 auid=0 uid=1000 gid=1000 euid=1000 suid=1000 fsuid=1000 egid=1000 sgid=1000 fsgid=1000 tty=(none) ses=1891 comm="ps" exe="/usr/bin/ps" subj=unconfined key="passwd_access"ARCH=x86_64 SYSCALL=openat AUID="root" UID="svc_api" GID="svc_api" EUID="svc_api" SUID="svc_api" FSUID="svc_api" EGID="svc_api" SGID="svc_api" FSGID="svc_api"
type=CWD msg=audit(1778967348.820:68026): cwd="/home/svc_api"
type=PATH msg=audit(1778967348.820:68026): item=0 name="/etc/passwd" inode=134082 dev=08:01 mode=0100644 ouid=0 ogid=0 rdev=00:00 nametype=NORMAL cap_fp=0 cap_fi=0 cap_fe=0 cap_fver=0 cap_frootid=0OUID="root" OGID="root"
type=PROCTITLE msg=audit(1778967348.820:68026): proctitle=707300617578002D2D6E6F2D68656164657273
type=SYSCALL msg=audit(1778967348.832:68027): arch=c000003e syscall=59 success=yes exit=0 a0=55669112fc70 a1=55669112e190 a2=55669112b9b0 a3=f61c0c6154c87ecc items=3 ppid=30099 pid=30110 auid=0 uid=1000 gid=1000 euid=0 suid=0 fsuid=0 egid=1000 sgid=1000 fsgid=1000 tty=(none) ses=1891 comm="find" exe="/usr/bin/find" subj=unconfined key="suid_escalation"ARCH=x86_64 SYSCALL=execve AUID="root" UID="svc_api" GID="svc_api" EUID="root" SUID="root" FSUID="root" EGID="svc_api" SGID="svc_api" FSGID="svc_api"
type=EXECVE msg=audit(1778967348.832:68027): argc=8 a0="find" a1="/home/svc_api" a2="-name" a3="*.log" a4="-newer" a5="/etc/hostname" a6="-maxdepth" a7="2"
type=CWD msg=audit(1778967348.832:68027): cwd="/home/svc_api"
type=PATH msg=audit(1778967348.832:68027): item=0 name="/usr/bin/find" inode=1953 dev=08:01 mode=0104755 ouid=0 ogid=0 rdev=00:00 nametype=NORMAL cap_fp=0 cap_fi=0 cap_fe=0 cap_fver=0 cap_frootid=0OUID="root" OGID="root"
type=PATH msg=audit(1778967348.832:68027): item=1 name="/usr/bin/find" inode=1953 dev=08:01 mode=0104755 ouid=0 ogid=0 rdev=00:00 nametype=NORMAL cap_fp=0 cap_fi=0 cap_fe=0 cap_fver=0 cap_frootid=0OUID="root" OGID="root"
type=PATH msg=audit(1778967348.832:68027): item=2 name="/lib64/ld-linux-x86-64.so.2" inode=40 dev=08:01 mode=0100755 ouid=0 ogid=0 rdev=00:00 nametype=NORMAL cap_fp=0 cap_fi=0 cap_fe=0 cap_fver=0 cap_frootid=0OUID="root" OGID="root"
type=PROCTITLE msg=audit(1778967348.832:68027): proctitle=66696E64002F686F6D652F7376635F617069002D6E616D65002A2E6C6F67002D6E65776572002F6574632F686F73746E616D65002D6D617864657074680032
type=SYSCALL msg=audit(1778967348.832:68028): arch=c000003e syscall=257 success=yes exit=6 a0=5 a1=55ae814c0640 a2=b0900 a3=0 items=1 ppid=30099 pid=30110 auid=0 uid=1000 gid=1000 euid=0 suid=0 fsuid=0 egid=1000 sgid=1000 fsgid=1000 tty=(none) ses=1891 comm="find" exe="/usr/bin/find" subj=unconfined key="ssh_key_access"ARCH=x86_64 SYSCALL=openat AUID="root" UID="svc_api" GID="svc_api" EUID="root" SUID="root" FSUID="root" EGID="svc_api" SGID="svc_api" FSGID="svc_api"
type=CWD msg=audit(1778967348.832:68028): cwd="/home/svc_api"
type=PATH msg=audit(1778967348.832:68028): item=0 name=".ssh" inode=134022 dev=08:01 mode=040700 ouid=1000 ogid=1000 rdev=00:00 nametype=NORMAL cap_fp=0 cap_fi=0 cap_fe=0 cap_fver=0 cap_frootid=0OUID="svc_api" OGID="svc_api"
type=PROCTITLE msg=audit(1778967348.832:68028): proctitle=66696E64002F686F6D652F7376635F617069002D6E616D65002A2E6C6F67002D6E65776572002F6574632F686F73746E616D65002D6D617864657074680032
type=SYSCALL msg=audit(1778967409.528:68156): arch=c000003e syscall=257 success=yes exit=3 a0=ffffff9c a1=7fb015a11be1 a2=80000 a3=0 items=1 ppid=30166 pid=30167 auid=0 uid=1000 gid=1000 euid=1000 suid=1000 fsuid=1000 egid=1000 sgid=1000 fsgid=1000 tty=(none) ses=1894 comm="bash" exe="/usr/bin/bash" subj=unconfined key="passwd_access"ARCH=x86_64 SYSCALL=openat AUID="root" UID="svc_api" GID="svc_api" EUID="svc_api" SUID="svc_api" FSUID="svc_api" EGID="svc_api" SGID="svc_api" FSGID="svc_api"
type=CWD msg=audit(1778967409.528:68156): cwd="/home/svc_api"
type=PATH msg=audit(1778967409.528:68156): item=0 name="/etc/passwd" inode=134082 dev=08:01 mode=0100644 ouid=0 ogid=0 rdev=00:00 nametype=NORMAL cap_fp=0 cap_fi=0 cap_fe=0 cap_fver=0 cap_frootid=0OUID="root" OGID="root"
type=PROCTITLE msg=audit(1778967409.528:68156): proctitle=2D62617368002D63000A2020202020202020636174202F6574632F736861646F7720323E2F6465762F6E756C6C207C2068656164202D33203E202F6465762F6E756C6C207C7C20747275650A20202020202020206C73202D6C61202F726F6F742F2E73736820323E2F6465762F6E756C6C203E202F6465762F6E756C6C207C7C
type=SYSCALL msg=audit(1778967409.528:68157): arch=c000003e syscall=257 success=no exit=-13 a0=ffffff9c a1=7ffc7d750f1a a2=0 a3=0 items=1 ppid=30167 pid=30169 auid=0 uid=1000 gid=1000 euid=1000 suid=1000 fsuid=1000 egid=1000 sgid=1000 fsgid=1000 tty=(none) ses=1894 comm="cat" exe="/usr/bin/cat" subj=unconfined key="shadow_access"ARCH=x86_64 SYSCALL=openat AUID="root" UID="svc_api" GID="svc_api" EUID="svc_api" SUID="svc_api" FSUID="svc_api" EGID="svc_api" SGID="svc_api" FSGID="svc_api"
type=CWD msg=audit(1778967409.528:68157): cwd="/home/svc_api"
type=PATH msg=audit(1778967409.528:68157): item=0 name="/etc/shadow" inode=134065 dev=08:01 mode=0100640 ouid=0 ogid=42 rdev=00:00 nametype=NORMAL cap_fp=0 cap_fi=0 cap_fe=0 cap_fver=0 cap_frootid=0OUID="root" OGID="shadow"
type=PROCTITLE msg=audit(1778967409.528:68157): proctitle=636174002F6574632F736861646F77
type=SYSCALL msg=audit(1778967409.532:68158): arch=c000003e syscall=59 success=yes exit=0 a0=55d63bac44d0 a1=55d63bac3610 a2=55d63bac28c0 a3=0 items=3 ppid=30167 pid=30172 auid=0 uid=1000 gid=1000 euid=0 suid=0 fsuid=0 egid=1000 sgid=1000 fsgid=1000 tty=(none) ses=1894 comm="find" exe="/usr/bin/find" subj=unconfined key="suid_escalation"ARCH=x86_64 SYSCALL=execve AUID="root" UID="svc_api" GID="svc_api" EUID="root" SUID="root" FSUID="root" EGID="svc_api" SGID="svc_api" FSGID="svc_api"
type=EXECVE msg=audit(1778967409.532:68158): argc=4 a0="find" a1="/home" a2="-name" a3="id_rsa"
type=CWD msg=audit(1778967409.532:68158): cwd="/home/svc_api"
type=PATH msg=audit(1778967409.532:68158): item=0 name="/usr/bin/find" inode=1953 dev=08:01 mode=0104755 ouid=0 ogid=0 rdev=00:00 nametype=NORMAL cap_fp=0 cap_fi=0 cap_fe=0 cap_fver=0 cap_frootid=0OUID="root" OGID="root"
type=PATH msg=audit(1778967409.532:68158): item=1 name="/usr/bin/find" inode=1953 dev=08:01 mode=0104755 ouid=0 ogid=0 rdev=00:00 nametype=NORMAL cap_fp=0 cap_fi=0 cap_fe=0 cap_fver=0 cap_frootid=0OUID="root" OGID="root"
type=PATH msg=audit(1778967409.532:68158): item=2 name="/lib64/ld-linux-x86-64.so.2" inode=40 dev=08:01 mode=0100755 ouid=0 ogid=0 rdev=00:00 nametype=NORMAL cap_fp=0 cap_fi=0 cap_fe=0 cap_fver=0 cap_frootid=0OUID="root" OGID="root"
type=PROCTITLE msg=audit(1778967409.532:68158): proctitle=66696E64002F686F6D65002D6E616D650069645F727361
type=SYSCALL msg=audit(1778967409.532:68159): arch=c000003e syscall=257 success=yes exit=6 a0=7 a1=55664f0ac3e0 a2=b0900 a3=0 items=1 ppid=30167 pid=30172 auid=0 uid=1000 gid=1000 euid=0 suid=0 fsuid=0 egid=1000 sgid=1000 fsgid=1000 tty=(none) ses=1894 comm="find" exe="/usr/bin/find" subj=unconfined key="ssh_key_access"ARCH=x86_64 SYSCALL=openat AUID="root" UID="svc_api" GID="svc_api" EUID="root" SUID="root" FSUID="root" EGID="svc_api" SGID="svc_api" FSGID="svc_api"
type=CWD msg=audit(1778967409.532:68159): cwd="/home/svc_api"
type=PATH msg=audit(1778967409.532:68159): item=0 name=".ssh" inode=134022 dev=08:01 mode=040700 ouid=1000 ogid=1000 rdev=00:00 nametype=NORMAL cap_fp=0 cap_fi=0 cap_fe=0 cap_fver=0 cap_frootid=0OUID="svc_api" OGID="svc_api"
type=PROCTITLE msg=audit(1778967409.532:68159): proctitle=66696E64002F686F6D65002D6E616D650069645F727361
type=SYSCALL msg=audit(1778967470.724:68360): arch=c000003e syscall=257 success=yes exit=3 a0=ffffff9c a1=7f0139e79be1 a2=80000 a3=0 items=1 ppid=30256 pid=30257 auid=0 uid=1000 gid=1000 euid=1000 suid=1000 fsuid=1000 egid=1000 sgid=1000 fsgid=1000 tty=(none) ses=1901 comm="bash" exe="/usr/bin/bash" subj=unconfined key="passwd_access"ARCH=x86_64 SYSCALL=openat AUID="root" UID="svc_api" GID="svc_api" EUID="svc_api" SUID="svc_api" FSUID="svc_api" EGID="svc_api" SGID="svc_api" FSGID="svc_api"
type=CWD msg=audit(1778967470.724:68360): cwd="/home/svc_api"
type=PATH msg=audit(1778967470.724:68360): item=0 name="/etc/passwd" inode=134082 dev=08:01 mode=0100644 ouid=0 ogid=0 rdev=00:00 nametype=NORMAL cap_fp=0 cap_fi=0 cap_fe=0 cap_fver=0 cap_frootid=0OUID="root" OGID="root"
type=PROCTITLE msg=audit(1778967470.724:68360): proctitle=2D62617368002D63000A2020202020202020636174202F70726F632F6C6F6164617667203E202F6465762F6E756C6C0A2020202020202020707320617578202D2D6E6F2D68656164657273207C2067726570206E657861636F72702D617069203E202F6465762F6E756C6C20323E2631207C7C20747275650A20202020202020
type=SYSCALL msg=audit(1778967470.736:68361): arch=c000003e syscall=257 success=yes exit=4 a0=ffffff9c a1=7f15fe3f1be1 a2=80000 a3=0 items=1 ppid=30257 pid=30260 auid=0 uid=1000 gid=1000 euid=1000 suid=1000 fsuid=1000 egid=1000 sgid=1000 fsgid=1000 tty=(none) ses=1901 comm="ps" exe="/usr/bin/ps" subj=unconfined key="passwd_access"ARCH=x86_64 SYSCALL=openat AUID="root" UID="svc_api" GID="svc_api" EUID="svc_api" SUID="svc_api" FSUID="svc_api" EGID="svc_api" SGID="svc_api" FSGID="svc_api"
type=CWD msg=audit(1778967470.736:68361): cwd="/home/svc_api"
type=PATH msg=audit(1778967470.736:68361): item=0 name="/etc/passwd" inode=134082 dev=08:01 mode=0100644 ouid=0 ogid=0 rdev=00:00 nametype=NORMAL cap_fp=0 cap_fi=0 cap_fe=0 cap_fver=0 cap_frootid=0OUID="root" OGID="root"
type=PROCTITLE msg=audit(1778967470.736:68361): proctitle=707300617578002D2D6E6F2D68656164657273
type=SYSCALL msg=audit(1778967470.736:68362): arch=c000003e syscall=257 success=yes exit=4 a0=ffffff9c a1=7f15fe3f1be1 a2=80000 a3=0 items=1 ppid=30257 pid=30260 auid=0 uid=1000 gid=1000 euid=1000 suid=1000 fsuid=1000 egid=1000 sgid=1000 fsgid=1000 tty=(none) ses=1901 comm="ps" exe="/usr/bin/ps" subj=unconfined key="passwd_access"ARCH=x86_64 SYSCALL=openat AUID="root" UID="svc_api" GID="svc_api" EUID="svc_api" SUID="svc_api" FSUID="svc_api" EGID="svc_api" SGID="svc_api" FSGID="svc_api"
type=CWD msg=audit(1778967470.736:68362): cwd="/home/svc_api"
type=PATH msg=audit(1778967470.736:68362): item=0 name="/etc/passwd" inode=134082 dev=08:01 mode=0100644 ouid=0 ogid=0 rdev=00:00 nametype=NORMAL cap_fp=0 cap_fi=0 cap_fe=0 cap_fver=0 cap_frootid=0OUID="root" OGID="root"
type=PROCTITLE msg=audit(1778967470.736:68362): proctitle=707300617578002D2D6E6F2D68656164657273
type=SYSCALL msg=audit(1778967470.736:68363): arch=c000003e syscall=257 success=yes exit=4 a0=ffffff9c a1=7f15fe3f1be1 a2=80000 a3=0 items=1 ppid=30257 pid=30260 auid=0 uid=1000 gid=1000 euid=1000 suid=1000 fsuid=1000 egid=1000 sgid=1000 fsgid=1000 tty=(none) ses=1901 comm="ps" exe="/usr/bin/ps" subj=unconfined key="passwd_access"ARCH=x86_64 SYSCALL=openat AUID="root" UID="svc_api" GID="svc_api" EUID="svc_api" SUID="svc_api" FSUID="svc_api" EGID="svc_api" SGID="svc_api" FSGID="svc_api"
type=CWD msg=audit(1778967470.736:68363): cwd="/home/svc_api"
type=PATH msg=audit(1778967470.736:68363): item=0 name="/etc/passwd" inode=134082 dev=08:01 mode=0100644 ouid=0 ogid=0 rdev=00:00 nametype=NORMAL cap_fp=0 cap_fi=0 cap_fe=0 cap_fver=0 cap_frootid=0OUID="root" OGID="root"
type=PROCTITLE msg=audit(1778967470.736:68363): proctitle=707300617578002D2D6E6F2D68656164657273
type=SYSCALL msg=audit(1778967470.740:68364): arch=c000003e syscall=257 success=yes exit=4 a0=ffffff9c a1=7f15fe3f1be1 a2=80000 a3=0 items=1 ppid=30257 pid=30260 auid=0 uid=1000 gid=1000 euid=1000 suid=1000 fsuid=1000 egid=1000 sgid=1000 fsgid=1000 tty=(none) ses=1901 comm="ps" exe="/usr/bin/ps" subj=unconfined key="passwd_access"ARCH=x86_64 SYSCALL=openat AUID="root" UID="svc_api" GID="svc_api" EUID="svc_api" SUID="svc_api" FSUID="svc_api" EGID="svc_api" SGID="svc_api" FSGID="svc_api"
type=CWD msg=audit(1778967470.740:68364): cwd="/home/svc_api"
type=PATH msg=audit(1778967470.740:68364): item=0 name="/etc/passwd" inode=134082 dev=08:01 mode=0100644 ouid=0 ogid=0 rdev=00:00 nametype=NORMAL cap_fp=0 cap_fi=0 cap_fe=0 cap_fver=0 cap_frootid=0OUID="root" OGID="root"
type=PROCTITLE msg=audit(1778967470.740:68364): proctitle=707300617578002D2D6E6F2D68656164657273
type=SYSCALL msg=audit(1778967470.752:68365): arch=c000003e syscall=59 success=yes exit=0 a0=556a6f989c70 a1=556a6f988190 a2=556a6f9859b0 a3=4056c10ea8b036b9 items=3 ppid=30257 pid=30268 auid=0 uid=1000 gid=1000 euid=0 suid=0 fsuid=0 egid=1000 sgid=1000 fsgid=1000 tty=(none) ses=1901 comm="find" exe="/usr/bin/find" subj=unconfined key="suid_escalation"ARCH=x86_64 SYSCALL=execve AUID="root" UID="svc_api" GID="svc_api" EUID="root" SUID="root" FSUID="root" EGID="svc_api" SGID="svc_api" FSGID="svc_api"
type=EXECVE msg=audit(1778967470.752:68365): argc=8 a0="find" a1="/home/svc_api" a2="-name" a3="*.log" a4="-newer" a5="/etc/hostname" a6="-maxdepth" a7="2"
type=CWD msg=audit(1778967470.752:68365): cwd="/home/svc_api"
type=PATH msg=audit(1778967470.752:68365): item=0 name="/usr/bin/find" inode=1953 dev=08:01 mode=0104755 ouid=0 ogid=0 rdev=00:00 nametype=NORMAL cap_fp=0 cap_fi=0 cap_fe=0 cap_fver=0 cap_frootid=0OUID="root" OGID="root"
type=PATH msg=audit(1778967470.752:68365): item=1 name="/usr/bin/find" inode=1953 dev=08:01 mode=0104755 ouid=0 ogid=0 rdev=00:00 nametype=NORMAL cap_fp=0 cap_fi=0 cap_fe=0 cap_fver=0 cap_frootid=0OUID="root" OGID="root"
type=PATH msg=audit(1778967470.752:68365): item=2 name="/lib64/ld-linux-x86-64.so.2" inode=40 dev=08:01 mode=0100755 ouid=0 ogid=0 rdev=00:00 nametype=NORMAL cap_fp=0 cap_fi=0 cap_fe=0 cap_fver=0 cap_frootid=0OUID="root" OGID="root"
type=PROCTITLE msg=audit(1778967470.752:68365): proctitle=66696E64002F686F6D652F7376635F617069002D6E616D65002A2E6C6F67002D6E65776572002F6574632F686F73746E616D65002D6D617864657074680032
type=SYSCALL msg=audit(1778967470.752:68366): arch=c000003e syscall=257 success=yes exit=6 a0=5 a1=56493069f640 a2=b0900 a3=0 items=1 ppid=30257 pid=30268 auid=0 uid=1000 gid=1000 euid=0 suid=0 fsuid=0 egid=1000 sgid=1000 fsgid=1000 tty=(none) ses=1901 comm="find" exe="/usr/bin/find" subj=unconfined key="ssh_key_access"ARCH=x86_64 SYSCALL=openat AUID="root" UID="svc_api" GID="svc_api" EUID="root" SUID="root" FSUID="root" EGID="svc_api" SGID="svc_api" FSGID="svc_api"
type=CWD msg=audit(1778967470.752:68366): cwd="/home/svc_api"
type=PATH msg=audit(1778967470.752:68366): item=0 name=".ssh" inode=134022 dev=08:01 mode=040700 ouid=1000 ogid=1000 rdev=00:00 nametype=NORMAL cap_fp=0 cap_fi=0 cap_fe=0 cap_fver=0 cap_frootid=0OUID="svc_api" OGID="svc_api"
type=PROCTITLE msg=audit(1778967470.752:68366): proctitle=66696E64002F686F6D652F7376635F617069002D6E616D65002A2E6C6F67002D6E65776572002F6574632F686F73746E616D65002D6D617864657074680032
type=SYSCALL msg=audit(1778967531.448:68494): arch=c000003e syscall=257 success=yes exit=3 a0=ffffff9c a1=7f06291ddbe1 a2=80000 a3=0 items=1 ppid=30324 pid=30325 auid=0 uid=1000 gid=1000 euid=1000 suid=1000 fsuid=1000 egid=1000 sgid=1000 fsgid=1000 tty=(none) ses=1904 comm="bash" exe="/usr/bin/bash" subj=unconfined key="passwd_access"ARCH=x86_64 SYSCALL=openat AUID="root" UID="svc_api" GID="svc_api" EUID="svc_api" SUID="svc_api" FSUID="svc_api" EGID="svc_api" SGID="svc_api" FSGID="svc_api"
type=CWD msg=audit(1778967531.448:68494): cwd="/home/svc_api"
type=PATH msg=audit(1778967531.448:68494): item=0 name="/etc/passwd" inode=134082 dev=08:01 mode=0100644 ouid=0 ogid=0 rdev=00:00 nametype=NORMAL cap_fp=0 cap_fi=0 cap_fe=0 cap_fver=0 cap_frootid=0OUID="root" OGID="root"
type=PROCTITLE msg=audit(1778967531.448:68494): proctitle=2D62617368002D63000A2020202020202020636174202F6574632F736861646F7720323E2F6465762F6E756C6C207C2068656164202D33203E202F6465762F6E756C6C207C7C20747275650A20202020202020206C73202D6C61202F726F6F742F2E73736820323E2F6465762F6E756C6C203E202F6465762F6E756C6C207C7C
type=SYSCALL msg=audit(1778967531.452:68495): arch=c000003e syscall=257 success=no exit=-13 a0=ffffff9c a1=7ffec0cf5f1a a2=0 a3=0 items=1 ppid=30325 pid=30327 auid=0 uid=1000 gid=1000 euid=1000 suid=1000 fsuid=1000 egid=1000 sgid=1000 fsgid=1000 tty=(none) ses=1904 comm="cat" exe="/usr/bin/cat" subj=unconfined key="shadow_access"ARCH=x86_64 SYSCALL=openat AUID="root" UID="svc_api" GID="svc_api" EUID="svc_api" SUID="svc_api" FSUID="svc_api" EGID="svc_api" SGID="svc_api" FSGID="svc_api"
type=CWD msg=audit(1778967531.452:68495): cwd="/home/svc_api"
type=PATH msg=audit(1778967531.452:68495): item=0 name="/etc/shadow" inode=134065 dev=08:01 mode=0100640 ouid=0 ogid=42 rdev=00:00 nametype=NORMAL cap_fp=0 cap_fi=0 cap_fe=0 cap_fver=0 cap_frootid=0OUID="root" OGID="shadow"
type=PROCTITLE msg=audit(1778967531.452:68495): proctitle=636174002F6574632F736861646F77
type=SYSCALL msg=audit(1778967531.452:68496): arch=c000003e syscall=59 success=yes exit=0 a0=555bbfce74d0 a1=555bbfce6610 a2=555bbfce58c0 a3=0 items=3 ppid=30325 pid=30330 auid=0 uid=1000 gid=1000 euid=0 suid=0 fsuid=0 egid=1000 sgid=1000 fsgid=1000 tty=(none) ses=1904 comm="find" exe="/usr/bin/find" subj=unconfined key="suid_escalation"ARCH=x86_64 SYSCALL=execve AUID="root" UID="svc_api" GID="svc_api" EUID="root" SUID="root" FSUID="root" EGID="svc_api" SGID="svc_api" FSGID="svc_api"
type=EXECVE msg=audit(1778967531.452:68496): argc=4 a0="find" a1="/home" a2="-name" a3="id_rsa"
type=CWD msg=audit(1778967531.452:68496): cwd="/home/svc_api"
type=PATH msg=audit(1778967531.452:68496): item=0 name="/usr/bin/find" inode=1953 dev=08:01 mode=0104755 ouid=0 ogid=0 rdev=00:00 nametype=NORMAL cap_fp=0 cap_fi=0 cap_fe=0 cap_fver=0 cap_frootid=0OUID="root" OGID="root"
type=PATH msg=audit(1778967531.452:68496): item=1 name="/usr/bin/find" inode=1953 dev=08:01 mode=0104755 ouid=0 ogid=0 rdev=00:00 nametype=NORMAL cap_fp=0 cap_fi=0 cap_fe=0 cap_fver=0 cap_frootid=0OUID="root" OGID="root"
type=PATH msg=audit(1778967531.452:68496): item=2 name="/lib64/ld-linux-x86-64.so.2" inode=40 dev=08:01 mode=0100755 ouid=0 ogid=0 rdev=00:00 nametype=NORMAL cap_fp=0 cap_fi=0 cap_fe=0 cap_fver=0 cap_frootid=0OUID="root" OGID="root"
type=PROCTITLE msg=audit(1778967531.452:68496): proctitle=66696E64002F686F6D65002D6E616D650069645F727361
type=SYSCALL msg=audit(1778967531.456:68497): arch=c000003e syscall=257 success=yes exit=6 a0=7 a1=5610bd8833e0 a2=b0900 a3=0 items=1 ppid=30325 pid=30330 auid=0 uid=1000 gid=1000 euid=0 suid=0 fsuid=0 egid=1000 sgid=1000 fsgid=1000 tty=(none) ses=1904 comm="find" exe="/usr/bin/find" subj=unconfined key="ssh_key_access"ARCH=x86_64 SYSCALL=openat AUID="root" UID="svc_api" GID="svc_api" EUID="root" SUID="root" FSUID="root" EGID="svc_api" SGID="svc_api" FSGID="svc_api"
type=CWD msg=audit(1778967531.456:68497): cwd="/home/svc_api"
type=PATH msg=audit(1778967531.456:68497): item=0 name=".ssh" inode=134022 dev=08:01 mode=040700 ouid=1000 ogid=1000 rdev=00:00 nametype=NORMAL cap_fp=0 cap_fi=0 cap_fe=0 cap_fver=0 cap_frootid=0OUID="svc_api" OGID="svc_api"
type=PROCTITLE msg=audit(1778967531.456:68497): proctitle=66696E64002F686F6D65002D6E616D650069645F727361
type=SYSCALL msg=audit(1778967592.652:68696): arch=c000003e syscall=257 success=yes exit=3 a0=ffffff9c a1=7fdf310f2be1 a2=80000 a3=0 items=1 ppid=30404 pid=30405 auid=0 uid=1000 gid=1000 euid=1000 suid=1000 fsuid=1000 egid=1000 sgid=1000 fsgid=1000 tty=(none) ses=1911 comm="bash" exe="/usr/bin/bash" subj=unconfined key="passwd_access"ARCH=x86_64 SYSCALL=openat AUID="root" UID="svc_api" GID="svc_api" EUID="svc_api" SUID="svc_api" FSUID="svc_api" EGID="svc_api" SGID="svc_api" FSGID="svc_api"
type=CWD msg=audit(1778967592.652:68696): cwd="/home/svc_api"
type=PATH msg=audit(1778967592.652:68696): item=0 name="/etc/passwd" inode=134082 dev=08:01 mode=0100644 ouid=0 ogid=0 rdev=00:00 nametype=NORMAL cap_fp=0 cap_fi=0 cap_fe=0 cap_fver=0 cap_frootid=0OUID="root" OGID="root"
type=PROCTITLE msg=audit(1778967592.652:68696): proctitle=2D62617368002D63000A2020202020202020636174202F70726F632F6C6F6164617667203E202F6465762F6E756C6C0A2020202020202020707320617578202D2D6E6F2D68656164657273207C2067726570206E657861636F72702D617069203E202F6465762F6E756C6C20323E2631207C7C20747275650A20202020202020
type=SYSCALL msg=audit(1778967592.660:68697): arch=c000003e syscall=257 success=yes exit=4 a0=ffffff9c a1=7fbca072cbe1 a2=80000 a3=0 items=1 ppid=30405 pid=30408 auid=0 uid=1000 gid=1000 euid=1000 suid=1000 fsuid=1000 egid=1000 sgid=1000 fsgid=1000 tty=(none) ses=1911 comm="ps" exe="/usr/bin/ps" subj=unconfined key="passwd_access"ARCH=x86_64 SYSCALL=openat AUID="root" UID="svc_api" GID="svc_api" EUID="svc_api" SUID="svc_api" FSUID="svc_api" EGID="svc_api" SGID="svc_api" FSGID="svc_api"
type=CWD msg=audit(1778967592.660:68697): cwd="/home/svc_api"
type=PATH msg=audit(1778967592.660:68697): item=0 name="/etc/passwd" inode=134082 dev=08:01 mode=0100644 ouid=0 ogid=0 rdev=00:00 nametype=NORMAL cap_fp=0 cap_fi=0 cap_fe=0 cap_fver=0 cap_frootid=0OUID="root" OGID="root"
type=PROCTITLE msg=audit(1778967592.660:68697): proctitle=707300617578002D2D6E6F2D68656164657273
type=SYSCALL msg=audit(1778967592.660:68698): arch=c000003e syscall=257 success=yes exit=4 a0=ffffff9c a1=7fbca072cbe1 a2=80000 a3=0 items=1 ppid=30405 pid=30408 auid=0 uid=1000 gid=1000 euid=1000 suid=1000 fsuid=1000 egid=1000 sgid=1000 fsgid=1000 tty=(none) ses=1911 comm="ps" exe="/usr/bin/ps" subj=unconfined key="passwd_access"ARCH=x86_64 SYSCALL=openat AUID="root" UID="svc_api" GID="svc_api" EUID="svc_api" SUID="svc_api" FSUID="svc_api" EGID="svc_api" SGID="svc_api" FSGID="svc_api"
type=CWD msg=audit(1778967592.660:68698): cwd="/home/svc_api"
type=PATH msg=audit(1778967592.660:68698): item=0 name="/etc/passwd" inode=134082 dev=08:01 mode=0100644 ouid=0 ogid=0 rdev=00:00 nametype=NORMAL cap_fp=0 cap_fi=0 cap_fe=0 cap_fver=0 cap_frootid=0OUID="root" OGID="root"
type=PROCTITLE msg=audit(1778967592.660:68698): proctitle=707300617578002D2D6E6F2D68656164657273
type=SYSCALL msg=audit(1778967592.660:68699): arch=c000003e syscall=257 success=yes exit=4 a0=ffffff9c a1=7fbca072cbe1 a2=80000 a3=0 items=1 ppid=30405 pid=30408 auid=0 uid=1000 gid=1000 euid=1000 suid=1000 fsuid=1000 egid=1000 sgid=1000 fsgid=1000 tty=(none) ses=1911 comm="ps" exe="/usr/bin/ps" subj=unconfined key="passwd_access"ARCH=x86_64 SYSCALL=openat AUID="root" UID="svc_api" GID="svc_api" EUID="svc_api" SUID="svc_api" FSUID="svc_api" EGID="svc_api" SGID="svc_api" FSGID="svc_api"
type=CWD msg=audit(1778967592.660:68699): cwd="/home/svc_api"
type=PATH msg=audit(1778967592.660:68699): item=0 name="/etc/passwd" inode=134082 dev=08:01 mode=0100644 ouid=0 ogid=0 rdev=00:00 nametype=NORMAL cap_fp=0 cap_fi=0 cap_fe=0 cap_fver=0 cap_frootid=0OUID="root" OGID="root"
type=PROCTITLE msg=audit(1778967592.660:68699): proctitle=707300617578002D2D6E6F2D68656164657273
type=SYSCALL msg=audit(1778967592.660:68700): arch=c000003e syscall=257 success=yes exit=4 a0=ffffff9c a1=7fbca072cbe1 a2=80000 a3=0 items=1 ppid=30405 pid=30408 auid=0 uid=1000 gid=1000 euid=1000 suid=1000 fsuid=1000 egid=1000 sgid=1000 fsgid=1000 tty=(none) ses=1911 comm="ps" exe="/usr/bin/ps" subj=unconfined key="passwd_access"ARCH=x86_64 SYSCALL=openat AUID="root" UID="svc_api" GID="svc_api" EUID="svc_api" SUID="svc_api" FSUID="svc_api" EGID="svc_api" SGID="svc_api" FSGID="svc_api"
type=CWD msg=audit(1778967592.660:68700): cwd="/home/svc_api"
type=PATH msg=audit(1778967592.660:68700): item=0 name="/etc/passwd" inode=134082 dev=08:01 mode=0100644 ouid=0 ogid=0 rdev=00:00 nametype=NORMAL cap_fp=0 cap_fi=0 cap_fe=0 cap_fver=0 cap_frootid=0OUID="root" OGID="root"
type=PROCTITLE msg=audit(1778967592.660:68700): proctitle=707300617578002D2D6E6F2D68656164657273
type=SYSCALL msg=audit(1778967592.672:68701): arch=c000003e syscall=59 success=yes exit=0 a0=55561a022c70 a1=55561a021190 a2=55561a01e9b0 a3=fd454e2048e3c0ed items=3 ppid=30405 pid=30416 auid=0 uid=1000 gid=1000 euid=0 suid=0 fsuid=0 egid=1000 sgid=1000 fsgid=1000 tty=(none) ses=1911 comm="find" exe="/usr/bin/find" subj=unconfined key="suid_escalation"ARCH=x86_64 SYSCALL=execve AUID="root" UID="svc_api" GID="svc_api" EUID="root" SUID="root" FSUID="root" EGID="svc_api" SGID="svc_api" FSGID="svc_api"
type=EXECVE msg=audit(1778967592.672:68701): argc=8 a0="find" a1="/home/svc_api" a2="-name" a3="*.log" a4="-newer" a5="/etc/hostname" a6="-maxdepth" a7="2"
type=CWD msg=audit(1778967592.672:68701): cwd="/home/svc_api"
type=PATH msg=audit(1778967592.672:68701): item=0 name="/usr/bin/find" inode=1953 dev=08:01 mode=0104755 ouid=0 ogid=0 rdev=00:00 nametype=NORMAL cap_fp=0 cap_fi=0 cap_fe=0 cap_fver=0 cap_frootid=0OUID="root" OGID="root"
type=PATH msg=audit(1778967592.672:68701): item=1 name="/usr/bin/find" inode=1953 dev=08:01 mode=0104755 ouid=0 ogid=0 rdev=00:00 nametype=NORMAL cap_fp=0 cap_fi=0 cap_fe=0 cap_fver=0 cap_frootid=0OUID="root" OGID="root"
type=PATH msg=audit(1778967592.672:68701): item=2 name="/lib64/ld-linux-x86-64.so.2" inode=40 dev=08:01 mode=0100755 ouid=0 ogid=0 rdev=00:00 nametype=NORMAL cap_fp=0 cap_fi=0 cap_fe=0 cap_fver=0 cap_frootid=0OUID="root" OGID="root"
type=PROCTITLE msg=audit(1778967592.672:68701): proctitle=66696E64002F686F6D652F7376635F617069002D6E616D65002A2E6C6F67002D6E65776572002F6574632F686F73746E616D65002D6D617864657074680032
type=SYSCALL msg=audit(1778967592.672:68702): arch=c000003e syscall=257 success=yes exit=6 a0=5 a1=55a37a774640 a2=b0900 a3=0 items=1 ppid=30405 pid=30416 auid=0 uid=1000 gid=1000 euid=0 suid=0 fsuid=0 egid=1000 sgid=1000 fsgid=1000 tty=(none) ses=1911 comm="find" exe="/usr/bin/find" subj=unconfined key="ssh_key_access"ARCH=x86_64 SYSCALL=openat AUID="root" UID="svc_api" GID="svc_api" EUID="root" SUID="root" FSUID="root" EGID="svc_api" SGID="svc_api" FSGID="svc_api"
type=CWD msg=audit(1778967592.672:68702): cwd="/home/svc_api"
type=PATH msg=audit(1778967592.672:68702): item=0 name=".ssh" inode=134022 dev=08:01 mode=040700 ouid=1000 ogid=1000 rdev=00:00 nametype=NORMAL cap_fp=0 cap_fi=0 cap_fe=0 cap_fver=0 cap_frootid=0OUID="svc_api" OGID="svc_api"
type=PROCTITLE msg=audit(1778967592.672:68702): proctitle=66696E64002F686F6D652F7376635F617069002D6E616D65002A2E6C6F67002D6E65776572002F6574632F686F73746E616D65002D6D617864657074680032
type=SYSCALL msg=audit(1778967653.376:68844): arch=c000003e syscall=257 success=yes exit=3 a0=ffffff9c a1=7f456574abe1 a2=80000 a3=0 items=1 ppid=30475 pid=30476 auid=0 uid=1000 gid=1000 euid=1000 suid=1000 fsuid=1000 egid=1000 sgid=1000 fsgid=1000 tty=(none) ses=1915 comm="bash" exe="/usr/bin/bash" subj=unconfined key="passwd_access"ARCH=x86_64 SYSCALL=openat AUID="root" UID="svc_api" GID="svc_api" EUID="svc_api" SUID="svc_api" FSUID="svc_api" EGID="svc_api" SGID="svc_api" FSGID="svc_api"
type=CWD msg=audit(1778967653.376:68844): cwd="/home/svc_api"
type=PATH msg=audit(1778967653.376:68844): item=0 name="/etc/passwd" inode=134082 dev=08:01 mode=0100644 ouid=0 ogid=0 rdev=00:00 nametype=NORMAL cap_fp=0 cap_fi=0 cap_fe=0 cap_fver=0 cap_frootid=0OUID="root" OGID="root"
type=PROCTITLE msg=audit(1778967653.376:68844): proctitle=2D62617368002D63000A2020202020202020636174202F6574632F736861646F7720323E2F6465762F6E756C6C207C2068656164202D33203E202F6465762F6E756C6C207C7C20747275650A20202020202020206C73202D6C61202F726F6F742F2E73736820323E2F6465762F6E756C6C203E202F6465762F6E756C6C207C7C
type=SYSCALL msg=audit(1778967653.380:68845): arch=c000003e syscall=257 success=no exit=-13 a0=ffffff9c a1=7fff1709df1a a2=0 a3=0 items=1 ppid=30476 pid=30478 auid=0 uid=1000 gid=1000 euid=1000 suid=1000 fsuid=1000 egid=1000 sgid=1000 fsgid=1000 tty=(none) ses=1915 comm="cat" exe="/usr/bin/cat" subj=unconfined key="shadow_access"ARCH=x86_64 SYSCALL=openat AUID="root" UID="svc_api" GID="svc_api" EUID="svc_api" SUID="svc_api" FSUID="svc_api" EGID="svc_api" SGID="svc_api" FSGID="svc_api"
type=CWD msg=audit(1778967653.380:68845): cwd="/home/svc_api"
type=PATH msg=audit(1778967653.380:68845): item=0 name="/etc/shadow" inode=134065 dev=08:01 mode=0100640 ouid=0 ogid=42 rdev=00:00 nametype=NORMAL cap_fp=0 cap_fi=0 cap_fe=0 cap_fver=0 cap_frootid=0OUID="root" OGID="shadow"
type=PROCTITLE msg=audit(1778967653.380:68845): proctitle=636174002F6574632F736861646F77
type=SYSCALL msg=audit(1778967653.380:68846): arch=c000003e syscall=59 success=yes exit=0 a0=5580135bd4d0 a1=5580135bc610 a2=5580135bb8c0 a3=0 items=3 ppid=30476 pid=30481 auid=0 uid=1000 gid=1000 euid=0 suid=0 fsuid=0 egid=1000 sgid=1000 fsgid=1000 tty=(none) ses=1915 comm="find" exe="/usr/bin/find" subj=unconfined key="suid_escalation"ARCH=x86_64 SYSCALL=execve AUID="root" UID="svc_api" GID="svc_api" EUID="root" SUID="root" FSUID="root" EGID="svc_api" SGID="svc_api" FSGID="svc_api"
type=EXECVE msg=audit(1778967653.380:68846): argc=4 a0="find" a1="/home" a2="-name" a3="id_rsa"
type=CWD msg=audit(1778967653.380:68846): cwd="/home/svc_api"
type=PATH msg=audit(1778967653.380:68846): item=0 name="/usr/bin/find" inode=1953 dev=08:01 mode=0104755 ouid=0 ogid=0 rdev=00:00 nametype=NORMAL cap_fp=0 cap_fi=0 cap_fe=0 cap_fver=0 cap_frootid=0OUID="root" OGID="root"
type=PATH msg=audit(1778967653.380:68846): item=1 name="/usr/bin/find" inode=1953 dev=08:01 mode=0104755 ouid=0 ogid=0 rdev=00:00 nametype=NORMAL cap_fp=0 cap_fi=0 cap_fe=0 cap_fver=0 cap_frootid=0OUID="root" OGID="root"
type=PATH msg=audit(1778967653.380:68846): item=2 name="/lib64/ld-linux-x86-64.so.2" inode=40 dev=08:01 mode=0100755 ouid=0 ogid=0 rdev=00:00 nametype=NORMAL cap_fp=0 cap_fi=0 cap_fe=0 cap_fver=0 cap_frootid=0OUID="root" OGID="root"
type=PROCTITLE msg=audit(1778967653.380:68846): proctitle=66696E64002F686F6D65002D6E616D650069645F727361
type=SYSCALL msg=audit(1778967653.380:68847): arch=c000003e syscall=257 success=yes exit=6 a0=7 a1=557b499bf3e0 a2=b0900 a3=0 items=1 ppid=30476 pid=30481 auid=0 uid=1000 gid=1000 euid=0 suid=0 fsuid=0 egid=1000 sgid=1000 fsgid=1000 tty=(none) ses=1915 comm="find" exe="/usr/bin/find" subj=unconfined key="ssh_key_access"ARCH=x86_64 SYSCALL=openat AUID="root" UID="svc_api" GID="svc_api" EUID="root" SUID="root" FSUID="root" EGID="svc_api" SGID="svc_api" FSGID="svc_api"
type=CWD msg=audit(1778967653.380:68847): cwd="/home/svc_api"
type=PATH msg=audit(1778967653.380:68847): item=0 name=".ssh" inode=134022 dev=08:01 mode=040700 ouid=1000 ogid=1000 rdev=00:00 nametype=NORMAL cap_fp=0 cap_fi=0 cap_fe=0 cap_fver=0 cap_frootid=0OUID="svc_api" OGID="svc_api"
type=PROCTITLE msg=audit(1778967653.380:68847): proctitle=66696E64002F686F6D65002D6E616D650069645F727361
type=SYSCALL msg=audit(1778967714.608:69048): arch=c000003e syscall=257 success=yes exit=3 a0=ffffff9c a1=7f259de6abe1 a2=80000 a3=0 items=1 ppid=30556 pid=30557 auid=0 uid=1000 gid=1000 euid=1000 suid=1000 fsuid=1000 egid=1000 sgid=1000 fsgid=1000 tty=(none) ses=1922 comm="bash" exe="/usr/bin/bash" subj=unconfined key="passwd_access"ARCH=x86_64 SYSCALL=openat AUID="root" UID="svc_api" GID="svc_api" EUID="svc_api" SUID="svc_api" FSUID="svc_api" EGID="svc_api" SGID="svc_api" FSGID="svc_api"
type=CWD msg=audit(1778967714.608:69048): cwd="/home/svc_api"
type=PATH msg=audit(1778967714.608:69048): item=0 name="/etc/passwd" inode=134082 dev=08:01 mode=0100644 ouid=0 ogid=0 rdev=00:00 nametype=NORMAL cap_fp=0 cap_fi=0 cap_fe=0 cap_fver=0 cap_frootid=0OUID="root" OGID="root"
type=PROCTITLE msg=audit(1778967714.608:69048): proctitle=2D62617368002D63000A2020202020202020636174202F70726F632F6C6F6164617667203E202F6465762F6E756C6C0A2020202020202020707320617578202D2D6E6F2D68656164657273207C2067726570206E657861636F72702D617069203E202F6465762F6E756C6C20323E2631207C7C20747275650A20202020202020
type=SYSCALL msg=audit(1778967714.616:69049): arch=c000003e syscall=257 success=yes exit=4 a0=ffffff9c a1=7f4a4be7abe1 a2=80000 a3=0 items=1 ppid=30557 pid=30560 auid=0 uid=1000 gid=1000 euid=1000 suid=1000 fsuid=1000 egid=1000 sgid=1000 fsgid=1000 tty=(none) ses=1922 comm="ps" exe="/usr/bin/ps" subj=unconfined key="passwd_access"ARCH=x86_64 SYSCALL=openat AUID="root" UID="svc_api" GID="svc_api" EUID="svc_api" SUID="svc_api" FSUID="svc_api" EGID="svc_api" SGID="svc_api" FSGID="svc_api"
type=CWD msg=audit(1778967714.616:69049): cwd="/home/svc_api"
type=PATH msg=audit(1778967714.616:69049): item=0 name="/etc/passwd" inode=134082 dev=08:01 mode=0100644 ouid=0 ogid=0 rdev=00:00 nametype=NORMAL cap_fp=0 cap_fi=0 cap_fe=0 cap_fver=0 cap_frootid=0OUID="root" OGID="root"
type=PROCTITLE msg=audit(1778967714.616:69049): proctitle=707300617578002D2D6E6F2D68656164657273
type=SYSCALL msg=audit(1778967714.620:69050): arch=c000003e syscall=257 success=yes exit=4 a0=ffffff9c a1=7f4a4be7abe1 a2=80000 a3=0 items=1 ppid=30557 pid=30560 auid=0 uid=1000 gid=1000 euid=1000 suid=1000 fsuid=1000 egid=1000 sgid=1000 fsgid=1000 tty=(none) ses=1922 comm="ps" exe="/usr/bin/ps" subj=unconfined key="passwd_access"ARCH=x86_64 SYSCALL=openat AUID="root" UID="svc_api" GID="svc_api" EUID="svc_api" SUID="svc_api" FSUID="svc_api" EGID="svc_api" SGID="svc_api" FSGID="svc_api"
type=CWD msg=audit(1778967714.620:69050): cwd="/home/svc_api"
type=PATH msg=audit(1778967714.620:69050): item=0 name="/etc/passwd" inode=134082 dev=08:01 mode=0100644 ouid=0 ogid=0 rdev=00:00 nametype=NORMAL cap_fp=0 cap_fi=0 cap_fe=0 cap_fver=0 cap_frootid=0OUID="root" OGID="root"
type=PROCTITLE msg=audit(1778967714.620:69050): proctitle=707300617578002D2D6E6F2D68656164657273
type=SYSCALL msg=audit(1778967714.620:69051): arch=c000003e syscall=257 success=yes exit=4 a0=ffffff9c a1=7f4a4be7abe1 a2=80000 a3=0 items=1 ppid=30557 pid=30560 auid=0 uid=1000 gid=1000 euid=1000 suid=1000 fsuid=1000 egid=1000 sgid=1000 fsgid=1000 tty=(none) ses=1922 comm="ps" exe="/usr/bin/ps" subj=unconfined key="passwd_access"ARCH=x86_64 SYSCALL=openat AUID="root" UID="svc_api" GID="svc_api" EUID="svc_api" SUID="svc_api" FSUID="svc_api" EGID="svc_api" SGID="svc_api" FSGID="svc_api"
type=CWD msg=audit(1778967714.620:69051): cwd="/home/svc_api"
type=PATH msg=audit(1778967714.620:69051): item=0 name="/etc/passwd" inode=134082 dev=08:01 mode=0100644 ouid=0 ogid=0 rdev=00:00 nametype=NORMAL cap_fp=0 cap_fi=0 cap_fe=0 cap_fver=0 cap_frootid=0OUID="root" OGID="root"
type=PROCTITLE msg=audit(1778967714.620:69051): proctitle=707300617578002D2D6E6F2D68656164657273
type=SYSCALL msg=audit(1778967714.620:69052): arch=c000003e syscall=257 success=yes exit=4 a0=ffffff9c a1=7f4a4be7abe1 a2=80000 a3=0 items=1 ppid=30557 pid=30560 auid=0 uid=1000 gid=1000 euid=1000 suid=1000 fsuid=1000 egid=1000 sgid=1000 fsgid=1000 tty=(none) ses=1922 comm="ps" exe="/usr/bin/ps" subj=unconfined key="passwd_access"ARCH=x86_64 SYSCALL=openat AUID="root" UID="svc_api" GID="svc_api" EUID="svc_api" SUID="svc_api" FSUID="svc_api" EGID="svc_api" SGID="svc_api" FSGID="svc_api"
type=CWD msg=audit(1778967714.620:69052): cwd="/home/svc_api"
type=PATH msg=audit(1778967714.620:69052): item=0 name="/etc/passwd" inode=134082 dev=08:01 mode=0100644 ouid=0 ogid=0 rdev=00:00 nametype=NORMAL cap_fp=0 cap_fi=0 cap_fe=0 cap_fver=0 cap_frootid=0OUID="root" OGID="root"
type=PROCTITLE msg=audit(1778967714.620:69052): proctitle=707300617578002D2D6E6F2D68656164657273
type=SYSCALL msg=audit(1778967714.632:69053): arch=c000003e syscall=59 success=yes exit=0 a0=558f82183c70 a1=558f82182190 a2=558f8217f9b0 a3=69fecfd6064b53ad items=3 ppid=30557 pid=30568 auid=0 uid=1000 gid=1000 euid=0 suid=0 fsuid=0 egid=1000 sgid=1000 fsgid=1000 tty=(none) ses=1922 comm="find" exe="/usr/bin/find" subj=unconfined key="suid_escalation"ARCH=x86_64 SYSCALL=execve AUID="root" UID="svc_api" GID="svc_api" EUID="root" SUID="root" FSUID="root" EGID="svc_api" SGID="svc_api" FSGID="svc_api"
type=EXECVE msg=audit(1778967714.632:69053): argc=8 a0="find" a1="/home/svc_api" a2="-name" a3="*.log" a4="-newer" a5="/etc/hostname" a6="-maxdepth" a7="2"
type=CWD msg=audit(1778967714.632:69053): cwd="/home/svc_api"
type=PATH msg=audit(1778967714.632:69053): item=0 name="/usr/bin/find" inode=1953 dev=08:01 mode=0104755 ouid=0 ogid=0 rdev=00:00 nametype=NORMAL cap_fp=0 cap_fi=0 cap_fe=0 cap_fver=0 cap_frootid=0OUID="root" OGID="root"
type=PATH msg=audit(1778967714.632:69053): item=1 name="/usr/bin/find" inode=1953 dev=08:01 mode=0104755 ouid=0 ogid=0 rdev=00:00 nametype=NORMAL cap_fp=0 cap_fi=0 cap_fe=0 cap_fver=0 cap_frootid=0OUID="root" OGID="root"
type=PATH msg=audit(1778967714.632:69053): item=2 name="/lib64/ld-linux-x86-64.so.2" inode=40 dev=08:01 mode=0100755 ouid=0 ogid=0 rdev=00:00 nametype=NORMAL cap_fp=0 cap_fi=0 cap_fe=0 cap_fver=0 cap_frootid=0OUID="root" OGID="root"
type=PROCTITLE msg=audit(1778967714.632:69053): proctitle=66696E64002F686F6D652F7376635F617069002D6E616D65002A2E6C6F67002D6E65776572002F6574632F686F73746E616D65002D6D617864657074680032
type=SYSCALL msg=audit(1778967714.636:69054): arch=c000003e syscall=257 success=yes exit=6 a0=5 a1=555d605b7640 a2=b0900 a3=0 items=1 ppid=30557 pid=30568 auid=0 uid=1000 gid=1000 euid=0 suid=0 fsuid=0 egid=1000 sgid=1000 fsgid=1000 tty=(none) ses=1922 comm="find" exe="/usr/bin/find" subj=unconfined key="ssh_key_access"ARCH=x86_64 SYSCALL=openat AUID="root" UID="svc_api" GID="svc_api" EUID="root" SUID="root" FSUID="root" EGID="svc_api" SGID="svc_api" FSGID="svc_api"
type=CWD msg=audit(1778967714.636:69054): cwd="/home/svc_api"
type=PATH msg=audit(1778967714.636:69054): item=0 name=".ssh" inode=134022 dev=08:01 mode=040700 ouid=1000 ogid=1000 rdev=00:00 nametype=NORMAL cap_fp=0 cap_fi=0 cap_fe=0 cap_fver=0 cap_frootid=0OUID="svc_api" OGID="svc_api"
type=PROCTITLE msg=audit(1778967714.636:69054): proctitle=66696E64002F686F6D652F7376635F617069002D6E616D65002A2E6C6F67002D6E65776572002F6574632F686F73746E616D65002D6D617864657074680032
